2026-01-04 12:52:33,118 - __main__ - INFO - 3D-Scanner wird gestartet...
2026-01-04 12:52:34,846 - __main__ - INFO - Verfügbare Kameras gefunden: [0]
2026-01-04 12:52:37,200 - __main__ - INFO - go_next: Aktuelle Seite 0, scan_start=False
2026-01-04 12:52:37,201 - __main__ - INFO - Starte Bildaufnahme von allen Kameras
2026-01-04 12:52:38,620 - __main__ - INFO - Bild erfolgreich von Kamera 0 aufgenommen
2026-01-04 12:52:39,821 - __main__ - INFO - Bild erfolgreich von Kamera 0 aufgenommen
2026-01-04 12:52:40,986 - __main__ - INFO - Bild erfolgreich von Kamera 0 aufgenommen
2026-01-04 12:52:42,125 - __main__ - INFO - Bild erfolgreich von Kamera 0 aufgenommen
2026-01-04 12:52:44,111 - __main__ - INFO - go_next: Aktuelle Seite 1, scan_start=True
2026-01-04 12:52:44,150 - __main__ - ERROR - Gewichtsmodul nicht verfügbar: No module named 'board'
2026-01-04 12:52:44,151 - __main__ - INFO - Ergebnis von weight erhalten: Typ=<class 'str'>
2026-01-04 12:52:44,151 - __main__ - INFO - Gewicht: Undefiniert
2026-01-04 12:52:44,151 - __main__ - INFO - Barcodes vorhanden - aktualisiere GUI
2026-01-04 12:52:48,419 - __main__ - INFO - Sprache geändert zu: it
2026-01-04 12:52:48,626 - workers.BarCode_v02 - ERROR - Fehler beim Laden des YOLO-Modells: [Errno 2] No such file or directory: 'YOLOV8s_Barcode_Detection.pt'
2026-01-04 12:52:48,626 - __main__ - INFO - Analysiere Bild 0 (iso_Bild) auf Barcodes...
2026-01-04 12:52:48,626 - workers.BarCode_v02 - ERROR - YOLO-Modell nicht verfügbar
2026-01-04 12:52:48,626 - __main__ - INFO - Bild 0: Keine Barcodes erkannt
2026-01-04 12:52:48,626 - __main__ - INFO - Analysiere Bild 1 (top_Bild) auf Barcodes...
2026-01-04 12:52:48,626 - workers.BarCode_v02 - ERROR - YOLO-Modell nicht verfügbar
2026-01-04 12:52:48,627 - __main__ - INFO - Bild 1: Keine Barcodes erkannt
2026-01-04 12:52:48,627 - __main__ - INFO - Analysiere Bild 2 (right_Bild) auf Barcodes...
2026-01-04 12:52:48,627 - workers.BarCode_v02 - ERROR - YOLO-Modell nicht verfügbar
2026-01-04 12:52:48,627 - __main__ - INFO - Bild 2: Keine Barcodes erkannt
2026-01-04 12:52:48,627 - __main__ - INFO - Analysiere Bild 3 (behind_Bild) auf Barcodes...
2026-01-04 12:52:48,627 - workers.BarCode_v02 - ERROR - YOLO-Modell nicht verfügbar
2026-01-04 12:52:48,627 - __main__ - INFO - Bild 3: Keine Barcodes erkannt
2026-01-04 12:52:48,627 - __main__ - INFO - Insgesamt 0 Barcodes in 4 Bildern erkannt
2026-01-04 12:52:49,790 - __main__ - INFO - go_next: Aktuelle Seite 1, scan_start=True
2026-01-04 12:52:49,803 - __main__ - ERROR - Gewichtsmodul nicht verfügbar: No module named 'board'
2026-01-04 12:52:49,807 - __main__ - INFO - Ergebnis von weight erhalten: Typ=<class 'str'>
2026-01-04 12:52:49,807 - __main__ - INFO - Gewicht: Undefiniert
2026-01-04 12:52:49,807 - __main__ - INFO - Barcodes vorhanden - aktualisiere GUI
2026-01-04 12:52:50,190 - workers.BarCode_v02 - ERROR - Fehler beim Laden des YOLO-Modells: [Errno 2] No such file or directory: 'YOLOV8s_Barcode_Detection.pt'
2026-01-04 12:52:50,190 - __main__ - INFO - Analysiere Bild 0 (iso_Bild) auf Barcodes...
2026-01-04 12:52:50,190 - workers.BarCode_v02 - ERROR - YOLO-Modell nicht verfügbar
2026-01-04 12:52:50,190 - __main__ - INFO - Bild 0: Keine Barcodes erkannt
2026-01-04 12:52:50,192 - __main__ - INFO - Analysiere Bild 1 (top_Bild) auf Barcodes...
2026-01-04 12:52:50,192 - workers.BarCode_v02 - ERROR - YOLO-Modell nicht verfügbar
2026-01-04 12:52:50,192 - __main__ - INFO - Bild 1: Keine Barcodes erkannt
2026-01-04 12:52:50,192 - __main__ - INFO - Analysiere Bild 2 (right_Bild) auf Barcodes...
2026-01-04 12:52:50,192 - workers.BarCode_v02 - ERROR - YOLO-Modell nicht verfügbar
2026-01-04 12:52:50,192 - __main__ - INFO - Bild 2: Keine Barcodes erkannt
2026-01-04 12:52:50,193 - __main__ - INFO - Analysiere Bild 3 (behind_Bild) auf Barcodes...
2026-01-04 12:52:50,193 - workers.BarCode_v02 - ERROR - YOLO-Modell nicht verfügbar
2026-01-04 12:52:50,193 - __main__ - INFO - Bild 3: Keine Barcodes erkannt
2026-01-04 12:52:50,193 - __main__ - INFO - Insgesamt 0 Barcodes in 4 Bildern erkannt
2026-01-04 12:53:20,201 - __main__ - INFO - BoundingBox_Yolo03 erfolgreich importiert
2026-01-04 12:53:20,201 - __main__ - INFO - BoundingBox_Yolo03 erfolgreich importiert
2026-01-04 12:53:20,201 - __main__ - INFO - Verarbeite Bild 0 für YOLO-Erkennung
2026-01-04 12:53:20,201 - __main__ - INFO - Verarbeite Bild 0 für YOLO-Erkennung
2026-01-04 12:53:20,250 - __main__ - ERROR - Fehler bei YOLO-Erkennung Bild 0: bn
Traceback (most recent call last):
  File "c:\Users\grane\Felix_Schule\Diplomarbeit\3D_Scanner\Python_Files\_Prototyp_exe\Interface_v08.py", line 337, in run_yolo_detection
    boxes_info = yolo_module.get_boxes_and_dimensions(frame_rgb)
  File "c:\Users\grane\Felix_Schule\Diplomarbeit\3D_Scanner\Python_Files\_Prototyp_exe\workers\BoundingBox_Yolo03.py", line 17, in get_boxes_and_dimensions
    results = model.predict(frame, imgsz=imgsz)[0]
  File "C:\Users\grane\AppData\Local\Programs\Python\Python310\lib\site-packages\ultralytics\engine\model.py", line 550, in predict
    self.predictor.setup_model(model=self.model, verbose=is_cli)
  File "C:\Users\grane\AppData\Local\Programs\Python\Python310\lib\site-packages\ultralytics\engine\predictor.py", line 397, in setup_model
    self.model = AutoBackend(
  File "C:\Users\grane\AppData\Local\Programs\Python\Python310\lib\site-packages\torch\utils\_contextlib.py", line 120, in decorate_context
    return func(*args, **kwargs)
  File "C:\Users\grane\AppData\Local\Programs\Python\Python310\lib\site-packages\ultralytics\nn\autobackend.py", line 203, in __init__
    model = model.fuse(verbose=verbose)
  File "C:\Users\grane\AppData\Local\Programs\Python\Python310\lib\site-packages\ultralytics\nn\tasks.py", line 238, in fuse
    delattr(m, "bn")  # remove batchnorm
  File "C:\Users\grane\AppData\Local\Programs\Python\Python310\lib\site-packages\torch\nn\modules\module.py", line 2077, in __delattr__
    super().__delattr__(name)
AttributeError: bn
2026-01-04 12:53:20,416 - __main__ - INFO - Verarbeite Bild 1 für YOLO-Erkennung
2026-01-04 12:53:24,307 - __main__ - INFO - Bild 0: YOLO erkannt - 339 x 310
2026-01-04 12:53:24,318 - __main__ - INFO - Verarbeite Bild 1 für YOLO-Erkennung
2026-01-04 12:53:26,318 - __main__ - INFO - Bild 1: YOLO erkannt - 405 x 325
2026-01-04 12:53:26,319 - __main__ - INFO - Verarbeite Bild 2 für YOLO-Erkennung
2026-01-04 12:53:28,205 - __main__ - INFO - Bild 1: YOLO erkannt - 405 x 325
2026-01-04 12:53:28,207 - __main__ - INFO - Verarbeite Bild 2 für YOLO-Erkennung
2026-01-04 12:53:30,029 - __main__ - INFO - Bild 2: YOLO erkannt - 340 x 346
2026-01-04 12:53:30,030 - __main__ - INFO - Verarbeite Bild 3 für YOLO-Erkennung
2026-01-04 12:53:31,865 - __main__ - INFO - Bild 2: YOLO erkannt - 340 x 346
2026-01-04 12:53:31,866 - __main__ - INFO - Verarbeite Bild 3 für YOLO-Erkennung
2026-01-04 12:53:33,740 - __main__ - INFO - Bild 3: YOLO erkannt - 321 x 296
2026-01-04 12:53:33,741 - __main__ - INFO - YOLO-Erkennung abgeschlossen. Dimensionen: ['0 x 0', '405 x 325', '340 x 346', '321 x 296']
2026-01-04 12:53:33,742 - __main__ - INFO - Ergebnis von Abmessung erhalten: Typ=<class 'list'>
2026-01-04 12:53:33,742 - __main__ - INFO - Abmessungen erhalten: ['0 x 0', '405 x 325', '340 x 346', '321 x 296']
2026-01-04 12:53:33,743 - __main__ - INFO - Gesamt-Abmessung berechnet: 405 x 405 x 325
2026-01-04 12:53:33,743 - __main__ - INFO - Barcodes vorhanden - aktualisiere GUI
2026-01-04 12:53:33,909 - __main__ - INFO - Ergebnis von yolo_frames erhalten: Typ=<class 'list'>
2026-01-04 12:53:33,911 - __main__ - INFO - Erhalte 4 annotierte Frames
2026-01-04 12:53:33,912 - __main__ - INFO - YOLO-Frames vorhanden - aktualisiere Bilder in GUI
2026-01-04 12:53:34,072 - __main__ - INFO - Alle Tasks fertig
2026-01-04 12:53:35,751 - __main__ - INFO - Bild 3: YOLO erkannt - 321 x 296
2026-01-04 12:53:35,752 - __main__ - INFO - YOLO-Erkennung abgeschlossen. Dimensionen: ['339 x 310', '405 x 325', '340 x 346', '321 x 296']
2026-01-04 12:53:42,800 - __main__ - INFO - go_next: Aktuelle Seite 2, scan_start=False
2026-01-04 12:53:48,135 - __main__ - INFO - Daten gespeichert: 0 EANs, 0 Artikelnummern
2026-01-04 13:01:39,476 - __main__ - INFO - 3D-Scanner wird gestartet...
2026-01-04 13:01:40,676 - __main__ - INFO - Verfügbare Kameras gefunden: [0]
2026-01-04 13:01:41,817 - __main__ - INFO - go_next: Aktuelle Seite 0, scan_start=False
2026-01-04 13:01:41,817 - __main__ - INFO - Starte Bildaufnahme von allen Kameras
2026-01-04 13:01:43,022 - __main__ - INFO - Bild erfolgreich von Kamera 0 aufgenommen
2026-01-04 13:01:44,173 - __main__ - INFO - Bild erfolgreich von Kamera 0 aufgenommen
2026-01-04 13:01:45,313 - __main__ - INFO - Bild erfolgreich von Kamera 0 aufgenommen
2026-01-04 13:01:46,526 - __main__ - INFO - Bild erfolgreich von Kamera 0 aufgenommen
2026-01-04 13:01:47,632 - __main__ - INFO - go_next: Aktuelle Seite 1, scan_start=True
2026-01-04 13:01:47,650 - __main__ - ERROR - Gewichtsmodul nicht verfügbar: No module named 'board'
2026-01-04 13:01:47,651 - __main__ - INFO - Ergebnis von weight erhalten: Typ=<class 'str'>
2026-01-04 13:01:47,651 - __main__ - INFO - Gewicht: Undefiniert
2026-01-04 13:01:47,652 - __main__ - INFO - Barcodes vorhanden - aktualisiere GUI
2026-01-04 13:01:49,621 - __main__ - INFO - BoundingBox_Yolo03 erfolgreich importiert
2026-01-04 13:01:49,623 - __main__ - INFO - Verarbeite Bild 0 für YOLO-Erkennung
2026-01-04 13:01:50,069 - workers.BarCode_v02 - ERROR - Fehler beim Laden des YOLO-Modells: [Errno 2] No such file or directory: 'YOLOV8s_Barcode_Detection.pt'
2026-01-04 13:01:50,070 - __main__ - INFO - Analysiere Bild 0 (iso_Bild) auf Barcodes...
2026-01-04 13:01:50,071 - workers.BarCode_v02 - ERROR - YOLO-Modell nicht verfügbar
2026-01-04 13:01:50,071 - __main__ - INFO - Bild 0: Keine Barcodes erkannt
2026-01-04 13:01:50,071 - __main__ - INFO - Analysiere Bild 1 (top_Bild) auf Barcodes...
2026-01-04 13:01:50,071 - workers.BarCode_v02 - ERROR - YOLO-Modell nicht verfügbar
2026-01-04 13:01:50,072 - __main__ - INFO - Bild 1: Keine Barcodes erkannt
2026-01-04 13:01:50,072 - __main__ - INFO - Analysiere Bild 2 (right_Bild) auf Barcodes...
2026-01-04 13:01:50,072 - workers.BarCode_v02 - ERROR - YOLO-Modell nicht verfügbar
2026-01-04 13:01:50,072 - __main__ - INFO - Bild 2: Keine Barcodes erkannt
2026-01-04 13:01:50,073 - __main__ - INFO - Analysiere Bild 3 (behind_Bild) auf Barcodes...
2026-01-04 13:01:50,073 - workers.BarCode_v02 - ERROR - YOLO-Modell nicht verfügbar
2026-01-04 13:01:50,073 - __main__ - INFO - Bild 3: Keine Barcodes erkannt
2026-01-04 13:01:50,073 - __main__ - INFO - Insgesamt 0 Barcodes in 4 Bildern erkannt
2026-01-04 13:01:51,696 - __main__ - INFO - Bild 0: YOLO erkannt - 342 x 239
2026-01-04 13:01:51,697 - __main__ - INFO - Verarbeite Bild 1 für YOLO-Erkennung
2026-01-04 13:01:53,540 - __main__ - INFO - Bild 1: YOLO erkannt - 399 x 317
2026-01-04 13:01:53,541 - __main__ - INFO - Verarbeite Bild 2 für YOLO-Erkennung
2026-01-04 13:01:55,405 - __main__ - INFO - Bild 2: YOLO erkannt - 399 x 317
2026-01-04 13:01:55,406 - __main__ - INFO - Verarbeite Bild 3 für YOLO-Erkennung
2026-01-04 13:01:57,264 - __main__ - INFO - Bild 3: YOLO erkannt - 400 x 317
2026-01-04 13:01:57,264 - __main__ - INFO - YOLO-Erkennung abgeschlossen. Dimensionen: ['342 x 239', '399 x 317', '399 x 317', '400 x 317']
2026-01-04 13:01:57,266 - __main__ - INFO - Ergebnis von Abmessung erhalten: Typ=<class 'list'>
2026-01-04 13:01:57,266 - __main__ - INFO - Abmessungen erhalten: ['342 x 239', '399 x 317', '399 x 317', '400 x 317']
2026-01-04 13:01:57,266 - __main__ - INFO - Gesamt-Abmessung berechnet: 342 x 342 x 239
2026-01-04 13:01:57,266 - __main__ - INFO - Barcodes vorhanden - aktualisiere GUI
2026-01-04 13:01:57,326 - __main__ - INFO - Ergebnis von yolo_frames erhalten: Typ=<class 'list'>
2026-01-04 13:01:57,326 - __main__ - INFO - Erhalte 4 annotierte Frames
2026-01-04 13:01:57,327 - __main__ - INFO - YOLO-Frames vorhanden - aktualisiere Bilder in GUI
2026-01-04 13:01:57,384 - __main__ - INFO - Alle Tasks fertig
2026-01-04 13:01:59,761 - __main__ - INFO - go_next: Aktuelle Seite 2, scan_start=False
2026-01-04 14:19:54,826 - __main__ - INFO - 3D-Scanner wird gestartet...
2026-01-04 14:19:56,407 - __main__ - INFO - Verfügbare Kameras gefunden: [0]
2026-01-04 14:19:59,492 - __main__ - INFO - go_next: Aktuelle Seite 0, scan_start=False
2026-01-04 14:19:59,493 - __main__ - INFO - Starte Bildaufnahme von allen Kameras
2026-01-04 14:20:00,765 - __main__ - INFO - Bild erfolgreich von Kamera 0 aufgenommen
2026-01-04 14:20:01,960 - __main__ - INFO - Bild erfolgreich von Kamera 0 aufgenommen
2026-01-04 14:20:03,181 - __main__ - INFO - Bild erfolgreich von Kamera 0 aufgenommen
2026-01-04 14:20:04,337 - __main__ - INFO - Bild erfolgreich von Kamera 0 aufgenommen
2026-01-04 14:20:06,844 - __main__ - INFO - go_next: Aktuelle Seite 1, scan_start=True
2026-01-04 14:20:06,875 - __main__ - ERROR - Gewichtsmodul nicht verfügbar: No module named 'board'
2026-01-04 14:20:06,875 - __main__ - INFO - Ergebnis von weight erhalten: Typ=<class 'str'>
2026-01-04 14:20:06,875 - __main__ - INFO - Gewicht: Undefiniert
2026-01-04 14:20:06,876 - __main__ - INFO - Barcodes vorhanden - aktualisiere GUI
2026-01-04 14:20:10,116 - __main__ - INFO - BoundingBox_Yolo03 erfolgreich importiert
2026-01-04 14:20:10,117 - __main__ - INFO - Verarbeite Bild 0 für YOLO-Erkennung
2026-01-04 14:20:10,817 - workers.BarCode_v02 - ERROR - Fehler beim Laden des YOLO-Modells: [Errno 2] No such file or directory: 'YOLOV8s_Barcode_Detection.pt'
2026-01-04 14:20:10,818 - __main__ - INFO - Analysiere Bild 0 (iso_Bild) auf Barcodes...
2026-01-04 14:20:10,818 - workers.BarCode_v02 - ERROR - YOLO-Modell nicht verfügbar
2026-01-04 14:20:10,818 - __main__ - INFO - Bild 0: Keine Barcodes erkannt
2026-01-04 14:20:10,818 - __main__ - INFO - Analysiere Bild 1 (top_Bild) auf Barcodes...
2026-01-04 14:20:10,818 - workers.BarCode_v02 - ERROR - YOLO-Modell nicht verfügbar
2026-01-04 14:20:10,818 - __main__ - INFO - Bild 1: Keine Barcodes erkannt
2026-01-04 14:20:10,818 - __main__ - INFO - Analysiere Bild 2 (right_Bild) auf Barcodes...
2026-01-04 14:20:10,818 - workers.BarCode_v02 - ERROR - YOLO-Modell nicht verfügbar
2026-01-04 14:20:10,819 - __main__ - INFO - Bild 2: Keine Barcodes erkannt
2026-01-04 14:20:10,819 - __main__ - INFO - Analysiere Bild 3 (behind_Bild) auf Barcodes...
2026-01-04 14:20:10,819 - workers.BarCode_v02 - ERROR - YOLO-Modell nicht verfügbar
2026-01-04 14:20:10,819 - __main__ - INFO - Bild 3: Keine Barcodes erkannt
2026-01-04 14:20:10,819 - __main__ - INFO - Insgesamt 0 Barcodes in 4 Bildern erkannt
2026-01-04 14:20:12,214 - __main__ - INFO - Bild 0: YOLO erkannt - 314 x 249
2026-01-04 14:20:12,216 - __main__ - INFO - Verarbeite Bild 1 für YOLO-Erkennung
2026-01-04 14:20:14,101 - __main__ - INFO - Bild 1: YOLO erkannt - 320 x 249
2026-01-04 14:20:14,102 - __main__ - INFO - Verarbeite Bild 2 für YOLO-Erkennung
2026-01-04 14:20:15,949 - __main__ - INFO - Bild 2: YOLO erkannt - 128 x 240
2026-01-04 14:20:15,950 - __main__ - INFO - Verarbeite Bild 3 für YOLO-Erkennung
2026-01-04 14:20:17,790 - __main__ - INFO - Bild 3: YOLO erkannt - 69 x 159
2026-01-04 14:20:17,790 - __main__ - INFO - YOLO-Erkennung abgeschlossen. Dimensionen: ['314 x 249', '320 x 249', '128 x 240', '69 x 159']
2026-01-04 14:20:17,791 - __main__ - INFO - Ergebnis von Abmessung erhalten: Typ=<class 'list'>
2026-01-04 14:20:17,791 - __main__ - INFO - Abmessungen erhalten: ['314 x 249', '320 x 249', '128 x 240', '69 x 159']
2026-01-04 14:20:17,791 - __main__ - INFO - Gesamt-Abmessung berechnet: 314 x 314 x 249
2026-01-04 14:20:17,792 - __main__ - INFO - Barcodes vorhanden - aktualisiere GUI
2026-01-04 14:20:17,864 - __main__ - INFO - Ergebnis von yolo_frames erhalten: Typ=<class 'list'>
2026-01-04 14:20:17,864 - __main__ - INFO - Erhalte 4 annotierte Frames
2026-01-04 14:20:17,864 - __main__ - INFO - YOLO-Frames vorhanden - aktualisiere Bilder in GUI
2026-01-04 14:20:17,936 - __main__ - INFO - Alle Tasks fertig
2026-01-04 14:20:21,386 - __main__ - INFO - go_next: Aktuelle Seite 2, scan_start=False
2026-01-04 14:23:22,256 - __main__ - INFO - 3D-Scanner wird gestartet...
2026-01-04 14:23:23,523 - __main__ - INFO - Verfügbare Kameras gefunden: [0]
2026-01-04 14:23:24,751 - __main__ - INFO - go_next: Aktuelle Seite 0, scan_start=False
2026-01-04 14:23:24,751 - __main__ - INFO - Starte Bildaufnahme von allen Kameras
2026-01-04 14:23:25,988 - __main__ - INFO - Bild erfolgreich von Kamera 0 aufgenommen
2026-01-04 14:23:27,143 - __main__ - INFO - Bild erfolgreich von Kamera 0 aufgenommen
2026-01-04 14:23:28,392 - __main__ - INFO - Bild erfolgreich von Kamera 0 aufgenommen
2026-01-04 14:23:29,608 - __main__ - INFO - Bild erfolgreich von Kamera 0 aufgenommen
2026-01-04 14:23:33,333 - __main__ - INFO - go_next: Aktuelle Seite 1, scan_start=True
2026-01-04 14:23:33,350 - __main__ - ERROR - Gewichtsmodul nicht verfügbar: No module named 'board'
2026-01-04 14:23:33,350 - __main__ - INFO - Ergebnis von weight erhalten: Typ=<class 'str'>
2026-01-04 14:23:33,350 - __main__ - INFO - Gewicht: Undefiniert
2026-01-04 14:23:33,351 - __main__ - INFO - Barcodes vorhanden - aktualisiere GUI
2026-01-04 14:23:35,141 - __main__ - INFO - BoundingBox_Yolo03 erfolgreich importiert
2026-01-04 14:23:35,142 - __main__ - INFO - Verarbeite Bild 0 für YOLO-Erkennung
2026-01-04 14:23:35,188 - workers.BarCode_v02 - INFO - YOLO-Modell geladen von models/YOLOV8s_Barcode_Detection.pt
2026-01-04 14:23:35,188 - __main__ - INFO - Analysiere Bild 0 (iso_Bild) auf Barcodes...
2026-01-04 14:23:37,457 - __main__ - INFO - Bild 0: YOLO erkannt - 289 x 272
2026-01-04 14:23:37,458 - __main__ - INFO - Verarbeite Bild 1 für YOLO-Erkennung
2026-01-04 14:23:38,026 - workers.BarCode_v02 - INFO - Bild 0: 0 Barcode(s) erkannt
2026-01-04 14:23:38,027 - __main__ - INFO - Bild 0: Keine Barcodes erkannt
2026-01-04 14:23:38,028 - __main__ - INFO - Analysiere Bild 1 (top_Bild) auf Barcodes...
2026-01-04 14:23:39,391 - __main__ - INFO - Bild 1: YOLO erkannt - 67 x 148
2026-01-04 14:23:39,392 - __main__ - INFO - Verarbeite Bild 2 für YOLO-Erkennung
2026-01-04 14:23:41,252 - __main__ - INFO - Bild 2: YOLO erkannt - 67 x 148
2026-01-04 14:23:41,253 - __main__ - INFO - Verarbeite Bild 3 für YOLO-Erkennung
2026-01-04 14:23:41,631 - workers.BarCode_v02 - INFO - Bild 1: 0 Barcode(s) erkannt
2026-01-04 14:23:41,631 - __main__ - INFO - Bild 1: Keine Barcodes erkannt
2026-01-04 14:23:41,632 - __main__ - INFO - Analysiere Bild 2 (right_Bild) auf Barcodes...
2026-01-04 14:23:41,861 - workers.BarCode_v02 - INFO - Barcode erkannt in Bild 2: 0123456789012 (Typ: EAN13)
2026-01-04 14:23:41,861 - workers.BarCode_v02 - INFO - Bild 2: 1 Barcode(s) erkannt
2026-01-04 14:23:41,861 - __main__ - INFO - Bild 2: 1 Barcode(s) erkannt
2026-01-04 14:23:41,862 - __main__ - INFO - Analysiere Bild 3 (behind_Bild) auf Barcodes...
2026-01-04 14:23:42,171 - workers.BarCode_v02 - INFO - Barcode erkannt in Bild 3: 0123456789012 (Typ: EAN13)
2026-01-04 14:23:42,184 - workers.BarCode_v02 - INFO - Barcode erkannt in Bild 3: 9312345678907 (Typ: EAN13)
2026-01-04 14:23:42,186 - workers.BarCode_v02 - INFO - Bild 3: 2 Barcode(s) erkannt
2026-01-04 14:23:42,186 - __main__ - INFO - Bild 3: 2 Barcode(s) erkannt
2026-01-04 14:23:42,187 - __main__ - INFO - Insgesamt 3 Barcodes in 4 Bildern erkannt
2026-01-04 14:23:42,189 - __main__ - INFO - Ergebnis von barcode erhalten: Typ=<class 'dict'>
2026-01-04 14:23:42,193 - __main__ - INFO - Barcode-Daten empfangen: {'found': True, 'value': '0123456789012', 'type': 'EAN13', 'image_index': 2, 'cropped_image': array([[[192, 205, 219],
        [193, 206, 220],
        [195, 208, 222],
        ...,
        [185, 200, 206],
        [185, 200, 206],
        [184, 199, 205]],

       [[192, 205, 219],
        [193, 206, 220],
        [193, 206, 220],
        ...,
        [184, 201, 206],
        [185, 202, 207],
        [184, 201, 206]],

       [[192, 205, 219],
        [192, 205, 219],
        [193, 206, 220],
        ...,
        [184, 201, 206],
        [184, 201, 206],
        [184, 201, 206]],

       ...,

       [[146, 146, 157],
        [154, 158, 170],
        [165, 169, 181],
        ...,
        [172, 190, 202],
        [172, 190, 202],
        [176, 190, 199]],

       [[120, 115, 125],
        [123, 122, 129],
        [137, 136, 143],
        ...,
        [175, 190, 203],
        [175, 190, 203],
        [178, 189, 199]],

       [[112, 107, 117],
        [102, 101, 108],
        [108, 107, 114],
        ...,
        [175, 190, 203],
        [175, 190, 203],
        [178, 189, 199]]], dtype=uint8)}
2026-01-04 14:23:42,195 - __main__ - INFO - Barcode gespeichert: 0123456789012
2026-01-04 14:23:42,197 - __main__ - INFO - Barcodes vorhanden - aktualisiere GUI
2026-01-04 14:23:42,314 - __main__ - INFO - Ergebnis von barcode erhalten: Typ=<class 'dict'>
2026-01-04 14:23:42,315 - __main__ - INFO - Barcode-Daten empfangen: {'found': True, 'value': '0123456789012', 'type': 'EAN13', 'image_index': 3, 'cropped_image': array([[[189, 195, 211],
        [189, 195, 211],
        [189, 195, 211],
        ...,
        [175, 185, 192],
        [175, 185, 192],
        [176, 186, 193]],

       [[189, 195, 211],
        [189, 195, 211],
        [189, 195, 211],
        ...,
        [175, 185, 192],
        [176, 186, 193],
        [176, 186, 193]],

       [[189, 195, 211],
        [189, 195, 211],
        [189, 195, 211],
        ...,
        [175, 185, 192],
        [176, 186, 193],
        [176, 186, 193]],

       ...,

       [[143, 148, 155],
        [110, 115, 122],
        [100, 105, 112],
        ...,
        [169, 186, 191],
        [168, 185, 190],
        [167, 184, 189]],

       [[148, 163, 178],
        [116, 131, 146],
        [ 98, 103,  93],
        ...,
        [166, 185, 192],
        [166, 185, 192],
        [167, 186, 193]],

       [[159, 174, 189],
        [125, 140, 155],
        [ 99, 104,  94],
        ...,
        [166, 185, 192],
        [166, 185, 192],
        [166, 185, 192]]], dtype=uint8)}
2026-01-04 14:23:42,318 - __main__ - INFO - Barcode gespeichert: 0123456789012
2026-01-04 14:23:42,322 - __main__ - INFO - Barcodes vorhanden - aktualisiere GUI
2026-01-04 14:23:42,457 - __main__ - INFO - Ergebnis von barcode erhalten: Typ=<class 'dict'>
2026-01-04 14:23:42,458 - __main__ - INFO - Barcode-Daten empfangen: {'found': True, 'value': '9312345678907', 'type': 'EAN13', 'image_index': 3, 'cropped_image': array([[[ 16,  10,  10],
        [ 15,  11,  10],
        [ 15,  11,  10],
        ...,
        [ 25,  25,  34],
        [ 25,  25,  34],
        [ 26,  26,  35]],

       [[ 16,  10,  10],
        [ 15,  11,  10],
        [ 15,  11,  10],
        ...,
        [ 25,  25,  34],
        [ 25,  25,  34],
        [ 25,  25,  34]],

       [[ 16,  10,  12],
        [ 16,  10,  10],
        [ 16,  10,  10],
        ...,
        [ 24,  24,  33],
        [ 25,  25,  36],
        [ 26,  26,  37]],

       ...,

       [[ 16,  12,  11],
        [ 18,  14,  13],
        [ 18,  14,  13],
        ...,
        [127, 139, 160],
        [129, 138, 160],
        [130, 139, 161]],

       [[ 16,  12,  11],
        [ 18,  14,  13],
        [ 18,  14,  13],
        ...,
        [127, 139, 160],
        [130, 139, 161],
        [131, 140, 162]],

       [[ 16,  12,  11],
        [ 18,  14,  13],
        [ 18,  14,  13],
        ...,
        [128, 141, 159],
        [130, 139, 161],
        [130, 139, 161]]], dtype=uint8)}
2026-01-04 14:23:42,459 - __main__ - INFO - Barcode gespeichert: 9312345678907
2026-01-04 14:23:42,459 - __main__ - INFO - Barcodes vorhanden - aktualisiere GUI
2026-01-04 14:23:43,288 - __main__ - INFO - Bild 3: YOLO erkannt - 67 x 150
2026-01-04 14:23:43,288 - __main__ - INFO - YOLO-Erkennung abgeschlossen. Dimensionen: ['289 x 272', '67 x 148', '67 x 148', '67 x 150']
2026-01-04 14:23:43,290 - __main__ - INFO - Ergebnis von Abmessung erhalten: Typ=<class 'list'>
2026-01-04 14:23:43,290 - __main__ - INFO - Abmessungen erhalten: ['289 x 272', '67 x 148', '67 x 148', '67 x 150']
2026-01-04 14:23:43,290 - __main__ - INFO - Gesamt-Abmessung berechnet: 289 x 289 x 272
2026-01-04 14:23:43,291 - __main__ - INFO - Barcodes vorhanden - aktualisiere GUI
2026-01-04 14:23:43,339 - __main__ - INFO - Ergebnis von yolo_frames erhalten: Typ=<class 'list'>
2026-01-04 14:23:43,339 - __main__ - INFO - Erhalte 4 annotierte Frames
2026-01-04 14:23:43,340 - __main__ - INFO - YOLO-Frames vorhanden - aktualisiere Bilder in GUI
2026-01-04 14:23:43,386 - __main__ - INFO - Alle Tasks fertig
2026-01-04 14:23:46,249 - __main__ - INFO - go_next: Aktuelle Seite 2, scan_start=False
2026-01-04 14:23:57,367 - __main__ - INFO - go_back: Aktuelle Seite 3, scan_start=False
2026-01-04 14:23:57,908 - __main__ - INFO - go_back: Aktuelle Seite 2, scan_start=False
2026-01-04 14:23:57,909 - __main__ - INFO - Zurück zur Foto-Auswahl: scan_start=True gesetzt
2026-01-04 14:24:01,461 - __main__ - INFO - Wiederhole Bild 1
2026-01-04 14:24:02,775 - __main__ - INFO - Bild erfolgreich von Kamera 0 aufgenommen
2026-01-04 14:24:05,991 - __main__ - INFO - go_next: Aktuelle Seite 1, scan_start=True
2026-01-04 14:24:05,996 - __main__ - INFO - BoundingBox_Yolo03 erfolgreich importiert
2026-01-04 14:24:05,997 - __main__ - INFO - Verarbeite Bild 0 für YOLO-Erkennung
2026-01-04 14:24:06,012 - __main__ - ERROR - Gewichtsmodul nicht verfügbar: No module named 'board'
2026-01-04 14:24:06,028 - __main__ - INFO - Ergebnis von weight erhalten: Typ=<class 'str'>
2026-01-04 14:24:06,031 - __main__ - INFO - Gewicht: Undefiniert
2026-01-04 14:24:06,033 - __main__ - INFO - YOLO-Frames vorhanden - aktualisiere Bilder in GUI
2026-01-04 14:24:06,229 - workers.BarCode_v02 - INFO - YOLO-Modell geladen von models/YOLOV8s_Barcode_Detection.pt
2026-01-04 14:24:06,230 - __main__ - INFO - Analysiere Bild 0 (iso_Bild) auf Barcodes...
2026-01-04 14:24:06,623 - workers.BarCode_v02 - INFO - Barcode erkannt in Bild 0: 0123456789012 (Typ: EAN13)
2026-01-04 14:24:06,624 - workers.BarCode_v02 - INFO - Bild 0: 1 Barcode(s) erkannt
2026-01-04 14:24:06,624 - __main__ - INFO - Bild 0: 1 Barcode(s) erkannt
2026-01-04 14:24:06,624 - __main__ - INFO - Analysiere Bild 1 (top_Bild) auf Barcodes...
2026-01-04 14:24:08,068 - __main__ - INFO - Bild 0: YOLO erkannt - 65 x 148
2026-01-04 14:24:08,068 - __main__ - INFO - Verarbeite Bild 1 für YOLO-Erkennung
2026-01-04 14:24:09,947 - __main__ - INFO - Bild 1: YOLO erkannt - 67 x 148
2026-01-04 14:24:09,948 - __main__ - INFO - Verarbeite Bild 2 für YOLO-Erkennung
2026-01-04 14:24:10,269 - workers.BarCode_v02 - INFO - Bild 1: 0 Barcode(s) erkannt
2026-01-04 14:24:10,270 - __main__ - INFO - Bild 1: Keine Barcodes erkannt
2026-01-04 14:24:10,270 - __main__ - INFO - Analysiere Bild 2 (right_Bild) auf Barcodes...
2026-01-04 14:24:10,476 - workers.BarCode_v02 - INFO - Barcode erkannt in Bild 2: 0123456789012 (Typ: EAN13)
2026-01-04 14:24:10,476 - workers.BarCode_v02 - INFO - Bild 2: 1 Barcode(s) erkannt
2026-01-04 14:24:10,476 - __main__ - INFO - Bild 2: 1 Barcode(s) erkannt
2026-01-04 14:24:10,477 - __main__ - INFO - Analysiere Bild 3 (behind_Bild) auf Barcodes...
2026-01-04 14:24:10,751 - workers.BarCode_v02 - INFO - Barcode erkannt in Bild 3: 0123456789012 (Typ: EAN13)
2026-01-04 14:24:10,767 - workers.BarCode_v02 - INFO - Barcode erkannt in Bild 3: 9312345678907 (Typ: EAN13)
2026-01-04 14:24:10,767 - workers.BarCode_v02 - INFO - Bild 3: 2 Barcode(s) erkannt
2026-01-04 14:24:10,767 - __main__ - INFO - Bild 3: 2 Barcode(s) erkannt
2026-01-04 14:24:10,769 - __main__ - INFO - Insgesamt 4 Barcodes in 4 Bildern erkannt
2026-01-04 14:24:10,770 - __main__ - INFO - Ergebnis von barcode erhalten: Typ=<class 'dict'>
2026-01-04 14:24:10,771 - __main__ - INFO - Barcode-Daten empfangen: {'found': True, 'value': '0123456789012', 'type': 'EAN13', 'image_index': 0, 'cropped_image': array([[[196, 209, 223],
        [196, 209, 223],
        [197, 210, 224],
        ...,
        [185, 197, 204],
        [185, 197, 204],
        [185, 197, 204]],

       [[197, 210, 224],
        [197, 210, 224],
        [197, 210, 224],
        ...,
        [185, 197, 204],
        [185, 197, 204],
        [185, 197, 204]],

       [[197, 210, 224],
        [197, 210, 224],
        [197, 210, 224],
        ...,
        [185, 197, 204],
        [185, 197, 204],
        [185, 197, 204]],

       ...,

       [[108, 114, 130],
        [118, 126, 132],
        [152, 160, 166],
        ...,
        [182, 196, 205],
        [182, 196, 205],
        [182, 196, 207]],

       [[102, 108, 124],
        [124, 132, 138],
        [156, 164, 170],
        ...,
        [183, 197, 206],
        [182, 196, 205],
        [182, 196, 207]],

       [[111, 110, 108],
        [142, 146, 145],
        [170, 174, 173],
        ...,
        [183, 197, 208],
        [181, 195, 206],
        [179, 193, 204]]], dtype=uint8)}
2026-01-04 14:24:10,771 - __main__ - INFO - Barcode gespeichert: 0123456789012
2026-01-04 14:24:10,772 - __main__ - INFO - YOLO-Frames vorhanden - aktualisiere Bilder in GUI
2026-01-04 14:24:10,929 - __main__ - INFO - Ergebnis von barcode erhalten: Typ=<class 'dict'>
2026-01-04 14:24:10,931 - __main__ - INFO - Barcode-Daten empfangen: {'found': True, 'value': '0123456789012', 'type': 'EAN13', 'image_index': 2, 'cropped_image': array([[[192, 205, 219],
        [193, 206, 220],
        [195, 208, 222],
        ...,
        [185, 200, 206],
        [185, 200, 206],
        [184, 199, 205]],

       [[192, 205, 219],
        [193, 206, 220],
        [193, 206, 220],
        ...,
        [184, 201, 206],
        [185, 202, 207],
        [184, 201, 206]],

       [[192, 205, 219],
        [192, 205, 219],
        [193, 206, 220],
        ...,
        [184, 201, 206],
        [184, 201, 206],
        [184, 201, 206]],

       ...,

       [[146, 146, 157],
        [154, 158, 170],
        [165, 169, 181],
        ...,
        [172, 190, 202],
        [172, 190, 202],
        [176, 190, 199]],

       [[120, 115, 125],
        [123, 122, 129],
        [137, 136, 143],
        ...,
        [175, 190, 203],
        [175, 190, 203],
        [178, 189, 199]],

       [[112, 107, 117],
        [102, 101, 108],
        [108, 107, 114],
        ...,
        [175, 190, 203],
        [175, 190, 203],
        [178, 189, 199]]], dtype=uint8)}
2026-01-04 14:24:10,932 - __main__ - INFO - Barcode gespeichert: 0123456789012
2026-01-04 14:24:10,932 - __main__ - INFO - YOLO-Frames vorhanden - aktualisiere Bilder in GUI
2026-01-04 14:24:11,042 - __main__ - INFO - Ergebnis von barcode erhalten: Typ=<class 'dict'>
2026-01-04 14:24:11,046 - __main__ - INFO - Barcode-Daten empfangen: {'found': True, 'value': '0123456789012', 'type': 'EAN13', 'image_index': 3, 'cropped_image': array([[[189, 195, 211],
        [189, 195, 211],
        [189, 195, 211],
        ...,
        [175, 185, 192],
        [175, 185, 192],
        [176, 186, 193]],

       [[189, 195, 211],
        [189, 195, 211],
        [189, 195, 211],
        ...,
        [175, 185, 192],
        [176, 186, 193],
        [176, 186, 193]],

       [[189, 195, 211],
        [189, 195, 211],
        [189, 195, 211],
        ...,
        [175, 185, 192],
        [176, 186, 193],
        [176, 186, 193]],

       ...,

       [[143, 148, 155],
        [110, 115, 122],
        [100, 105, 112],
        ...,
        [169, 186, 191],
        [168, 185, 190],
        [167, 184, 189]],

       [[148, 163, 178],
        [116, 131, 146],
        [ 98, 103,  93],
        ...,
        [166, 185, 192],
        [166, 185, 192],
        [167, 186, 193]],

       [[159, 174, 189],
        [125, 140, 155],
        [ 99, 104,  94],
        ...,
        [166, 185, 192],
        [166, 185, 192],
        [166, 185, 192]]], dtype=uint8)}
2026-01-04 14:24:11,047 - __main__ - INFO - Barcode gespeichert: 0123456789012
2026-01-04 14:24:11,048 - __main__ - INFO - YOLO-Frames vorhanden - aktualisiere Bilder in GUI
2026-01-04 14:24:11,150 - __main__ - INFO - Ergebnis von barcode erhalten: Typ=<class 'dict'>
2026-01-04 14:24:11,151 - __main__ - INFO - Barcode-Daten empfangen: {'found': True, 'value': '9312345678907', 'type': 'EAN13', 'image_index': 3, 'cropped_image': array([[[ 16,  10,  10],
        [ 15,  11,  10],
        [ 15,  11,  10],
        ...,
        [ 25,  25,  34],
        [ 25,  25,  34],
        [ 26,  26,  35]],

       [[ 16,  10,  10],
        [ 15,  11,  10],
        [ 15,  11,  10],
        ...,
        [ 25,  25,  34],
        [ 25,  25,  34],
        [ 25,  25,  34]],

       [[ 16,  10,  12],
        [ 16,  10,  10],
        [ 16,  10,  10],
        ...,
        [ 24,  24,  33],
        [ 25,  25,  36],
        [ 26,  26,  37]],

       ...,

       [[ 16,  12,  11],
        [ 18,  14,  13],
        [ 18,  14,  13],
        ...,
        [127, 139, 160],
        [129, 138, 160],
        [130, 139, 161]],

       [[ 16,  12,  11],
        [ 18,  14,  13],
        [ 18,  14,  13],
        ...,
        [127, 139, 160],
        [130, 139, 161],
        [131, 140, 162]],

       [[ 16,  12,  11],
        [ 18,  14,  13],
        [ 18,  14,  13],
        ...,
        [128, 141, 159],
        [130, 139, 161],
        [130, 139, 161]]], dtype=uint8)}
2026-01-04 14:24:11,152 - __main__ - INFO - Barcode gespeichert: 9312345678907
2026-01-04 14:24:11,152 - __main__ - INFO - YOLO-Frames vorhanden - aktualisiere Bilder in GUI
2026-01-04 14:24:11,955 - __main__ - INFO - Bild 2: YOLO erkannt - 67 x 148
2026-01-04 14:24:11,956 - __main__ - INFO - Verarbeite Bild 3 für YOLO-Erkennung
2026-01-04 14:24:13,804 - __main__ - INFO - Bild 3: YOLO erkannt - 67 x 150
2026-01-04 14:24:13,805 - __main__ - INFO - YOLO-Erkennung abgeschlossen. Dimensionen: ['65 x 148', '67 x 148', '67 x 148', '67 x 150']
2026-01-04 14:24:13,805 - __main__ - INFO - Ergebnis von Abmessung erhalten: Typ=<class 'list'>
2026-01-04 14:24:13,806 - __main__ - INFO - Abmessungen erhalten: ['65 x 148', '67 x 148', '67 x 148', '67 x 150']
2026-01-04 14:24:13,806 - __main__ - INFO - Gesamt-Abmessung berechnet: 65 x 65 x 148
2026-01-04 14:24:13,806 - __main__ - INFO - YOLO-Frames vorhanden - aktualisiere Bilder in GUI
2026-01-04 14:24:13,856 - __main__ - INFO - Ergebnis von yolo_frames erhalten: Typ=<class 'list'>
2026-01-04 14:24:13,856 - __main__ - INFO - Erhalte 4 annotierte Frames
2026-01-04 14:24:13,856 - __main__ - INFO - YOLO-Frames vorhanden - aktualisiere Bilder in GUI
2026-01-04 14:24:13,907 - __main__ - INFO - Alle Tasks fertig
2026-01-04 14:24:15,577 - __main__ - INFO - go_next: Aktuelle Seite 2, scan_start=False
2026-01-04 14:24:16,904 - __main__ - INFO - go_back: Aktuelle Seite 3, scan_start=False
2026-01-04 14:24:17,167 - __main__ - INFO - go_back: Aktuelle Seite 2, scan_start=False
2026-01-04 14:24:17,167 - __main__ - INFO - Zurück zur Foto-Auswahl: scan_start=True gesetzt
2026-01-04 14:24:20,192 - __main__ - INFO - Wiederhole Bild 2
2026-01-04 14:24:20,192 - __main__ - WARNING - Kamera 1 nicht verfügbar
2026-01-04 14:24:21,224 - __main__ - INFO - Wiederhole Bild 4
2026-01-04 14:24:21,224 - __main__ - WARNING - Kamera 3 nicht verfügbar
2026-01-04 14:24:21,736 - __main__ - INFO - Wiederhole Bild 3
2026-01-04 14:24:21,736 - __main__ - WARNING - Kamera 2 nicht verfügbar
2026-01-04 14:24:23,964 - __main__ - INFO - Wiederhole Bild 1
2026-01-04 14:24:25,247 - __main__ - INFO - Bild erfolgreich von Kamera 0 aufgenommen
2026-01-04 14:24:31,958 - __main__ - INFO - Wiederhole Bild 1
2026-01-04 14:24:33,196 - __main__ - INFO - Bild erfolgreich von Kamera 0 aufgenommen
2026-01-04 14:24:34,142 - __main__ - INFO - Wiederhole Bild 1
2026-01-04 14:24:35,364 - __main__ - INFO - Bild erfolgreich von Kamera 0 aufgenommen
2026-01-04 14:24:36,289 - __main__ - INFO - Wiederhole Bild 1
2026-01-04 14:24:37,431 - __main__ - INFO - Bild erfolgreich von Kamera 0 aufgenommen
2026-01-04 14:24:39,446 - __main__ - INFO - Wiederhole Bild 1
2026-01-04 14:24:40,586 - __main__ - INFO - Bild erfolgreich von Kamera 0 aufgenommen
2026-01-04 14:24:43,849 - __main__ - INFO - go_next: Aktuelle Seite 1, scan_start=True
2026-01-04 14:24:43,852 - __main__ - INFO - BoundingBox_Yolo03 erfolgreich importiert
2026-01-04 14:24:43,853 - __main__ - INFO - Verarbeite Bild 0 für YOLO-Erkennung
2026-01-04 14:24:43,869 - __main__ - ERROR - Gewichtsmodul nicht verfügbar: No module named 'board'
2026-01-04 14:24:43,884 - __main__ - INFO - Ergebnis von weight erhalten: Typ=<class 'str'>
2026-01-04 14:24:43,885 - __main__ - INFO - Gewicht: Undefiniert
2026-01-04 14:24:43,888 - __main__ - INFO - YOLO-Frames vorhanden - aktualisiere Bilder in GUI
2026-01-04 14:24:44,095 - workers.BarCode_v02 - INFO - YOLO-Modell geladen von models/YOLOV8s_Barcode_Detection.pt
2026-01-04 14:24:44,095 - __main__ - INFO - Analysiere Bild 0 (iso_Bild) auf Barcodes...
2026-01-04 14:24:44,533 - workers.BarCode_v02 - INFO - Barcode erkannt in Bild 0: 0123456789012 (Typ: EAN13)
2026-01-04 14:24:44,533 - workers.BarCode_v02 - INFO - Bild 0: 1 Barcode(s) erkannt
2026-01-04 14:24:44,534 - __main__ - INFO - Bild 0: 1 Barcode(s) erkannt
2026-01-04 14:24:44,534 - __main__ - INFO - Analysiere Bild 1 (top_Bild) auf Barcodes...
2026-01-04 14:24:45,982 - __main__ - INFO - Bild 0: YOLO erkannt - 314 x 186
2026-01-04 14:24:45,983 - __main__ - INFO - Verarbeite Bild 1 für YOLO-Erkennung
2026-01-04 14:24:47,841 - __main__ - WARNING - Bild 1: Keine Boxen erkannt
2026-01-04 14:24:47,841 - __main__ - INFO - Verarbeite Bild 2 für YOLO-Erkennung
2026-01-04 14:24:49,719 - __main__ - WARNING - Bild 2: Keine Boxen erkannt
2026-01-04 14:24:49,720 - __main__ - INFO - Verarbeite Bild 3 für YOLO-Erkennung
2026-01-04 14:24:51,608 - __main__ - WARNING - Bild 3: Keine Boxen erkannt
2026-01-04 14:24:51,609 - __main__ - INFO - YOLO-Erkennung abgeschlossen. Dimensionen: ['314 x 186', '0 x 0', '0 x 0', '0 x 0']
2026-01-04 14:24:51,609 - __main__ - INFO - Ergebnis von Abmessung erhalten: Typ=<class 'list'>
2026-01-04 14:24:51,609 - __main__ - INFO - Abmessungen erhalten: ['314 x 186', '0 x 0', '0 x 0', '0 x 0']
2026-01-04 14:24:51,609 - __main__ - INFO - Gesamt-Abmessung berechnet: 314 x 314 x 186
2026-01-04 14:24:51,610 - __main__ - INFO - YOLO-Frames vorhanden - aktualisiere Bilder in GUI
2026-01-04 14:24:51,661 - __main__ - INFO - Ergebnis von yolo_frames erhalten: Typ=<class 'list'>
2026-01-04 14:24:51,661 - __main__ - INFO - Erhalte 4 annotierte Frames
2026-01-04 14:24:51,662 - __main__ - INFO - YOLO-Frames vorhanden - aktualisiere Bilder in GUI
2026-01-04 14:24:55,107 - workers.BarCode_v02 - INFO - Bild 1: 0 Barcode(s) erkannt
2026-01-04 14:24:55,107 - __main__ - INFO - Bild 1: Keine Barcodes erkannt
2026-01-04 14:24:55,107 - __main__ - INFO - Analysiere Bild 2 (right_Bild) auf Barcodes...
2026-01-04 14:25:01,614 - workers.BarCode_v02 - INFO - Bild 2: 0 Barcode(s) erkannt
2026-01-04 14:25:01,615 - __main__ - INFO - Bild 2: Keine Barcodes erkannt
2026-01-04 14:25:01,615 - __main__ - INFO - Analysiere Bild 3 (behind_Bild) auf Barcodes...
2026-01-04 14:25:08,073 - workers.BarCode_v02 - INFO - Bild 3: 0 Barcode(s) erkannt
2026-01-04 14:25:08,075 - __main__ - INFO - Bild 3: Keine Barcodes erkannt
2026-01-04 14:25:08,075 - __main__ - INFO - Insgesamt 1 Barcodes in 4 Bildern erkannt
2026-01-04 14:25:08,075 - __main__ - INFO - Ergebnis von barcode erhalten: Typ=<class 'dict'>
2026-01-04 14:25:08,076 - __main__ - INFO - Barcode-Daten empfangen: {'found': True, 'value': '0123456789012', 'type': 'EAN13', 'image_index': 0, 'cropped_image': array([[[152, 164, 169],
        [152, 164, 169],
        [152, 164, 169],
        ...,
        [184, 192, 200],
        [184, 192, 200],
        [184, 192, 200]],

       [[152, 164, 169],
        [152, 164, 169],
        [152, 164, 169],
        ...,
        [184, 192, 200],
        [184, 192, 200],
        [184, 192, 200]],

       [[153, 165, 170],
        [153, 165, 170],
        [153, 165, 170],
        ...,
        [184, 192, 200],
        [184, 192, 200],
        [184, 192, 200]],

       ...,

       [[ 89,  98,  93],
        [103, 112, 107],
        [145, 156, 154],
        ...,
        [193, 192, 206],
        [193, 191, 210],
        [192, 190, 209]],

       [[ 91,  97,  95],
        [108, 114, 112],
        [149, 158, 159],
        ...,
        [193, 192, 208],
        [193, 192, 208],
        [193, 192, 208]],

       [[ 91,  97,  95],
        [111, 117, 115],
        [152, 161, 162],
        ...,
        [193, 192, 208],
        [193, 192, 208],
        [193, 192, 208]]], dtype=uint8)}
2026-01-04 14:25:08,076 - __main__ - INFO - Barcode gespeichert: 0123456789012
2026-01-04 14:25:08,076 - __main__ - INFO - YOLO-Frames vorhanden - aktualisiere Bilder in GUI
2026-01-04 14:25:08,118 - __main__ - INFO - Alle Tasks fertig
2026-01-04 14:25:11,479 - __main__ - INFO - go_next: Aktuelle Seite 2, scan_start=False
2026-01-04 14:25:18,676 - __main__ - INFO - Füge neues Barcode-Feld hinzu
2026-01-27 14:56:05,749 - __main__ - INFO - 3D-Scanner wird gestartet...
2026-01-27 14:56:06,351 - __main__ - INFO - Verfügbare Kameras gefunden: [0]
2026-01-27 14:56:07,348 - __main__ - INFO - go_next: Aktuelle Seite 0, scan_start=False
2026-01-27 14:56:07,348 - __main__ - INFO - Starte Bildaufnahme von allen Kameras
2026-01-27 14:56:08,185 - __main__ - INFO - Bild erfolgreich von Kamera 0 aufgenommen
2026-01-27 14:56:09,017 - __main__ - INFO - Bild erfolgreich von Kamera 0 aufgenommen
2026-01-27 14:56:09,856 - __main__ - INFO - Bild erfolgreich von Kamera 0 aufgenommen
2026-01-27 14:56:10,708 - __main__ - INFO - Bild erfolgreich von Kamera 0 aufgenommen
2026-01-27 14:56:13,384 - __main__ - INFO - Verworfen Bild 1
2026-01-27 14:56:14,522 - __main__ - INFO - Verworfen Bild 2
2026-01-27 14:56:15,140 - __main__ - INFO - Verworfen Bild 4
2026-01-27 14:56:15,460 - __main__ - INFO - Verworfen Bild 3
2026-01-27 14:56:16,076 - __main__ - INFO - go_next: Aktuelle Seite 1, scan_start=True
2026-01-27 14:56:16,094 - __main__ - ERROR - Gewicht Task Fehler: module 'workers.Gewichts_Messung' has no attribute 'get_weight'
2026-01-27 14:56:16,095 - __main__ - INFO - Ergebnis von weight erhalten: Typ=<class 'str'>
2026-01-27 14:56:16,095 - __main__ - INFO - Gewicht: Undefiniert
2026-01-27 14:56:16,097 - __main__ - INFO - Barcodes vorhanden - aktualisiere GUI
2026-01-27 14:56:18,085 - workers.BarCode_v02 - INFO - YOLO-Modell geladen von models/YOLOV8s_Barcode_Detection.pt
2026-01-27 14:56:18,086 - __main__ - INFO - Analysiere Bild 0 (iso_Bild) auf Barcodes...
2026-01-27 14:56:18,169 - __main__ - INFO - BoundingBox_Yolo03 erfolgreich importiert
2026-01-27 14:56:18,170 - __main__ - INFO - Verarbeite Bild 0 für YOLO-Erkennung
2026-01-27 14:56:20,548 - __main__ - WARNING - Bild 0: Keine Boxen erkannt
2026-01-27 14:56:20,548 - __main__ - INFO - Verarbeite Bild 1 für YOLO-Erkennung
2026-01-27 14:56:22,482 - __main__ - WARNING - Bild 1: Keine Boxen erkannt
2026-01-27 14:56:22,483 - __main__ - INFO - Verarbeite Bild 2 für YOLO-Erkennung
2026-01-27 14:56:24,524 - __main__ - WARNING - Bild 2: Keine Boxen erkannt
2026-01-27 14:56:24,524 - __main__ - INFO - Verarbeite Bild 3 für YOLO-Erkennung
2026-01-27 14:56:26,500 - __main__ - WARNING - Bild 3: Keine Boxen erkannt
2026-01-27 14:56:26,501 - __main__ - INFO - YOLO-Erkennung abgeschlossen. Dimensionen: ['0 x 0', '0 x 0', '0 x 0', '0 x 0']
2026-01-27 14:56:26,502 - __main__ - INFO - Ergebnis von Abmessung erhalten: Typ=<class 'list'>
2026-01-27 14:56:26,502 - __main__ - INFO - Abmessungen erhalten: ['0 x 0', '0 x 0', '0 x 0', '0 x 0']
2026-01-27 14:56:26,502 - __main__ - WARNING - Keine gültigen Abmessungen gefunden
2026-01-27 14:56:26,502 - __main__ - INFO - Barcodes vorhanden - aktualisiere GUI
2026-01-27 14:56:26,586 - __main__ - INFO - Ergebnis von yolo_frames erhalten: Typ=<class 'list'>
2026-01-27 14:56:26,587 - __main__ - INFO - Erhalte 4 annotierte Frames
2026-01-27 14:56:26,587 - __main__ - INFO - YOLO-Frames vorhanden - aktualisiere Bilder in GUI
2026-01-27 14:56:39,103 - workers.BarCode_v02 - INFO - Bild 0: 0 Barcode(s) erkannt
2026-01-27 14:56:39,104 - __main__ - INFO - Bild 0: Keine Barcodes erkannt
2026-01-27 14:56:39,104 - __main__ - INFO - Analysiere Bild 1 (top_Bild) auf Barcodes...
2026-01-27 14:56:54,312 - workers.BarCode_v02 - INFO - Bild 1: 0 Barcode(s) erkannt
2026-01-27 14:56:54,312 - __main__ - INFO - Bild 1: Keine Barcodes erkannt
2026-01-27 14:56:54,313 - __main__ - INFO - Analysiere Bild 2 (right_Bild) auf Barcodes...
2026-01-27 14:57:09,312 - workers.BarCode_v02 - INFO - Bild 2: 0 Barcode(s) erkannt
2026-01-27 14:57:09,313 - __main__ - INFO - Bild 2: Keine Barcodes erkannt
2026-01-27 14:57:09,313 - __main__ - INFO - Analysiere Bild 3 (behind_Bild) auf Barcodes...
2026-01-27 14:57:27,206 - workers.BarCode_v02 - INFO - Bild 3: 0 Barcode(s) erkannt
2026-01-27 14:57:27,206 - __main__ - INFO - Bild 3: Keine Barcodes erkannt
2026-01-27 14:57:27,206 - __main__ - INFO - Insgesamt 0 Barcodes in 4 Bildern erkannt
2026-01-27 14:57:27,209 - __main__ - INFO - Alle Tasks fertig
2026-01-27 15:02:05,612 - __main__ - INFO - 3D-Scanner wird gestartet...
2026-01-27 15:02:06,333 - __main__ - INFO - Verfügbare Kameras gefunden: [0]
2026-01-27 15:02:07,145 - __main__ - INFO - go_next: Aktuelle Seite 0, scan_start=False
2026-01-27 15:02:07,145 - __main__ - INFO - Starte Bildaufnahme von allen Kameras
2026-01-27 15:02:07,982 - __main__ - INFO - Bild erfolgreich von Kamera 0 aufgenommen
2026-01-27 15:02:08,813 - __main__ - INFO - Bild erfolgreich von Kamera 0 aufgenommen
2026-01-27 15:02:09,653 - __main__ - INFO - Bild erfolgreich von Kamera 0 aufgenommen
2026-01-27 15:02:10,497 - __main__ - INFO - Bild erfolgreich von Kamera 0 aufgenommen
2026-01-27 15:02:11,990 - __main__ - INFO - go_next: Aktuelle Seite 1, scan_start=True
2026-01-27 15:02:12,011 - __main__ - INFO - Ergebnis von weight erhalten: Typ=<class 'float'>
2026-01-27 15:02:12,012 - __main__ - INFO - Gewicht: 1500.0
2026-01-27 15:02:12,012 - __main__ - INFO - Barcodes vorhanden - aktualisiere GUI
2026-01-27 15:02:13,918 - workers.BarCode_v02 - INFO - YOLO-Modell geladen von models/YOLOV8s_Barcode_Detection.pt
2026-01-27 15:02:13,918 - __main__ - INFO - Analysiere Bild 0 (iso_Bild) auf Barcodes...
2026-01-27 15:02:14,008 - __main__ - INFO - BoundingBox_Yolo03 erfolgreich importiert
2026-01-27 15:02:14,008 - __main__ - INFO - Verarbeite Bild 0 für YOLO-Erkennung
2026-01-27 15:02:16,339 - __main__ - WARNING - Bild 0: Keine Boxen erkannt
2026-01-27 15:02:16,340 - __main__ - INFO - Verarbeite Bild 1 für YOLO-Erkennung
2026-01-27 15:02:18,329 - __main__ - WARNING - Bild 1: Keine Boxen erkannt
2026-01-27 15:02:18,329 - __main__ - INFO - Verarbeite Bild 2 für YOLO-Erkennung
2026-01-27 15:02:20,241 - __main__ - WARNING - Bild 2: Keine Boxen erkannt
2026-01-27 15:02:20,241 - __main__ - INFO - Verarbeite Bild 3 für YOLO-Erkennung
2026-01-27 15:02:22,091 - __main__ - WARNING - Bild 3: Keine Boxen erkannt
2026-01-27 15:02:22,091 - __main__ - INFO - YOLO-Erkennung abgeschlossen. Dimensionen: ['0 x 0', '0 x 0', '0 x 0', '0 x 0']
2026-01-27 15:02:22,092 - __main__ - INFO - Ergebnis von Abmessung erhalten: Typ=<class 'list'>
2026-01-27 15:02:22,092 - __main__ - INFO - Abmessungen erhalten: ['0 x 0', '0 x 0', '0 x 0', '0 x 0']
2026-01-27 15:02:22,092 - __main__ - WARNING - Keine gültigen Abmessungen gefunden
2026-01-27 15:02:22,092 - __main__ - INFO - Barcodes vorhanden - aktualisiere GUI
2026-01-27 15:02:22,166 - __main__ - INFO - Ergebnis von yolo_frames erhalten: Typ=<class 'list'>
2026-01-27 15:02:22,166 - __main__ - INFO - Erhalte 4 annotierte Frames
2026-01-27 15:02:22,167 - __main__ - INFO - YOLO-Frames vorhanden - aktualisiere Bilder in GUI
2026-01-27 15:02:34,304 - workers.BarCode_v02 - INFO - Bild 0: 0 Barcode(s) erkannt
2026-01-27 15:02:34,305 - __main__ - INFO - Bild 0: Keine Barcodes erkannt
2026-01-27 15:02:34,305 - __main__ - INFO - Analysiere Bild 1 (top_Bild) auf Barcodes...
2026-01-27 15:02:39,079 - __main__ - INFO - Verworfen Bild 1
2026-01-27 15:02:39,344 - __main__ - INFO - Verworfen Bild 2
2026-01-27 15:02:39,880 - __main__ - INFO - Verworfen Bild 4
2026-01-27 15:02:40,143 - __main__ - INFO - Verworfen Bild 3
2026-01-27 15:02:40,627 - __main__ - INFO - go_next: Aktuelle Seite 1, scan_start=True
2026-01-27 15:02:40,631 - __main__ - INFO - BoundingBox_Yolo03 erfolgreich importiert
2026-01-27 15:02:40,632 - __main__ - INFO - Verarbeite Bild 0 für YOLO-Erkennung
2026-01-27 15:02:40,648 - __main__ - INFO - Ergebnis von weight erhalten: Typ=<class 'float'>
2026-01-27 15:02:40,650 - __main__ - INFO - Gewicht: 2250.0
2026-01-27 15:02:40,654 - __main__ - INFO - YOLO-Frames vorhanden - aktualisiere Bilder in GUI
2026-01-27 15:02:40,972 - workers.BarCode_v02 - INFO - YOLO-Modell geladen von models/YOLOV8s_Barcode_Detection.pt
2026-01-27 15:02:40,973 - __main__ - INFO - Analysiere Bild 0 (iso_Bild) auf Barcodes...
2026-01-27 15:02:42,738 - __main__ - WARNING - Bild 0: Keine Boxen erkannt
2026-01-27 15:02:42,738 - __main__ - INFO - Verarbeite Bild 1 für YOLO-Erkennung
2026-01-27 15:02:44,797 - __main__ - WARNING - Bild 1: Keine Boxen erkannt
2026-01-27 15:02:44,797 - __main__ - INFO - Verarbeite Bild 2 für YOLO-Erkennung
2026-01-27 15:02:46,737 - __main__ - WARNING - Bild 2: Keine Boxen erkannt
2026-01-27 15:02:46,737 - __main__ - INFO - Verarbeite Bild 3 für YOLO-Erkennung
2026-01-27 15:02:48,645 - __main__ - WARNING - Bild 3: Keine Boxen erkannt
2026-01-27 15:02:48,646 - __main__ - INFO - YOLO-Erkennung abgeschlossen. Dimensionen: ['0 x 0', '0 x 0', '0 x 0', '0 x 0']
2026-01-27 15:02:48,646 - __main__ - INFO - Ergebnis von Abmessung erhalten: Typ=<class 'list'>
2026-01-27 15:02:48,646 - __main__ - INFO - Abmessungen erhalten: ['0 x 0', '0 x 0', '0 x 0', '0 x 0']
2026-01-27 15:02:48,647 - __main__ - WARNING - Keine gültigen Abmessungen gefunden
2026-01-27 15:02:48,647 - __main__ - INFO - YOLO-Frames vorhanden - aktualisiere Bilder in GUI
2026-01-27 15:02:48,748 - __main__ - INFO - Ergebnis von yolo_frames erhalten: Typ=<class 'list'>
2026-01-27 15:02:48,749 - __main__ - INFO - Erhalte 4 annotierte Frames
2026-01-27 15:02:48,749 - __main__ - INFO - YOLO-Frames vorhanden - aktualisiere Bilder in GUI
2026-01-27 15:02:54,453 - workers.BarCode_v02 - INFO - Bild 1: 0 Barcode(s) erkannt
2026-01-27 15:02:54,453 - __main__ - INFO - Bild 1: Keine Barcodes erkannt
2026-01-27 15:02:54,453 - __main__ - INFO - Analysiere Bild 2 (right_Bild) auf Barcodes...
2026-01-27 15:03:03,082 - workers.BarCode_v02 - INFO - Bild 0: 0 Barcode(s) erkannt
2026-01-27 15:03:03,082 - __main__ - INFO - Bild 0: Keine Barcodes erkannt
2026-01-27 15:03:03,082 - __main__ - INFO - Analysiere Bild 1 (top_Bild) auf Barcodes...
2026-01-27 15:03:11,441 - __main__ - INFO - Verworfen Bild 1
2026-01-27 15:03:11,941 - __main__ - INFO - Verworfen Bild 2
2026-01-27 15:03:12,199 - workers.BarCode_v02 - INFO - Bild 2: 0 Barcode(s) erkannt
2026-01-27 15:03:12,199 - __main__ - INFO - Bild 2: Keine Barcodes erkannt
2026-01-27 15:03:12,199 - __main__ - INFO - Analysiere Bild 3 (behind_Bild) auf Barcodes...
2026-01-27 15:03:12,545 - __main__ - INFO - Verworfen Bild 3
2026-01-27 15:03:12,790 - __main__ - INFO - Verworfen Bild 4
2026-01-27 15:03:13,877 - __main__ - INFO - Wiederhole Bild 4
2026-01-27 15:03:13,877 - __main__ - WARNING - Kamera 3 nicht verfügbar
2026-01-27 15:03:14,810 - __main__ - INFO - go_next: Aktuelle Seite 1, scan_start=True
2026-01-27 15:03:14,814 - __main__ - INFO - BoundingBox_Yolo03 erfolgreich importiert
2026-01-27 15:03:14,814 - __main__ - INFO - Verarbeite Bild 0 für YOLO-Erkennung
2026-01-27 15:03:14,837 - __main__ - INFO - Ergebnis von weight erhalten: Typ=<class 'float'>
2026-01-27 15:03:14,839 - __main__ - INFO - Gewicht: 2625.0
2026-01-27 15:03:14,841 - __main__ - INFO - YOLO-Frames vorhanden - aktualisiere Bilder in GUI
2026-01-27 15:03:15,168 - workers.BarCode_v02 - INFO - YOLO-Modell geladen von models/YOLOV8s_Barcode_Detection.pt
2026-01-27 15:03:15,176 - __main__ - INFO - Analysiere Bild 0 (iso_Bild) auf Barcodes...
2026-01-27 15:03:17,020 - __main__ - WARNING - Bild 0: Keine Boxen erkannt
2026-01-27 15:03:17,022 - __main__ - INFO - Verarbeite Bild 1 für YOLO-Erkennung
2026-01-27 15:03:19,058 - __main__ - WARNING - Bild 1: Keine Boxen erkannt
2026-01-27 15:03:19,060 - __main__ - INFO - Verarbeite Bild 2 für YOLO-Erkennung
2026-01-27 15:03:21,054 - __main__ - WARNING - Bild 2: Keine Boxen erkannt
2026-01-27 15:03:21,054 - __main__ - INFO - Verarbeite Bild 3 für YOLO-Erkennung
2026-01-27 15:03:23,020 - __main__ - WARNING - Bild 3: Keine Boxen erkannt
2026-01-27 15:03:23,021 - __main__ - INFO - YOLO-Erkennung abgeschlossen. Dimensionen: ['0 x 0', '0 x 0', '0 x 0', '0 x 0']
2026-01-27 15:03:23,021 - __main__ - INFO - Ergebnis von Abmessung erhalten: Typ=<class 'list'>
2026-01-27 15:03:23,021 - __main__ - INFO - Abmessungen erhalten: ['0 x 0', '0 x 0', '0 x 0', '0 x 0']
2026-01-27 15:03:23,021 - __main__ - WARNING - Keine gültigen Abmessungen gefunden
2026-01-27 15:03:23,023 - __main__ - INFO - YOLO-Frames vorhanden - aktualisiere Bilder in GUI
2026-01-27 15:03:23,103 - __main__ - INFO - Ergebnis von yolo_frames erhalten: Typ=<class 'list'>
2026-01-27 15:03:23,103 - __main__ - INFO - Erhalte 4 annotierte Frames
2026-01-27 15:03:23,103 - __main__ - INFO - YOLO-Frames vorhanden - aktualisiere Bilder in GUI
2026-01-27 15:03:25,386 - workers.BarCode_v02 - INFO - Bild 1: 0 Barcode(s) erkannt
2026-01-27 15:03:25,387 - __main__ - INFO - Bild 1: Keine Barcodes erkannt
2026-01-27 15:03:25,387 - __main__ - INFO - Analysiere Bild 2 (right_Bild) auf Barcodes...
2026-01-27 15:03:33,188 - workers.BarCode_v02 - INFO - Bild 3: 0 Barcode(s) erkannt
2026-01-27 15:03:33,188 - __main__ - INFO - Bild 3: Keine Barcodes erkannt
2026-01-27 15:03:33,189 - __main__ - INFO - Insgesamt 0 Barcodes in 4 Bildern erkannt
2026-01-27 15:03:39,671 - workers.BarCode_v02 - INFO - Bild 0: 0 Barcode(s) erkannt
2026-01-27 15:03:39,671 - __main__ - INFO - Bild 0: Keine Barcodes erkannt
2026-01-27 15:03:39,671 - __main__ - INFO - Analysiere Bild 1 (top_Bild) auf Barcodes...
2026-01-27 15:03:45,775 - workers.BarCode_v02 - INFO - Bild 2: 0 Barcode(s) erkannt
2026-01-27 15:03:45,775 - __main__ - INFO - Bild 2: Keine Barcodes erkannt
2026-01-27 15:03:45,775 - __main__ - INFO - Analysiere Bild 3 (behind_Bild) auf Barcodes...
2026-01-27 15:03:57,222 - workers.BarCode_v02 - INFO - Bild 3: 0 Barcode(s) erkannt
2026-01-27 15:03:57,223 - __main__ - INFO - Bild 3: Keine Barcodes erkannt
2026-01-27 15:03:57,223 - __main__ - INFO - Insgesamt 0 Barcodes in 4 Bildern erkannt
2026-01-27 15:04:01,280 - workers.BarCode_v02 - INFO - Bild 1: 0 Barcode(s) erkannt
2026-01-27 15:04:01,280 - __main__ - INFO - Bild 1: Keine Barcodes erkannt
2026-01-27 15:04:01,280 - __main__ - INFO - Analysiere Bild 2 (right_Bild) auf Barcodes...
2026-01-27 15:04:16,177 - workers.BarCode_v02 - INFO - Bild 2: 0 Barcode(s) erkannt
2026-01-27 15:04:16,177 - __main__ - INFO - Bild 2: Keine Barcodes erkannt
2026-01-27 15:04:16,177 - __main__ - INFO - Analysiere Bild 3 (behind_Bild) auf Barcodes...
2026-01-27 15:04:23,048 - workers.BarCode_v02 - INFO - Bild 3: 0 Barcode(s) erkannt
2026-01-27 15:04:23,048 - __main__ - INFO - Bild 3: Keine Barcodes erkannt
2026-01-27 15:04:23,049 - __main__ - INFO - Insgesamt 0 Barcodes in 4 Bildern erkannt
2026-01-27 15:04:23,051 - __main__ - INFO - Alle Tasks fertig
2026-01-27 15:04:35,254 - __main__ - INFO - go_next: Aktuelle Seite 2, scan_start=False
2026-01-27 15:04:35,807 - __main__ - INFO - go_back: Aktuelle Seite 3, scan_start=False
2026-01-27 15:04:36,562 - __main__ - INFO - go_back: Aktuelle Seite 2, scan_start=False
2026-01-27 15:04:36,562 - __main__ - INFO - Zurück zur Foto-Auswahl: scan_start=True gesetzt
2026-01-27 15:04:36,968 - __main__ - INFO - go_next: Aktuelle Seite 1, scan_start=True
2026-01-27 15:04:36,973 - __main__ - INFO - BoundingBox_Yolo03 erfolgreich importiert
2026-01-27 15:04:36,975 - __main__ - INFO - Verarbeite Bild 0 für YOLO-Erkennung
2026-01-27 15:04:36,985 - __main__ - INFO - Ergebnis von weight erhalten: Typ=<class 'float'>
2026-01-27 15:04:36,986 - __main__ - INFO - Gewicht: 2812.5
2026-01-27 15:04:36,987 - __main__ - INFO - YOLO-Frames vorhanden - aktualisiere Bilder in GUI
2026-01-27 15:04:37,199 - workers.BarCode_v02 - INFO - YOLO-Modell geladen von models/YOLOV8s_Barcode_Detection.pt
2026-01-27 15:04:37,202 - __main__ - INFO - Analysiere Bild 0 (iso_Bild) auf Barcodes...
2026-01-27 15:04:39,241 - __main__ - WARNING - Bild 0: Keine Boxen erkannt
2026-01-27 15:04:39,242 - __main__ - INFO - Verarbeite Bild 1 für YOLO-Erkennung
2026-01-27 15:04:41,293 - __main__ - WARNING - Bild 1: Keine Boxen erkannt
2026-01-27 15:04:41,293 - __main__ - INFO - Verarbeite Bild 2 für YOLO-Erkennung
2026-01-27 15:04:43,240 - __main__ - WARNING - Bild 2: Keine Boxen erkannt
2026-01-27 15:04:43,240 - __main__ - INFO - Verarbeite Bild 3 für YOLO-Erkennung
2026-01-27 15:04:45,211 - __main__ - WARNING - Bild 3: Keine Boxen erkannt
2026-01-27 15:04:45,211 - __main__ - INFO - YOLO-Erkennung abgeschlossen. Dimensionen: ['0 x 0', '0 x 0', '0 x 0', '0 x 0']
2026-01-27 15:05:13,253 - __main__ - INFO - 3D-Scanner wird gestartet...
2026-01-27 15:05:13,829 - __main__ - INFO - Verfügbare Kameras gefunden: [0]
2026-01-27 15:05:14,994 - __main__ - INFO - go_next: Aktuelle Seite 0, scan_start=False
2026-01-27 15:05:14,994 - __main__ - INFO - Starte Bildaufnahme von allen Kameras
2026-01-27 15:05:15,827 - __main__ - INFO - Bild erfolgreich von Kamera 0 aufgenommen
2026-01-27 15:05:16,659 - __main__ - INFO - Bild erfolgreich von Kamera 0 aufgenommen
2026-01-27 15:05:17,491 - __main__ - INFO - Bild erfolgreich von Kamera 0 aufgenommen
2026-01-27 15:05:18,318 - __main__ - INFO - Bild erfolgreich von Kamera 0 aufgenommen
2026-01-27 15:05:21,691 - __main__ - INFO - Verworfen Bild 4
2026-01-27 15:05:43,263 - __main__ - INFO - Verworfen Bild 3
2026-01-27 15:05:45,147 - __main__ - INFO - Verworfen Bild 2
2026-01-27 15:05:45,602 - __main__ - INFO - go_next: Aktuelle Seite 1, scan_start=True
2026-01-27 15:05:45,943 - __main__ - INFO - Ergebnis von weight erhalten: Typ=<class 'float'>
2026-01-27 15:05:45,944 - __main__ - INFO - Gewicht: 1500.0
2026-01-27 15:05:45,944 - __main__ - INFO - Barcodes vorhanden - aktualisiere GUI
2026-01-27 15:05:47,579 - workers.BarCode_v02 - INFO - YOLO-Modell geladen von models/YOLOV8s_Barcode_Detection.pt
2026-01-27 15:05:47,580 - __main__ - INFO - Analysiere Bild 0 (iso_Bild) auf Barcodes...
2026-01-27 15:05:47,675 - __main__ - INFO - BoundingBox_Yolo03 erfolgreich importiert
2026-01-27 15:05:47,675 - __main__ - INFO - Verarbeite Bild 0 für YOLO-Erkennung
2026-01-27 15:05:50,014 - __main__ - WARNING - Bild 0: Keine Boxen erkannt
2026-01-27 15:05:50,015 - __main__ - INFO - Verarbeite Bild 1 für YOLO-Erkennung
2026-01-27 15:05:52,042 - __main__ - WARNING - Bild 1: Keine Boxen erkannt
2026-01-27 15:05:52,043 - __main__ - INFO - Verarbeite Bild 2 für YOLO-Erkennung
2026-01-27 15:05:54,110 - __main__ - WARNING - Bild 2: Keine Boxen erkannt
2026-01-27 15:05:54,110 - __main__ - INFO - Verarbeite Bild 3 für YOLO-Erkennung
2026-01-27 15:05:56,076 - __main__ - WARNING - Bild 3: Keine Boxen erkannt
2026-01-27 15:05:56,076 - __main__ - INFO - YOLO-Erkennung abgeschlossen. Dimensionen: ['0 x 0', '0 x 0', '0 x 0', '0 x 0']
2026-01-27 15:05:56,076 - __main__ - INFO - Ergebnis von Abmessung erhalten: Typ=<class 'list'>
2026-01-27 15:05:56,077 - __main__ - INFO - Abmessungen erhalten: ['0 x 0', '0 x 0', '0 x 0', '0 x 0']
2026-01-27 15:05:56,077 - __main__ - WARNING - Keine gültigen Abmessungen gefunden
2026-01-27 15:05:56,077 - __main__ - INFO - Barcodes vorhanden - aktualisiere GUI
2026-01-27 15:05:56,185 - __main__ - INFO - Ergebnis von yolo_frames erhalten: Typ=<class 'list'>
2026-01-27 15:05:56,190 - __main__ - INFO - Erhalte 4 annotierte Frames
2026-01-27 15:05:56,191 - __main__ - INFO - YOLO-Frames vorhanden - aktualisiere Bilder in GUI
2026-01-27 15:06:08,887 - workers.BarCode_v02 - INFO - Bild 0: 0 Barcode(s) erkannt
2026-01-27 15:06:08,888 - __main__ - INFO - Bild 0: Keine Barcodes erkannt
2026-01-27 15:06:08,888 - __main__ - INFO - Analysiere Bild 1 (top_Bild) auf Barcodes...
2026-01-27 15:06:23,530 - workers.BarCode_v02 - INFO - Bild 1: 0 Barcode(s) erkannt
2026-01-27 15:06:23,531 - __main__ - INFO - Bild 1: Keine Barcodes erkannt
2026-01-27 15:06:23,531 - __main__ - INFO - Analysiere Bild 2 (right_Bild) auf Barcodes...
2026-01-27 15:06:39,915 - workers.BarCode_v02 - INFO - Bild 2: 0 Barcode(s) erkannt
2026-01-27 15:06:39,916 - __main__ - INFO - Bild 2: Keine Barcodes erkannt
2026-01-27 15:06:39,916 - __main__ - INFO - Analysiere Bild 3 (behind_Bild) auf Barcodes...
2026-01-27 15:06:54,938 - workers.BarCode_v02 - INFO - Bild 3: 0 Barcode(s) erkannt
2026-01-27 15:06:54,938 - __main__ - INFO - Bild 3: Keine Barcodes erkannt
2026-01-27 15:06:54,938 - __main__ - INFO - Insgesamt 0 Barcodes in 4 Bildern erkannt
2026-01-27 15:06:54,940 - __main__ - INFO - Alle Tasks fertig
2026-01-27 15:09:49,736 - __main__ - INFO - 3D-Scanner wird gestartet...
2026-01-27 15:09:50,302 - __main__ - INFO - Verfügbare Kameras gefunden: [0]
2026-01-27 15:09:57,630 - __main__ - INFO - go_next: Aktuelle Seite 0, scan_start=False
2026-01-27 15:09:57,630 - __main__ - INFO - Starte Bildaufnahme von allen Kameras
2026-01-27 15:09:58,471 - __main__ - INFO - Bild erfolgreich von Kamera 0 aufgenommen
2026-01-27 15:09:59,306 - __main__ - INFO - Bild erfolgreich von Kamera 0 aufgenommen
2026-01-27 15:10:00,137 - __main__ - INFO - Bild erfolgreich von Kamera 0 aufgenommen
2026-01-27 15:10:00,970 - __main__ - INFO - Bild erfolgreich von Kamera 0 aufgenommen
2026-01-27 15:10:04,775 - __main__ - INFO - Verworfen Bild 4
2026-01-27 15:10:07,285 - __main__ - INFO - go_next: Aktuelle Seite 1, scan_start=True
2026-01-27 15:10:07,637 - __main__ - INFO - Ergebnis von weight erhalten: Typ=<class 'float'>
2026-01-27 15:10:07,637 - __main__ - INFO - Gewicht: 1500.0
2026-01-27 15:10:07,638 - __main__ - INFO - Barcodes vorhanden - aktualisiere GUI
2026-01-27 15:10:09,278 - workers.BarCode_v02 - INFO - YOLO-Modell geladen von models/YOLOV8s_Barcode_Detection.pt
2026-01-27 15:10:09,279 - __main__ - INFO - Analysiere Bild 0 (iso_Bild) auf Barcodes...
2026-01-27 15:10:09,364 - __main__ - INFO - BoundingBox_Yolo03 erfolgreich importiert
2026-01-27 15:10:09,365 - __main__ - INFO - Verarbeite Bild 0 für YOLO-Erkennung
2026-01-27 15:10:11,615 - __main__ - WARNING - Bild 0: Keine Boxen erkannt
2026-01-27 15:10:11,615 - __main__ - INFO - Verarbeite Bild 1 für YOLO-Erkennung
2026-01-27 15:10:13,582 - __main__ - WARNING - Bild 1: Keine Boxen erkannt
2026-01-27 15:10:13,582 - __main__ - INFO - Verarbeite Bild 2 für YOLO-Erkennung
2026-01-27 15:10:15,399 - __main__ - WARNING - Bild 2: Keine Boxen erkannt
2026-01-27 15:10:15,400 - __main__ - INFO - Verarbeite Bild 3 für YOLO-Erkennung
2026-01-27 15:10:17,223 - __main__ - WARNING - Bild 3: Keine Boxen erkannt
2026-01-27 15:10:17,223 - __main__ - INFO - YOLO-Erkennung abgeschlossen. Dimensionen: ['0 x 0', '0 x 0', '0 x 0', '0 x 0']
2026-01-27 15:10:17,224 - __main__ - INFO - Ergebnis von Abmessung erhalten: Typ=<class 'list'>
2026-01-27 15:10:17,224 - __main__ - INFO - Abmessungen erhalten: ['0 x 0', '0 x 0', '0 x 0', '0 x 0']
2026-01-27 15:10:17,224 - __main__ - WARNING - Keine gültigen Abmessungen gefunden
2026-01-27 15:10:17,224 - __main__ - INFO - Barcodes vorhanden - aktualisiere GUI
2026-01-27 15:10:17,302 - __main__ - INFO - Ergebnis von yolo_frames erhalten: Typ=<class 'list'>
2026-01-27 15:10:17,302 - __main__ - INFO - Erhalte 4 annotierte Frames
2026-01-27 15:10:17,302 - __main__ - INFO - YOLO-Frames vorhanden - aktualisiere Bilder in GUI
2026-01-27 15:10:29,472 - workers.BarCode_v02 - INFO - Bild 0: 0 Barcode(s) erkannt
2026-01-27 15:10:29,472 - __main__ - INFO - Bild 0: Keine Barcodes erkannt
2026-01-27 15:10:29,472 - __main__ - INFO - Analysiere Bild 1 (top_Bild) auf Barcodes...
2026-01-27 15:10:29,675 - __main__ - INFO - Verworfen Bild 3
2026-01-27 15:10:30,211 - __main__ - INFO - Verworfen Bild 4
2026-01-27 15:10:31,022 - __main__ - INFO - go_next: Aktuelle Seite 1, scan_start=True
2026-01-27 15:10:31,027 - __main__ - INFO - BoundingBox_Yolo03 erfolgreich importiert
2026-01-27 15:10:31,027 - __main__ - INFO - Verarbeite Bild 0 für YOLO-Erkennung
2026-01-27 15:10:31,189 - workers.BarCode_v02 - INFO - YOLO-Modell geladen von models/YOLOV8s_Barcode_Detection.pt
2026-01-27 15:10:31,190 - __main__ - INFO - Analysiere Bild 0 (iso_Bild) auf Barcodes...
2026-01-27 15:10:31,361 - __main__ - INFO - Ergebnis von weight erhalten: Typ=<class 'float'>
2026-01-27 15:10:31,362 - __main__ - INFO - Gewicht: 2250.0
2026-01-27 15:10:31,372 - __main__ - INFO - YOLO-Frames vorhanden - aktualisiere Bilder in GUI
2026-01-27 15:10:33,178 - __main__ - WARNING - Bild 0: Keine Boxen erkannt
2026-01-27 15:10:33,179 - __main__ - INFO - Verarbeite Bild 1 für YOLO-Erkennung
2026-01-27 15:10:35,121 - __main__ - WARNING - Bild 1: Keine Boxen erkannt
2026-01-27 15:10:35,121 - __main__ - INFO - Verarbeite Bild 2 für YOLO-Erkennung
2026-01-27 15:10:37,067 - __main__ - WARNING - Bild 2: Keine Boxen erkannt
2026-01-27 15:10:37,068 - __main__ - INFO - Verarbeite Bild 3 für YOLO-Erkennung
2026-01-27 15:10:38,991 - __main__ - WARNING - Bild 3: Keine Boxen erkannt
2026-01-27 15:10:38,992 - __main__ - INFO - YOLO-Erkennung abgeschlossen. Dimensionen: ['0 x 0', '0 x 0', '0 x 0', '0 x 0']
2026-01-27 15:10:38,992 - __main__ - INFO - Ergebnis von Abmessung erhalten: Typ=<class 'list'>
2026-01-27 15:10:38,992 - __main__ - INFO - Abmessungen erhalten: ['0 x 0', '0 x 0', '0 x 0', '0 x 0']
2026-01-27 15:10:38,993 - __main__ - WARNING - Keine gültigen Abmessungen gefunden
2026-01-27 15:10:38,993 - __main__ - INFO - YOLO-Frames vorhanden - aktualisiere Bilder in GUI
2026-01-27 15:10:39,072 - __main__ - INFO - Ergebnis von yolo_frames erhalten: Typ=<class 'list'>
2026-01-27 15:10:39,072 - __main__ - INFO - Erhalte 4 annotierte Frames
2026-01-27 15:10:39,072 - __main__ - INFO - YOLO-Frames vorhanden - aktualisiere Bilder in GUI
2026-01-27 15:10:50,604 - workers.BarCode_v02 - INFO - Bild 1: 0 Barcode(s) erkannt
2026-01-27 15:10:50,605 - __main__ - INFO - Bild 1: Keine Barcodes erkannt
2026-01-27 15:10:50,605 - __main__ - INFO - Analysiere Bild 2 (right_Bild) auf Barcodes...
2026-01-27 15:10:51,607 - workers.BarCode_v02 - INFO - Bild 0: 0 Barcode(s) erkannt
2026-01-27 15:10:51,607 - __main__ - INFO - Bild 0: Keine Barcodes erkannt
2026-01-27 15:10:51,607 - __main__ - INFO - Analysiere Bild 1 (top_Bild) auf Barcodes...
2026-01-27 15:11:07,747 - workers.BarCode_v02 - INFO - Bild 2: 0 Barcode(s) erkannt
2026-01-27 15:11:07,747 - __main__ - INFO - Bild 2: Keine Barcodes erkannt
2026-01-27 15:11:07,747 - __main__ - INFO - Analysiere Bild 3 (behind_Bild) auf Barcodes...
2026-01-27 15:11:10,384 - workers.BarCode_v02 - INFO - Bild 1: 0 Barcode(s) erkannt
2026-01-27 15:11:10,384 - __main__ - INFO - Bild 1: Keine Barcodes erkannt
2026-01-27 15:11:10,384 - __main__ - INFO - Analysiere Bild 2 (right_Bild) auf Barcodes...
2026-01-27 15:11:11,433 - workers.BarCode_v02 - INFO - Barcode erkannt in Bild 3: K (Typ: CODE39)
2026-01-27 15:11:11,433 - workers.BarCode_v02 - INFO - Bild 3: 1 Barcode(s) erkannt
2026-01-27 15:11:11,433 - __main__ - INFO - Bild 3: 1 Barcode(s) erkannt
2026-01-27 15:11:11,433 - __main__ - INFO - Insgesamt 1 Barcodes in 4 Bildern erkannt
2026-01-27 15:11:25,827 - workers.BarCode_v02 - INFO - Bild 2: 0 Barcode(s) erkannt
2026-01-27 15:11:25,827 - __main__ - INFO - Bild 2: Keine Barcodes erkannt
2026-01-27 15:11:25,827 - __main__ - INFO - Analysiere Bild 3 (behind_Bild) auf Barcodes...
2026-01-27 15:11:28,349 - workers.BarCode_v02 - INFO - Barcode erkannt in Bild 3: K (Typ: CODE39)
2026-01-27 15:11:28,349 - workers.BarCode_v02 - INFO - Bild 3: 1 Barcode(s) erkannt
2026-01-27 15:11:28,349 - __main__ - INFO - Bild 3: 1 Barcode(s) erkannt
2026-01-27 15:11:28,349 - __main__ - INFO - Insgesamt 1 Barcodes in 4 Bildern erkannt
2026-01-27 15:18:16,950 - __main__ - INFO - 3D-Scanner wird gestartet...
2026-01-27 15:18:17,518 - __main__ - INFO - Verfügbare Kameras gefunden: [0]
2026-01-27 15:18:18,918 - __main__ - INFO - go_next: Aktuelle Seite 0, scan_start=False
2026-01-27 15:18:18,918 - __main__ - INFO - Starte Bildaufnahme von allen Kameras
2026-01-27 15:18:19,752 - __main__ - INFO - Bild erfolgreich von Kamera 0 aufgenommen
2026-01-27 15:18:20,584 - __main__ - INFO - Bild erfolgreich von Kamera 0 aufgenommen
2026-01-27 15:18:21,416 - __main__ - INFO - Bild erfolgreich von Kamera 0 aufgenommen
2026-01-27 15:18:22,248 - __main__ - INFO - Bild erfolgreich von Kamera 0 aufgenommen
2026-01-27 15:18:22,905 - __main__ - INFO - Verworfen Bild 2
2026-01-27 15:18:23,368 - __main__ - INFO - Verworfen Bild 1
2026-01-27 15:18:23,964 - __main__ - INFO - Verworfen Bild 3
2026-01-27 15:18:24,223 - __main__ - INFO - Verworfen Bild 4
2026-01-27 15:18:24,790 - __main__ - INFO - go_next: Aktuelle Seite 1, scan_start=True
2026-01-27 15:18:25,144 - __main__ - INFO - Ergebnis von weight erhalten: Typ=<class 'float'>
2026-01-27 15:18:25,144 - __main__ - INFO - Gewicht: 1500.0
2026-01-27 15:18:25,145 - __main__ - INFO - Barcodes vorhanden - aktualisiere GUI
2026-01-27 15:18:26,677 - workers.BarCode_v02 - INFO - YOLO-Modell geladen von models/YOLOV8s_Barcode_Detection.pt
2026-01-27 15:18:26,678 - __main__ - INFO - Analysiere Bild 0 (iso_Bild) auf Barcodes...
2026-01-27 15:18:26,764 - __main__ - INFO - BoundingBox_Yolo03 erfolgreich importiert
2026-01-27 15:18:26,764 - __main__ - INFO - Verarbeite Bild 0 für YOLO-Erkennung
2026-01-27 15:18:29,012 - __main__ - WARNING - Bild 0: Keine Boxen erkannt
2026-01-27 15:18:29,013 - __main__ - INFO - Verarbeite Bild 1 für YOLO-Erkennung
2026-01-27 15:18:30,971 - __main__ - WARNING - Bild 1: Keine Boxen erkannt
2026-01-27 15:18:30,971 - __main__ - INFO - Verarbeite Bild 2 für YOLO-Erkennung
2026-01-27 15:18:32,832 - __main__ - WARNING - Bild 2: Keine Boxen erkannt
2026-01-27 15:18:32,832 - __main__ - INFO - Verarbeite Bild 3 für YOLO-Erkennung
2026-01-27 15:18:34,656 - __main__ - WARNING - Bild 3: Keine Boxen erkannt
2026-01-27 15:18:34,657 - __main__ - INFO - YOLO-Erkennung abgeschlossen. Dimensionen: ['0 x 0', '0 x 0', '0 x 0', '0 x 0']
2026-01-27 15:18:34,657 - __main__ - INFO - Ergebnis von Abmessung erhalten: Typ=<class 'list'>
2026-01-27 15:18:34,657 - __main__ - INFO - Abmessungen erhalten: ['0 x 0', '0 x 0', '0 x 0', '0 x 0']
2026-01-27 15:18:34,657 - __main__ - WARNING - Keine gültigen Abmessungen gefunden
2026-01-27 15:18:34,658 - __main__ - INFO - Barcodes vorhanden - aktualisiere GUI
2026-01-27 15:18:34,733 - __main__ - INFO - Ergebnis von yolo_frames erhalten: Typ=<class 'list'>
2026-01-27 15:18:34,734 - __main__ - INFO - Erhalte 4 annotierte Frames
2026-01-27 15:18:34,734 - __main__ - INFO - YOLO-Frames vorhanden - aktualisiere Bilder in GUI
2026-01-27 15:18:47,426 - workers.BarCode_v02 - INFO - Bild 0: 0 Barcode(s) erkannt
2026-01-27 15:18:47,427 - __main__ - INFO - Bild 0: Keine Barcodes erkannt
2026-01-27 15:18:47,427 - __main__ - INFO - Analysiere Bild 1 (top_Bild) auf Barcodes...
2026-01-27 15:19:02,091 - workers.BarCode_v02 - INFO - Bild 1: 0 Barcode(s) erkannt
2026-01-27 15:19:02,091 - __main__ - INFO - Bild 1: Keine Barcodes erkannt
2026-01-27 15:19:02,091 - __main__ - INFO - Analysiere Bild 2 (right_Bild) auf Barcodes...
2026-01-27 15:19:17,383 - workers.BarCode_v02 - INFO - Bild 2: 0 Barcode(s) erkannt
2026-01-27 15:19:17,384 - __main__ - INFO - Bild 2: Keine Barcodes erkannt
2026-01-27 15:19:17,384 - __main__ - INFO - Analysiere Bild 3 (behind_Bild) auf Barcodes...
2026-01-27 15:19:32,903 - workers.BarCode_v02 - INFO - Bild 3: 0 Barcode(s) erkannt
2026-01-27 15:19:32,903 - __main__ - INFO - Bild 3: Keine Barcodes erkannt
2026-01-27 15:19:32,903 - __main__ - INFO - Insgesamt 0 Barcodes in 4 Bildern erkannt
2026-01-27 15:25:05,018 - __main__ - INFO - 3D-Scanner wird gestartet...
2026-01-27 15:25:05,586 - __main__ - INFO - Verfügbare Kameras gefunden: [0]
2026-01-27 15:25:06,601 - __main__ - INFO - go_next: Aktuelle Seite 0, scan_start=False
2026-01-27 15:25:06,601 - __main__ - INFO - Starte Bildaufnahme von allen Kameras
2026-01-27 15:25:07,435 - __main__ - INFO - Bild erfolgreich von Kamera 0 aufgenommen
2026-01-27 15:25:08,268 - __main__ - INFO - Bild erfolgreich von Kamera 0 aufgenommen
2026-01-27 15:25:09,106 - __main__ - INFO - Bild erfolgreich von Kamera 0 aufgenommen
2026-01-27 15:25:09,939 - __main__ - INFO - Bild erfolgreich von Kamera 0 aufgenommen
2026-01-27 15:25:12,364 - __main__ - INFO - Verworfen Bild 4
2026-01-27 15:25:15,057 - __main__ - INFO - Verworfen Bild 1
2026-01-27 15:25:16,136 - __main__ - INFO - go_next: Aktuelle Seite 1, scan_start=True
2026-01-27 15:25:16,487 - __main__ - INFO - Ergebnis von weight erhalten: Typ=<class 'float'>
2026-01-27 15:25:16,487 - __main__ - INFO - Gewicht: 1500.0
2026-01-27 15:25:16,487 - __main__ - INFO - Barcodes vorhanden - aktualisiere GUI
2026-01-27 15:25:18,004 - workers.BarCode_v02 - INFO - YOLO-Modell geladen von models/YOLOV8s_Barcode_Detection.pt
2026-01-27 15:25:18,005 - __main__ - WARNING - Bild 0 ist None - überspringe
2026-01-27 15:25:18,005 - __main__ - INFO - Analysiere Bild 1 (top_Bild) auf Barcodes...
2026-01-27 15:25:18,085 - __main__ - INFO - BoundingBox_Yolo03 erfolgreich importiert
2026-01-27 15:25:18,086 - __main__ - INFO - Verarbeite Bild 0 für YOLO-Erkennung
2026-01-27 15:25:18,086 - __main__ - WARNING - Bild 0 ist None
2026-01-27 15:25:18,086 - __main__ - INFO - Verarbeite Bild 1 für YOLO-Erkennung
2026-01-27 15:25:20,280 - __main__ - WARNING - Bild 1: Keine Boxen erkannt
2026-01-27 15:25:20,280 - __main__ - INFO - Verarbeite Bild 2 für YOLO-Erkennung
2026-01-27 15:25:22,200 - __main__ - WARNING - Bild 2: Keine Boxen erkannt
2026-01-27 15:25:22,201 - __main__ - INFO - Verarbeite Bild 3 für YOLO-Erkennung
2026-01-27 15:25:22,201 - __main__ - WARNING - Bild 3 ist None
2026-01-27 15:25:22,201 - __main__ - INFO - YOLO-Erkennung abgeschlossen. Dimensionen: ['0 x 0', '0 x 0', '0 x 0', '0 x 0']
2026-01-27 15:25:22,202 - __main__ - INFO - Ergebnis von Abmessung erhalten: Typ=<class 'list'>
2026-01-27 15:25:22,202 - __main__ - INFO - Abmessungen erhalten: ['0 x 0', '0 x 0', '0 x 0', '0 x 0']
2026-01-27 15:25:22,202 - __main__ - WARNING - Keine gültigen Abmessungen gefunden
2026-01-27 15:25:22,202 - __main__ - INFO - Barcodes vorhanden - aktualisiere GUI
2026-01-27 15:25:22,270 - __main__ - INFO - Ergebnis von yolo_frames erhalten: Typ=<class 'list'>
2026-01-27 15:25:22,270 - __main__ - INFO - Erhalte 4 annotierte Frames
2026-01-27 15:25:58,660 - __main__ - INFO - 3D-Scanner wird gestartet...
2026-01-27 15:25:59,244 - __main__ - INFO - Verfügbare Kameras gefunden: [0]
2026-01-27 15:26:00,331 - __main__ - INFO - go_next: Aktuelle Seite 0, scan_start=False
2026-01-27 15:26:00,331 - __main__ - INFO - Starte Bildaufnahme von allen Kameras
2026-01-27 15:26:01,165 - __main__ - INFO - Bild erfolgreich von Kamera 0 aufgenommen
2026-01-27 15:26:01,996 - __main__ - INFO - Bild erfolgreich von Kamera 0 aufgenommen
2026-01-27 15:26:02,828 - __main__ - INFO - Bild erfolgreich von Kamera 0 aufgenommen
2026-01-27 15:26:03,660 - __main__ - INFO - Bild erfolgreich von Kamera 0 aufgenommen
2026-01-27 15:26:04,429 - __main__ - INFO - Verworfen Bild 1
2026-01-27 15:26:04,662 - __main__ - INFO - Verworfen Bild 2
2026-01-27 15:26:05,825 - __main__ - INFO - go_next: Aktuelle Seite 1, scan_start=True
2026-01-27 15:26:06,163 - __main__ - INFO - Ergebnis von weight erhalten: Typ=<class 'float'>
2026-01-27 15:26:06,163 - __main__ - INFO - Gewicht: 1500.0
2026-01-27 15:26:06,164 - __main__ - INFO - Barcodes vorhanden - aktualisiere GUI
2026-01-27 15:26:07,564 - workers.BarCode_v02 - INFO - YOLO-Modell geladen von models/YOLOV8s_Barcode_Detection.pt
2026-01-27 15:26:07,565 - __main__ - WARNING - Bild 0 ist None - überspringe
2026-01-27 15:26:07,565 - __main__ - WARNING - Bild 1 ist None - überspringe
2026-01-27 15:26:07,565 - __main__ - INFO - Analysiere Bild 2 (right_Bild) auf Barcodes...
2026-01-27 15:26:07,647 - __main__ - INFO - BoundingBox_Yolo03 erfolgreich importiert
2026-01-27 15:26:07,648 - __main__ - INFO - Verarbeite Bild 0 für YOLO-Erkennung
2026-01-27 15:26:07,648 - __main__ - WARNING - Bild 0 ist None
2026-01-27 15:26:07,648 - __main__ - INFO - Verarbeite Bild 1 für YOLO-Erkennung
2026-01-27 15:26:07,648 - __main__ - WARNING - Bild 1 ist None
2026-01-27 15:26:07,649 - __main__ - INFO - Verarbeite Bild 2 für YOLO-Erkennung
2026-01-27 15:26:09,922 - __main__ - WARNING - Bild 2: Keine Boxen erkannt
2026-01-27 15:26:09,922 - __main__ - INFO - Verarbeite Bild 3 für YOLO-Erkennung
2026-01-27 15:26:11,783 - __main__ - WARNING - Bild 3: Keine Boxen erkannt
2026-01-27 15:26:11,784 - __main__ - INFO - YOLO-Erkennung abgeschlossen. Dimensionen: ['0 x 0', '0 x 0', '0 x 0', '0 x 0']
2026-01-27 15:26:11,784 - __main__ - INFO - Ergebnis von Abmessung erhalten: Typ=<class 'list'>
2026-01-27 15:26:11,784 - __main__ - INFO - Abmessungen erhalten: ['0 x 0', '0 x 0', '0 x 0', '0 x 0']
2026-01-27 15:26:11,785 - __main__ - WARNING - Keine gültigen Abmessungen gefunden
2026-01-27 15:26:11,785 - __main__ - INFO - Barcodes vorhanden - aktualisiere GUI
2026-01-27 15:26:11,852 - __main__ - INFO - Ergebnis von yolo_frames erhalten: Typ=<class 'list'>
2026-01-27 15:26:11,852 - __main__ - INFO - Erhalte 4 annotierte Frames
2026-01-27 15:28:47,721 - __main__ - INFO - 3D-Scanner wird gestartet...
2026-01-27 15:28:48,296 - __main__ - INFO - Verfügbare Kameras gefunden: [0]
2026-01-27 15:28:49,148 - __main__ - INFO - go_next: Aktuelle Seite 0, scan_start=False
2026-01-27 15:28:49,148 - __main__ - INFO - Starte Bildaufnahme von allen Kameras
2026-01-27 15:28:49,982 - __main__ - INFO - Bild erfolgreich von Kamera 0 aufgenommen
2026-01-27 15:28:50,813 - __main__ - INFO - Bild erfolgreich von Kamera 0 aufgenommen
2026-01-27 15:28:51,645 - __main__ - INFO - Bild erfolgreich von Kamera 0 aufgenommen
2026-01-27 15:28:52,477 - __main__ - INFO - Bild erfolgreich von Kamera 0 aufgenommen
2026-01-27 15:30:23,599 - __main__ - INFO - 3D-Scanner wird gestartet...
2026-01-27 15:30:24,165 - __main__ - INFO - Verfügbare Kameras gefunden: [0]
2026-01-27 15:30:25,589 - __main__ - INFO - go_next: Aktuelle Seite 0, scan_start=False
2026-01-27 15:30:25,590 - __main__ - INFO - Starte Bildaufnahme von allen Kameras
2026-01-27 15:30:26,424 - __main__ - INFO - Bild erfolgreich von Kamera 0 aufgenommen
2026-01-27 15:30:27,257 - __main__ - INFO - Bild erfolgreich von Kamera 0 aufgenommen
2026-01-27 15:30:28,087 - __main__ - INFO - Bild erfolgreich von Kamera 0 aufgenommen
2026-01-27 15:30:28,936 - __main__ - INFO - Bild erfolgreich von Kamera 0 aufgenommen
2026-01-27 15:30:32,420 - __main__ - INFO - Verworfen Bild 3
2026-01-27 15:30:32,717 - __main__ - INFO - Verworfen Bild 4
2026-01-27 15:30:33,328 - __main__ - INFO - Verworfen Bild 2
2026-01-27 15:30:33,524 - __main__ - INFO - Verworfen Bild 1
2026-01-27 15:30:34,198 - __main__ - INFO - go_next: Aktuelle Seite 1, scan_start=True
2026-01-27 15:30:34,203 - __main__ - WARNING - Keine gültigen Bilder zum Verarbeiten - alle sind Verworfen
2026-01-27 15:30:34,209 - __main__ - INFO - Alle Tasks fertig
2026-01-27 15:30:45,372 - __main__ - INFO - 3D-Scanner wird gestartet...
2026-01-27 15:30:45,892 - __main__ - INFO - Verfügbare Kameras gefunden: [0]
2026-01-27 15:30:47,990 - __main__ - INFO - go_next: Aktuelle Seite 0, scan_start=False
2026-01-27 15:30:47,990 - __main__ - INFO - Starte Bildaufnahme von allen Kameras
2026-01-27 15:30:48,825 - __main__ - INFO - Bild erfolgreich von Kamera 0 aufgenommen
2026-01-27 15:30:49,657 - __main__ - INFO - Bild erfolgreich von Kamera 0 aufgenommen
2026-01-27 15:30:50,488 - __main__ - INFO - Bild erfolgreich von Kamera 0 aufgenommen
2026-01-27 15:30:51,316 - __main__ - INFO - Bild erfolgreich von Kamera 0 aufgenommen
2026-01-27 15:30:51,905 - __main__ - INFO - Verworfen Bild 2
2026-01-27 15:30:52,550 - __main__ - INFO - Verworfen Bild 4
2026-01-27 15:30:53,191 - __main__ - INFO - go_next: Aktuelle Seite 1, scan_start=True
2026-01-27 15:30:53,529 - __main__ - INFO - Ergebnis von weight erhalten: Typ=<class 'float'>
2026-01-27 15:30:53,529 - __main__ - INFO - Gewicht: 1500.0
2026-01-27 15:30:53,530 - __main__ - INFO - Barcodes vorhanden - aktualisiere GUI
2026-01-27 15:30:54,951 - workers.BarCode_v02 - INFO - YOLO-Modell geladen von models/YOLOV8s_Barcode_Detection.pt
2026-01-27 15:30:54,951 - __main__ - INFO - Analysiere Bild 0 (iso_Bild) auf Barcodes...
2026-01-27 15:30:55,055 - __main__ - INFO - BoundingBox_Yolo03 erfolgreich importiert
2026-01-27 15:30:55,056 - __main__ - INFO - Verarbeite Bild 0 für YOLO-Erkennung
2026-01-27 15:30:57,444 - __main__ - WARNING - Bild 0: Keine Boxen erkannt
2026-01-27 15:30:57,445 - __main__ - INFO - Verarbeite Bild 1 für YOLO-Erkennung
2026-01-27 15:30:59,374 - __main__ - WARNING - Bild 1: Keine Boxen erkannt
2026-01-27 15:30:59,374 - __main__ - INFO - Verarbeite Bild 2 für YOLO-Erkennung
2026-01-27 15:31:01,183 - __main__ - WARNING - Bild 2: Keine Boxen erkannt
2026-01-27 15:31:01,184 - __main__ - INFO - Verarbeite Bild 3 für YOLO-Erkennung
2026-01-27 15:31:02,984 - __main__ - WARNING - Bild 3: Keine Boxen erkannt
2026-01-27 15:31:02,984 - __main__ - INFO - YOLO-Erkennung abgeschlossen. Dimensionen: ['0 x 0', '0 x 0', '0 x 0', '0 x 0']
2026-01-27 15:31:02,985 - __main__ - INFO - Ergebnis von Abmessung erhalten: Typ=<class 'list'>
2026-01-27 15:31:02,985 - __main__ - INFO - Abmessungen erhalten: ['0 x 0', '0 x 0', '0 x 0', '0 x 0']
2026-01-27 15:31:02,985 - __main__ - WARNING - Keine gültigen Abmessungen gefunden
2026-01-27 15:31:02,985 - __main__ - INFO - Barcodes vorhanden - aktualisiere GUI
2026-01-27 15:31:03,052 - __main__ - INFO - Ergebnis von yolo_frames erhalten: Typ=<class 'list'>
2026-01-27 15:31:03,053 - __main__ - INFO - Erhalte 4 annotierte Frames
2026-01-27 15:31:03,053 - __main__ - INFO - YOLO-Frames vorhanden - aktualisiere Bilder in GUI
2026-01-27 15:31:13,997 - workers.BarCode_v02 - INFO - Bild 0: 0 Barcode(s) erkannt
2026-01-27 15:31:13,998 - __main__ - INFO - Bild 0: Keine Barcodes erkannt
2026-01-27 15:31:13,998 - __main__ - INFO - Analysiere Bild 1 (top_Bild) auf Barcodes...
2026-01-27 15:31:29,793 - workers.BarCode_v02 - INFO - Bild 1: 0 Barcode(s) erkannt
2026-01-27 15:35:55,492 - __main__ - INFO - Bild 1: Keine Barcodes erkannt
2026-01-27 15:35:55,492 - __main__ - INFO - Analysiere Bild 2 (right_Bild) auf Barcodes...
2026-01-27 15:36:00,839 - __main__ - INFO - 3D-Scanner wird gestartet...
2026-01-27 15:36:01,405 - __main__ - INFO - Verfügbare Kameras gefunden: [0]
2026-01-27 15:36:02,359 - __main__ - INFO - go_next: Aktuelle Seite 0, scan_start=False
2026-01-27 15:36:02,359 - __main__ - INFO - Starte Bildaufnahme von allen Kameras
2026-01-27 15:36:03,193 - __main__ - INFO - Bild erfolgreich von Kamera 0 aufgenommen
2026-01-27 15:36:04,037 - __main__ - INFO - Bild erfolgreich von Kamera 0 aufgenommen
2026-01-27 15:36:04,869 - __main__ - INFO - Bild erfolgreich von Kamera 0 aufgenommen
2026-01-27 15:36:05,696 - __main__ - INFO - Bild erfolgreich von Kamera 0 aufgenommen
2026-01-27 15:36:06,305 - __main__ - INFO - Verworfen Bild 2
2026-01-27 15:36:06,624 - __main__ - INFO - Verworfen Bild 1
2026-01-27 15:36:07,302 - __main__ - INFO - go_next: Aktuelle Seite 1, scan_start=True
2026-01-27 15:36:07,667 - __main__ - INFO - Ergebnis von weight erhalten: Typ=<class 'float'>
2026-01-27 15:36:07,667 - __main__ - INFO - Gewicht: 1500.0
2026-01-27 15:36:07,668 - __main__ - INFO - Barcodes vorhanden - aktualisiere GUI
2026-01-27 15:36:09,381 - workers.BarCode_v02 - INFO - YOLO-Modell geladen von models/YOLOV8s_Barcode_Detection.pt
2026-01-27 15:36:09,381 - __main__ - INFO - Analysiere Bild 0 (iso_Bild) auf Barcodes...
2026-01-27 15:36:09,479 - __main__ - INFO - BoundingBox_Yolo03 erfolgreich importiert
2026-01-27 15:36:09,479 - __main__ - INFO - Verarbeite Bild 0 für YOLO-Erkennung
2026-01-27 15:36:11,769 - __main__ - WARNING - Bild 0: Keine Boxen erkannt
2026-01-27 15:36:11,770 - __main__ - INFO - Verarbeite Bild 1 für YOLO-Erkennung
2026-01-27 15:36:13,645 - __main__ - WARNING - Bild 1: Keine Boxen erkannt
2026-01-27 15:36:13,645 - __main__ - INFO - YOLO-Erkennung abgeschlossen. Dimensionen: ['0 x 0', '0 x 0']
2026-01-27 15:36:13,645 - __main__ - INFO - Ergebnis von Abmessung erhalten: Typ=<class 'list'>
2026-01-27 15:36:13,646 - __main__ - INFO - Abmessungen erhalten: ['0 x 0', '0 x 0', '0 x 0', '0 x 0']
2026-01-27 15:36:13,646 - __main__ - WARNING - Keine gültigen Abmessungen gefunden
2026-01-27 15:36:13,646 - __main__ - INFO - Barcodes vorhanden - aktualisiere GUI
2026-01-27 15:36:13,719 - __main__ - INFO - Ergebnis von yolo_frames erhalten: Typ=<class 'list'>
2026-01-27 15:36:13,719 - __main__ - INFO - Erhalte 4 annotierte Frames
2026-01-27 15:36:13,720 - __main__ - INFO - YOLO-Frames vorhanden - aktualisiere Bilder in GUI
2026-01-27 15:36:27,429 - workers.BarCode_v02 - INFO - Bild 0: 0 Barcode(s) erkannt
2026-01-27 15:36:27,430 - __main__ - INFO - Bild 0: Keine Barcodes erkannt
2026-01-27 15:36:27,430 - __main__ - INFO - Analysiere Bild 1 (top_Bild) auf Barcodes...
2026-01-27 15:36:41,394 - workers.BarCode_v02 - INFO - Bild 1: 0 Barcode(s) erkannt
2026-01-27 15:36:41,395 - __main__ - INFO - Bild 1: Keine Barcodes erkannt
2026-01-27 15:36:41,395 - __main__ - INFO - Insgesamt 0 Barcodes in 2 Bildern erkannt
2026-01-27 15:36:41,396 - __main__ - INFO - Alle Tasks fertig
2026-01-27 15:37:02,491 - __main__ - INFO - go_back: Aktuelle Seite 2, scan_start=False
2026-01-27 15:37:02,492 - __main__ - INFO - Zurück zur Foto-Auswahl: scan_start=True gesetzt
2026-01-27 15:37:03,855 - __main__ - INFO - Verworfen Bild 3
2026-01-27 15:37:04,085 - __main__ - INFO - Verworfen Bild 4
2026-01-27 15:37:04,713 - __main__ - INFO - Verworfen Bild 1
2026-01-27 15:37:04,903 - __main__ - INFO - Verworfen Bild 2
2026-01-27 15:37:05,913 - __main__ - INFO - go_next: Aktuelle Seite 1, scan_start=True
2026-01-27 15:37:05,916 - __main__ - WARNING - Keine gültigen Bilder zum Verarbeiten - alle sind Verworfen
2026-01-27 15:37:05,922 - __main__ - INFO - Alle Tasks fertig
2026-01-27 15:37:07,279 - __main__ - INFO - go_back: Aktuelle Seite 2, scan_start=False
2026-01-27 15:37:07,279 - __main__ - INFO - Zurück zur Foto-Auswahl: scan_start=True gesetzt
2026-01-27 15:37:08,302 - __main__ - INFO - Verworfen Bild 2
2026-01-27 15:37:08,866 - __main__ - INFO - Verworfen Bild 4
2026-01-27 15:37:09,823 - __main__ - INFO - Wiederhole Bild 3
2026-01-27 15:37:09,823 - __main__ - WARNING - Kamera 2 nicht verfügbar
2026-01-27 15:37:10,692 - __main__ - INFO - go_next: Aktuelle Seite 1, scan_start=True
2026-01-27 15:37:10,695 - __main__ - WARNING - Keine gültigen Bilder zum Verarbeiten - alle sind Verworfen
2026-01-27 15:37:10,701 - __main__ - INFO - Alle Tasks fertig
2026-01-27 15:37:13,824 - __main__ - INFO - 3D-Scanner wird gestartet...
2026-01-27 15:37:14,398 - __main__ - INFO - Verfügbare Kameras gefunden: [0]
2026-01-27 15:37:16,640 - __main__ - INFO - go_next: Aktuelle Seite 0, scan_start=False
2026-01-27 15:37:16,640 - __main__ - INFO - Starte Bildaufnahme von allen Kameras
2026-01-27 15:37:17,476 - __main__ - INFO - Bild erfolgreich von Kamera 0 aufgenommen
2026-01-27 15:37:18,306 - __main__ - INFO - Bild erfolgreich von Kamera 0 aufgenommen
2026-01-27 15:37:19,135 - __main__ - INFO - Bild erfolgreich von Kamera 0 aufgenommen
2026-01-27 15:37:19,966 - __main__ - INFO - Bild erfolgreich von Kamera 0 aufgenommen
2026-01-27 15:37:20,916 - __main__ - INFO - Verworfen Bild 1
2026-01-27 15:37:21,475 - __main__ - INFO - Wiederhole Bild 2
2026-01-27 15:37:21,475 - __main__ - WARNING - Kamera 1 nicht verfügbar
2026-01-27 15:37:22,977 - __main__ - INFO - Wiederhole Bild 3
2026-01-27 15:37:22,977 - __main__ - WARNING - Kamera 2 nicht verfügbar
2026-01-27 15:37:23,594 - __main__ - INFO - Wiederhole Bild 1
2026-01-27 15:37:24,423 - __main__ - INFO - Bild erfolgreich von Kamera 0 aufgenommen
2026-01-27 15:37:25,444 - __main__ - INFO - Wiederhole Bild 1
2026-01-27 15:37:26,275 - __main__ - INFO - Bild erfolgreich von Kamera 0 aufgenommen
2026-01-27 15:37:26,941 - __main__ - INFO - Wiederhole Bild 1
2026-01-27 15:37:27,772 - __main__ - INFO - Bild erfolgreich von Kamera 0 aufgenommen
2026-01-27 15:37:29,905 - __main__ - INFO - Wiederhole Bild 1
2026-01-27 15:37:30,739 - __main__ - INFO - Bild erfolgreich von Kamera 0 aufgenommen
2026-01-27 15:37:31,225 - __main__ - INFO - Wiederhole Bild 1
2026-01-27 15:37:32,055 - __main__ - INFO - Bild erfolgreich von Kamera 0 aufgenommen
2026-01-27 15:37:35,122 - __main__ - INFO - Wiederhole Bild 1
2026-01-27 15:37:35,955 - __main__ - INFO - Bild erfolgreich von Kamera 0 aufgenommen
2026-01-27 15:37:37,886 - __main__ - INFO - go_next: Aktuelle Seite 1, scan_start=True
2026-01-27 15:37:38,241 - __main__ - INFO - Ergebnis von weight erhalten: Typ=<class 'float'>
2026-01-27 15:37:38,241 - __main__ - INFO - Gewicht: 1500.0
2026-01-27 15:37:38,242 - __main__ - INFO - Barcodes vorhanden - aktualisiere GUI
2026-01-27 15:37:39,629 - workers.BarCode_v02 - INFO - YOLO-Modell geladen von models/YOLOV8s_Barcode_Detection.pt
2026-01-27 15:37:39,629 - __main__ - INFO - Analysiere Bild 0 (iso_Bild) auf Barcodes...
2026-01-27 15:37:39,709 - __main__ - INFO - BoundingBox_Yolo03 erfolgreich importiert
2026-01-27 15:37:39,709 - __main__ - INFO - Verarbeite Bild 0 für YOLO-Erkennung
2026-01-27 15:37:42,063 - __main__ - WARNING - Bild 0: Keine Boxen erkannt
2026-01-27 15:37:42,063 - __main__ - INFO - Verarbeite Bild 1 für YOLO-Erkennung
2026-01-27 15:37:43,989 - __main__ - WARNING - Bild 1: Keine Boxen erkannt
2026-01-27 15:37:43,990 - __main__ - INFO - Verarbeite Bild 2 für YOLO-Erkennung
2026-01-27 15:37:45,809 - __main__ - WARNING - Bild 2: Keine Boxen erkannt
2026-01-27 15:37:45,810 - __main__ - INFO - YOLO-Erkennung abgeschlossen. Dimensionen: ['0 x 0', '0 x 0', '0 x 0']
2026-01-27 15:37:45,810 - __main__ - INFO - Ergebnis von Abmessung erhalten: Typ=<class 'list'>
2026-01-27 15:37:45,811 - __main__ - INFO - Abmessungen erhalten: ['0 x 0', '0 x 0', '0 x 0', '0 x 0']
2026-01-27 15:37:45,811 - __main__ - WARNING - Keine gültigen Abmessungen gefunden
2026-01-27 15:37:45,811 - __main__ - INFO - Barcodes vorhanden - aktualisiere GUI
2026-01-27 15:37:45,884 - __main__ - INFO - Ergebnis von yolo_frames erhalten: Typ=<class 'list'>
2026-01-27 15:37:45,884 - __main__ - INFO - Erhalte 4 annotierte Frames
2026-01-27 15:37:45,884 - __main__ - INFO - YOLO-Frames vorhanden - aktualisiere Bilder in GUI
2026-01-27 15:37:50,280 - workers.BarCode_v02 - INFO - Bild 0: 0 Barcode(s) erkannt
2026-01-27 15:37:50,281 - __main__ - INFO - Bild 0: Keine Barcodes erkannt
2026-01-27 15:37:50,281 - __main__ - INFO - Analysiere Bild 1 (top_Bild) auf Barcodes...
2026-01-27 15:39:11,580 - __main__ - INFO - 3D-Scanner wird gestartet...
2026-01-27 15:39:12,144 - __main__ - INFO - Verfügbare Kameras gefunden: [0]
2026-01-27 15:39:13,232 - __main__ - INFO - go_next: Aktuelle Seite 0, scan_start=False
2026-01-27 15:39:13,232 - __main__ - INFO - Starte Bildaufnahme von allen Kameras
2026-01-27 15:39:14,063 - __main__ - INFO - Bild erfolgreich von Kamera 0 aufgenommen
2026-01-27 15:39:14,895 - __main__ - INFO - Bild erfolgreich von Kamera 0 aufgenommen
2026-01-27 15:39:15,726 - __main__ - INFO - Bild erfolgreich von Kamera 0 aufgenommen
2026-01-27 15:39:16,558 - __main__ - INFO - Bild erfolgreich von Kamera 0 aufgenommen
2026-01-27 15:39:17,348 - __main__ - INFO - Verworfen Bild 3
2026-01-27 15:39:17,897 - __main__ - INFO - Verworfen Bild 1
2026-01-27 15:39:18,266 - __main__ - INFO - Verworfen Bild 2
2026-01-27 15:39:19,060 - __main__ - INFO - go_next: Aktuelle Seite 1, scan_start=True
2026-01-27 15:39:19,414 - __main__ - INFO - Ergebnis von weight erhalten: Typ=<class 'float'>
2026-01-27 15:39:19,414 - __main__ - INFO - Gewicht: 1500.0
2026-01-27 15:39:19,415 - __main__ - INFO - Barcodes vorhanden - aktualisiere GUI
2026-01-27 15:39:20,808 - workers.BarCode_v02 - INFO - YOLO-Modell geladen von models/YOLOV8s_Barcode_Detection.pt
2026-01-27 15:39:20,809 - __main__ - INFO - Analysiere Bild 0 (iso_Bild) auf Barcodes...
2026-01-27 15:39:20,914 - __main__ - INFO - BoundingBox_Yolo03 erfolgreich importiert
2026-01-27 15:39:20,915 - __main__ - INFO - Verarbeite Bild 0 für YOLO-Erkennung
2026-01-27 15:39:21,276 - workers.BarCode_v02 - INFO - Bild 0: 0 Barcode(s) erkannt
2026-01-27 15:39:21,277 - __main__ - INFO - Bild 0: Keine Barcodes erkannt
2026-01-27 15:39:21,277 - __main__ - INFO - Insgesamt 0 Barcodes in 1 Bildern erkannt
2026-01-27 15:39:23,127 - __main__ - WARNING - Bild 0: Keine Boxen erkannt
2026-01-27 15:39:23,128 - __main__ - INFO - YOLO-Erkennung abgeschlossen. Dimensionen: ['0 x 0']
2026-01-27 15:39:23,128 - __main__ - INFO - Ergebnis von Abmessung erhalten: Typ=<class 'list'>
2026-01-27 15:39:23,129 - __main__ - INFO - Abmessungen erhalten: ['0 x 0', '0 x 0', '0 x 0', '0 x 0']
2026-01-27 15:39:23,129 - __main__ - WARNING - Keine gültigen Abmessungen gefunden
2026-01-27 15:39:23,129 - __main__ - INFO - Barcodes vorhanden - aktualisiere GUI
2026-01-27 15:39:23,212 - __main__ - INFO - Ergebnis von yolo_frames erhalten: Typ=<class 'list'>
2026-01-27 15:39:23,213 - __main__ - INFO - Erhalte 4 annotierte Frames
2026-01-27 15:39:23,213 - __main__ - INFO - YOLO-Frames vorhanden - aktualisiere Bilder in GUI
2026-01-27 15:39:23,292 - __main__ - INFO - Alle Tasks fertig
2026-01-27 15:39:28,274 - __main__ - INFO - go_next: Aktuelle Seite 2, scan_start=False
2026-01-27 15:39:28,758 - __main__ - INFO - go_back: Aktuelle Seite 3, scan_start=False
2026-01-27 15:39:28,996 - __main__ - INFO - go_back: Aktuelle Seite 2, scan_start=False
2026-01-27 15:39:28,996 - __main__ - INFO - Zurück zur Foto-Auswahl: scan_start=True gesetzt
2026-01-27 15:39:29,359 - __main__ - INFO - go_back: Aktuelle Seite 1, scan_start=True
2026-01-27 15:39:32,514 - __main__ - INFO - go_next: Aktuelle Seite 0, scan_start=False
2026-01-27 15:39:32,514 - __main__ - INFO - Starte Bildaufnahme von allen Kameras
2026-01-27 15:39:33,355 - __main__ - INFO - Bild erfolgreich von Kamera 0 aufgenommen
2026-01-27 15:39:34,191 - __main__ - INFO - Bild erfolgreich von Kamera 0 aufgenommen
2026-01-27 15:39:35,027 - __main__ - INFO - Bild erfolgreich von Kamera 0 aufgenommen
2026-01-27 15:39:35,863 - __main__ - INFO - Bild erfolgreich von Kamera 0 aufgenommen
2026-01-27 15:39:36,673 - __main__ - INFO - Verworfen Bild 1
2026-01-27 15:39:37,369 - __main__ - INFO - Verworfen Bild 2
2026-01-27 15:39:38,091 - __main__ - INFO - Verworfen Bild 3
2026-01-27 15:39:39,090 - __main__ - INFO - go_next: Aktuelle Seite 1, scan_start=True
2026-01-27 15:39:39,095 - __main__ - INFO - BoundingBox_Yolo03 erfolgreich importiert
2026-01-27 15:39:39,095 - __main__ - INFO - Verarbeite Bild 0 für YOLO-Erkennung
2026-01-27 15:39:39,210 - workers.BarCode_v02 - INFO - YOLO-Modell geladen von models/YOLOV8s_Barcode_Detection.pt
2026-01-27 15:39:39,212 - __main__ - INFO - Analysiere Bild 0 (iso_Bild) auf Barcodes...
2026-01-27 15:39:39,426 - __main__ - INFO - Ergebnis von weight erhalten: Typ=<class 'float'>
2026-01-27 15:39:39,427 - __main__ - INFO - Gewicht: 2250.0
2026-01-27 15:39:39,427 - __main__ - INFO - YOLO-Frames vorhanden - aktualisiere Bilder in GUI
2026-01-27 15:39:39,721 - workers.BarCode_v02 - INFO - Bild 0: 0 Barcode(s) erkannt
2026-01-27 15:39:39,721 - __main__ - INFO - Bild 0: Keine Barcodes erkannt
2026-01-27 15:39:39,722 - __main__ - INFO - Insgesamt 0 Barcodes in 1 Bildern erkannt
2026-01-27 15:39:41,023 - __main__ - WARNING - Bild 0: Keine Boxen erkannt
2026-01-27 15:39:41,024 - __main__ - INFO - YOLO-Erkennung abgeschlossen. Dimensionen: ['0 x 0']
2026-01-27 15:39:41,024 - __main__ - INFO - Ergebnis von Abmessung erhalten: Typ=<class 'list'>
2026-01-27 15:39:41,024 - __main__ - INFO - Abmessungen erhalten: ['0 x 0', '0 x 0', '0 x 0', '0 x 0']
2026-01-27 15:39:41,024 - __main__ - WARNING - Keine gültigen Abmessungen gefunden
2026-01-27 15:39:41,026 - __main__ - INFO - YOLO-Frames vorhanden - aktualisiere Bilder in GUI
2026-01-27 15:39:41,086 - __main__ - INFO - Ergebnis von yolo_frames erhalten: Typ=<class 'list'>
2026-01-27 15:39:41,087 - __main__ - INFO - Erhalte 4 annotierte Frames
2026-01-27 15:39:41,087 - __main__ - INFO - YOLO-Frames vorhanden - aktualisiere Bilder in GUI
2026-01-27 15:39:41,144 - __main__ - INFO - Alle Tasks fertig
2026-01-27 15:39:43,360 - __main__ - INFO - go_back: Aktuelle Seite 2, scan_start=False
2026-01-27 15:39:43,360 - __main__ - INFO - Zurück zur Foto-Auswahl: scan_start=True gesetzt
2026-01-27 15:39:43,740 - __main__ - INFO - go_back: Aktuelle Seite 1, scan_start=True
2026-01-27 15:39:48,850 - __main__ - INFO - go_next: Aktuelle Seite 0, scan_start=False
2026-01-27 15:39:48,851 - __main__ - INFO - Starte Bildaufnahme von allen Kameras
2026-01-27 15:39:49,695 - __main__ - INFO - Bild erfolgreich von Kamera 0 aufgenommen
2026-01-27 15:39:50,531 - __main__ - INFO - Bild erfolgreich von Kamera 0 aufgenommen
2026-01-27 15:39:51,371 - __main__ - INFO - Bild erfolgreich von Kamera 0 aufgenommen
2026-01-27 15:39:52,207 - __main__ - INFO - Bild erfolgreich von Kamera 0 aufgenommen
2026-01-27 15:40:11,064 - __main__ - INFO - Wiederhole Bild 1
2026-01-27 15:40:11,916 - __main__ - INFO - Bild erfolgreich von Kamera 0 aufgenommen
2026-01-27 15:40:12,458 - __main__ - INFO - Wiederhole Bild 1
2026-01-27 15:40:13,313 - __main__ - INFO - Bild erfolgreich von Kamera 0 aufgenommen
2026-01-27 15:40:18,217 - __main__ - INFO - Wiederhole Bild 1
2026-01-27 15:40:19,060 - __main__ - INFO - Bild erfolgreich von Kamera 0 aufgenommen
2026-01-27 15:40:19,509 - __main__ - INFO - Wiederhole Bild 1
2026-01-27 15:40:20,352 - __main__ - INFO - Bild erfolgreich von Kamera 0 aufgenommen
2026-01-27 15:40:20,767 - __main__ - INFO - Wiederhole Bild 1
2026-01-27 15:40:21,604 - __main__ - INFO - Bild erfolgreich von Kamera 0 aufgenommen
2026-01-27 15:40:22,068 - __main__ - INFO - Wiederhole Bild 1
2026-01-27 15:40:22,932 - __main__ - INFO - Bild erfolgreich von Kamera 0 aufgenommen
2026-01-27 15:40:23,355 - __main__ - INFO - Wiederhole Bild 1
2026-01-27 15:40:24,192 - __main__ - INFO - Bild erfolgreich von Kamera 0 aufgenommen
2026-01-27 15:40:24,694 - __main__ - INFO - Wiederhole Bild 1
2026-01-27 15:40:25,533 - __main__ - INFO - Bild erfolgreich von Kamera 0 aufgenommen
2026-01-27 15:40:30,578 - __main__ - INFO - Wiederhole Bild 1
2026-01-27 15:40:31,420 - __main__ - INFO - Bild erfolgreich von Kamera 0 aufgenommen
2026-01-27 15:40:33,935 - __main__ - INFO - Wiederhole Bild 1
2026-01-27 15:40:34,772 - __main__ - INFO - Bild erfolgreich von Kamera 0 aufgenommen
2026-01-27 15:40:36,687 - __main__ - INFO - Wiederhole Bild 1
2026-01-27 15:40:37,529 - __main__ - INFO - Bild erfolgreich von Kamera 0 aufgenommen
2026-01-27 15:40:38,835 - __main__ - INFO - Wiederhole Bild 1
2026-01-27 15:40:39,677 - __main__ - INFO - Bild erfolgreich von Kamera 0 aufgenommen
2026-01-27 15:40:57,792 - __main__ - INFO - Wiederhole Bild 1
2026-01-27 15:40:58,390 - __main__ - INFO - Bild erfolgreich von Kamera 0 aufgenommen
2026-01-27 15:40:59,410 - __main__ - INFO - Wiederhole Bild 2
2026-01-27 15:40:59,411 - __main__ - WARNING - Kamera 1 nicht verfügbar
2026-01-27 15:41:00,614 - __main__ - INFO - Wiederhole Bild 4
2026-01-27 15:41:00,614 - __main__ - WARNING - Kamera 3 nicht verfügbar
2026-01-27 15:41:00,920 - __main__ - INFO - Wiederhole Bild 3
2026-01-27 15:41:00,922 - __main__ - WARNING - Kamera 2 nicht verfügbar
2026-01-27 15:41:01,617 - __main__ - INFO - go_next: Aktuelle Seite 1, scan_start=True
2026-01-27 15:41:01,620 - __main__ - INFO - BoundingBox_Yolo03 erfolgreich importiert
2026-01-27 15:41:01,621 - __main__ - INFO - Verarbeite Bild 0 für YOLO-Erkennung
2026-01-27 15:41:01,752 - workers.BarCode_v02 - INFO - YOLO-Modell geladen von models/YOLOV8s_Barcode_Detection.pt
2026-01-27 15:41:01,753 - __main__ - INFO - Analysiere Bild 0 (iso_Bild) auf Barcodes...
2026-01-27 15:41:01,961 - __main__ - INFO - Ergebnis von weight erhalten: Typ=<class 'float'>
2026-01-27 15:41:01,963 - __main__ - INFO - Gewicht: 2625.0
2026-01-27 15:41:01,971 - __main__ - INFO - YOLO-Frames vorhanden - aktualisiere Bilder in GUI
2026-01-27 15:41:03,773 - __main__ - WARNING - Bild 0: Keine Boxen erkannt
2026-01-27 15:41:03,773 - __main__ - INFO - YOLO-Erkennung abgeschlossen. Dimensionen: ['0 x 0']
2026-01-27 15:41:04,364 - __main__ - INFO - Verworfen Bild 2
2026-01-27 15:41:05,064 - __main__ - INFO - Verworfen Bild 3
2026-01-27 15:41:05,263 - __main__ - INFO - Verworfen Bild 4
2026-01-27 15:41:05,851 - __main__ - INFO - go_next: Aktuelle Seite 1, scan_start=True
2026-01-27 15:41:05,854 - __main__ - WARNING - Keine gültigen Bilder zum Verarbeiten - alle sind Verworfen
2026-01-27 15:41:05,859 - __main__ - INFO - Alle Tasks fertig
2026-01-27 15:41:09,457 - workers.BarCode_v02 - INFO - Bild 0: 0 Barcode(s) erkannt
2026-01-27 15:41:09,457 - __main__ - INFO - Bild 0: Keine Barcodes erkannt
2026-01-27 15:41:09,457 - __main__ - INFO - Insgesamt 0 Barcodes in 1 Bildern erkannt
2026-01-27 15:41:09,510 - __main__ - INFO - go_back: Aktuelle Seite 2, scan_start=False
2026-01-27 15:41:09,511 - __main__ - INFO - Zurück zur Foto-Auswahl: scan_start=True gesetzt
2026-01-27 15:41:10,381 - __main__ - INFO - go_next: Aktuelle Seite 1, scan_start=True
2026-01-27 15:41:10,384 - __main__ - WARNING - Keine gültigen Bilder zum Verarbeiten - alle sind Verworfen
2026-01-27 15:41:10,389 - __main__ - INFO - Alle Tasks fertig
2026-01-27 15:41:11,900 - __main__ - INFO - go_back: Aktuelle Seite 2, scan_start=False
2026-01-27 15:41:11,901 - __main__ - INFO - Zurück zur Foto-Auswahl: scan_start=True gesetzt
2026-01-27 15:41:12,282 - __main__ - INFO - go_back: Aktuelle Seite 1, scan_start=True
2026-01-27 15:41:13,630 - __main__ - INFO - go_next: Aktuelle Seite 0, scan_start=False
2026-01-27 15:41:13,630 - __main__ - INFO - Starte Bildaufnahme von allen Kameras
2026-01-27 15:41:14,206 - __main__ - INFO - Bild erfolgreich von Kamera 0 aufgenommen
2026-01-27 15:41:14,770 - __main__ - INFO - Bild erfolgreich von Kamera 0 aufgenommen
2026-01-27 15:41:15,338 - __main__ - INFO - Bild erfolgreich von Kamera 0 aufgenommen
2026-01-27 15:41:15,902 - __main__ - INFO - Bild erfolgreich von Kamera 0 aufgenommen
2026-01-27 15:41:16,993 - __main__ - INFO - Wiederhole Bild 1
2026-01-27 15:41:17,562 - __main__ - INFO - Bild erfolgreich von Kamera 0 aufgenommen
2026-01-27 15:41:18,451 - __main__ - INFO - Verworfen Bild 3
2026-01-27 15:41:18,653 - __main__ - INFO - Verworfen Bild 4
2026-01-27 15:41:19,667 - __main__ - INFO - go_next: Aktuelle Seite 1, scan_start=True
2026-01-27 15:41:19,670 - __main__ - WARNING - Keine gültigen Bilder zum Verarbeiten - alle sind Verworfen
2026-01-27 15:41:19,676 - __main__ - INFO - Alle Tasks fertig
2026-01-27 15:42:44,207 - __main__ - INFO - 3D-Scanner wird gestartet...
2026-01-27 15:42:44,774 - __main__ - INFO - Verfügbare Kameras gefunden: [0]
2026-01-27 15:42:45,840 - __main__ - INFO - go_next: Aktuelle Seite 0, scan_start=False
2026-01-27 15:42:45,841 - __main__ - INFO - Starte Bildaufnahme von allen Kameras
2026-01-27 15:42:46,404 - __main__ - INFO - Bild erfolgreich von Kamera 0 aufgenommen
2026-01-27 15:42:46,964 - __main__ - INFO - Bild erfolgreich von Kamera 0 aufgenommen
2026-01-27 15:42:47,524 - __main__ - INFO - Bild erfolgreich von Kamera 0 aufgenommen
2026-01-27 15:42:48,084 - __main__ - INFO - Bild erfolgreich von Kamera 0 aufgenommen
2026-01-27 15:42:49,245 - __main__ - INFO - Verworfen Bild 3
2026-01-27 15:42:49,554 - __main__ - INFO - Verworfen Bild 4
2026-01-27 15:42:50,204 - __main__ - INFO - go_next: Aktuelle Seite 1, scan_start=True
2026-01-27 15:42:50,543 - __main__ - INFO - Ergebnis von weight erhalten: Typ=<class 'float'>
2026-01-27 15:42:50,543 - __main__ - INFO - Gewicht: 1500.0
2026-01-27 15:42:50,545 - __main__ - INFO - Barcodes vorhanden - aktualisiere GUI
2026-01-27 15:42:51,966 - workers.BarCode_v02 - INFO - YOLO-Modell geladen von models/YOLOV8s_Barcode_Detection.pt
2026-01-27 15:42:51,967 - __main__ - INFO - Analysiere Bild 0 (iso_Bild) auf Barcodes...
2026-01-27 15:42:52,049 - __main__ - INFO - BoundingBox_Yolo03 erfolgreich importiert
2026-01-27 15:42:52,049 - __main__ - INFO - Verarbeite Bild 0 für YOLO-Erkennung
2026-01-27 15:42:52,358 - workers.BarCode_v02 - INFO - Bild 0: 0 Barcode(s) erkannt
2026-01-27 15:42:52,359 - __main__ - INFO - Bild 0: Keine Barcodes erkannt
2026-01-27 15:42:52,359 - __main__ - INFO - Analysiere Bild 1 (top_Bild) auf Barcodes...
2026-01-27 15:42:52,584 - workers.BarCode_v02 - INFO - Bild 1: 0 Barcode(s) erkannt
2026-01-27 15:42:52,584 - __main__ - INFO - Bild 1: Keine Barcodes erkannt
2026-01-27 15:42:52,584 - __main__ - INFO - Insgesamt 0 Barcodes in 2 Bildern erkannt
2026-01-27 15:42:54,357 - __main__ - INFO - Bild 0: YOLO erkannt - 48 x 107
2026-01-27 15:42:54,359 - __main__ - INFO - Verarbeite Bild 1 für YOLO-Erkennung
2026-01-27 15:42:56,229 - __main__ - INFO - Bild 1: YOLO erkannt - 420 x 331
2026-01-27 15:42:56,230 - __main__ - INFO - YOLO-Erkennung abgeschlossen. Dimensionen: ['48 x 107', '420 x 331']
2026-01-27 15:42:56,231 - __main__ - INFO - Ergebnis von Abmessung erhalten: Typ=<class 'list'>
2026-01-27 15:42:56,231 - __main__ - INFO - Abmessungen erhalten: ['48 x 107', '420 x 331', '0 x 0', '0 x 0']
2026-01-27 15:42:56,231 - __main__ - INFO - Gesamt-Abmessung berechnet: 48 x 48 x 107
2026-01-27 15:42:56,231 - __main__ - INFO - Alle Hauptdaten vorhanden - aktualisiere GUI
2026-01-27 15:42:56,291 - __main__ - INFO - Ergebnis von yolo_frames erhalten: Typ=<class 'list'>
2026-01-27 15:42:56,292 - __main__ - INFO - Erhalte 4 annotierte Frames
2026-01-27 15:42:56,292 - __main__ - INFO - Alle Hauptdaten vorhanden - aktualisiere GUI
2026-01-27 15:42:56,350 - __main__ - INFO - Alle Tasks fertig
2026-01-27 15:42:58,460 - __main__ - INFO - go_back: Aktuelle Seite 2, scan_start=False
2026-01-27 15:42:58,460 - __main__ - INFO - Zurück zur Foto-Auswahl: scan_start=True gesetzt
2026-01-27 15:42:59,954 - __main__ - INFO - Verworfen Bild 2
2026-01-27 15:43:00,548 - __main__ - INFO - Verworfen Bild 3
2026-01-27 15:43:00,746 - __main__ - INFO - Verworfen Bild 4
2026-01-27 15:43:01,314 - __main__ - INFO - go_next: Aktuelle Seite 1, scan_start=True
2026-01-27 15:43:01,318 - __main__ - INFO - BoundingBox_Yolo03 erfolgreich importiert
2026-01-27 15:43:01,318 - __main__ - INFO - Verarbeite Bild 0 für YOLO-Erkennung
2026-01-27 15:43:01,429 - workers.BarCode_v02 - INFO - YOLO-Modell geladen von models/YOLOV8s_Barcode_Detection.pt
2026-01-27 15:43:01,431 - __main__ - INFO - Analysiere Bild 0 (iso_Bild) auf Barcodes...
2026-01-27 15:43:01,659 - __main__ - INFO - Ergebnis von weight erhalten: Typ=<class 'float'>
2026-01-27 15:43:01,661 - __main__ - INFO - Gewicht: 2250.0
2026-01-27 15:43:01,662 - __main__ - INFO - Alle Hauptdaten vorhanden - aktualisiere GUI
2026-01-27 15:43:01,929 - workers.BarCode_v02 - INFO - Bild 0: 0 Barcode(s) erkannt
2026-01-27 15:43:01,930 - __main__ - INFO - Bild 0: Keine Barcodes erkannt
2026-01-27 15:43:01,931 - __main__ - INFO - Insgesamt 0 Barcodes in 1 Bildern erkannt
2026-01-27 15:43:03,275 - __main__ - INFO - Bild 0: YOLO erkannt - 48 x 107
2026-01-27 15:43:03,276 - __main__ - INFO - YOLO-Erkennung abgeschlossen. Dimensionen: ['48 x 107']
2026-01-27 15:43:03,276 - __main__ - INFO - Ergebnis von Abmessung erhalten: Typ=<class 'list'>
2026-01-27 15:43:03,277 - __main__ - INFO - Abmessungen erhalten: ['48 x 107', '0 x 0', '0 x 0', '0 x 0']
2026-01-27 15:43:03,277 - __main__ - INFO - Gesamt-Abmessung berechnet: 48 x 48 x 107
2026-01-27 15:43:03,277 - __main__ - INFO - Alle Hauptdaten vorhanden - aktualisiere GUI
2026-01-27 15:43:03,335 - __main__ - INFO - Ergebnis von yolo_frames erhalten: Typ=<class 'list'>
2026-01-27 15:43:03,336 - __main__ - INFO - Erhalte 4 annotierte Frames
2026-01-27 15:43:03,336 - __main__ - INFO - Alle Hauptdaten vorhanden - aktualisiere GUI
2026-01-27 15:43:03,393 - __main__ - INFO - Alle Tasks fertig
2026-01-27 15:43:04,876 - __main__ - INFO - go_back: Aktuelle Seite 2, scan_start=False
2026-01-27 15:43:04,876 - __main__ - INFO - Zurück zur Foto-Auswahl: scan_start=True gesetzt
2026-01-27 15:43:05,155 - __main__ - INFO - go_back: Aktuelle Seite 1, scan_start=True
2026-01-27 15:43:06,472 - __main__ - INFO - go_next: Aktuelle Seite 0, scan_start=False
2026-01-27 15:43:06,473 - __main__ - INFO - Starte Bildaufnahme von allen Kameras
2026-01-27 15:43:07,041 - __main__ - INFO - Bild erfolgreich von Kamera 0 aufgenommen
2026-01-27 15:43:07,609 - __main__ - INFO - Bild erfolgreich von Kamera 0 aufgenommen
2026-01-27 15:43:08,188 - __main__ - INFO - Bild erfolgreich von Kamera 0 aufgenommen
2026-01-27 15:43:08,760 - __main__ - INFO - Bild erfolgreich von Kamera 0 aufgenommen
2026-01-27 15:43:09,393 - __main__ - INFO - go_next: Aktuelle Seite 1, scan_start=True
2026-01-27 15:43:09,397 - __main__ - INFO - BoundingBox_Yolo03 erfolgreich importiert
2026-01-27 15:43:09,397 - __main__ - INFO - Verarbeite Bild 0 für YOLO-Erkennung
2026-01-27 15:43:09,516 - workers.BarCode_v02 - INFO - YOLO-Modell geladen von models/YOLOV8s_Barcode_Detection.pt
2026-01-27 15:43:09,516 - __main__ - INFO - Analysiere Bild 0 (iso_Bild) auf Barcodes...
2026-01-27 15:43:09,723 - __main__ - INFO - Ergebnis von weight erhalten: Typ=<class 'float'>
2026-01-27 15:43:09,726 - __main__ - INFO - Gewicht: 2625.0
2026-01-27 15:43:09,726 - __main__ - INFO - Alle Hauptdaten vorhanden - aktualisiere GUI
2026-01-27 15:43:10,007 - workers.BarCode_v02 - INFO - Bild 0: 0 Barcode(s) erkannt
2026-01-27 15:43:10,007 - __main__ - INFO - Bild 0: Keine Barcodes erkannt
2026-01-27 15:43:10,008 - __main__ - INFO - Analysiere Bild 1 (top_Bild) auf Barcodes...
2026-01-27 15:43:10,258 - workers.BarCode_v02 - INFO - Bild 1: 0 Barcode(s) erkannt
2026-01-27 15:43:10,259 - __main__ - INFO - Bild 1: Keine Barcodes erkannt
2026-01-27 15:43:10,259 - __main__ - INFO - Analysiere Bild 2 (right_Bild) auf Barcodes...
2026-01-27 15:43:10,530 - workers.BarCode_v02 - INFO - Bild 2: 0 Barcode(s) erkannt
2026-01-27 15:43:10,536 - __main__ - INFO - Bild 2: Keine Barcodes erkannt
2026-01-27 15:43:10,537 - __main__ - INFO - Analysiere Bild 3 (behind_Bild) auf Barcodes...
2026-01-27 15:43:10,892 - workers.BarCode_v02 - INFO - Bild 3: 0 Barcode(s) erkannt
2026-01-27 15:43:10,893 - __main__ - INFO - Bild 3: Keine Barcodes erkannt
2026-01-27 15:43:10,894 - __main__ - INFO - Insgesamt 0 Barcodes in 4 Bildern erkannt
2026-01-27 15:43:11,602 - __main__ - INFO - Bild 0: YOLO erkannt - 56 x 76
2026-01-27 15:43:11,603 - __main__ - INFO - Verarbeite Bild 1 für YOLO-Erkennung
2026-01-27 15:43:13,376 - __main__ - INFO - Bild 1: YOLO erkannt - 414 x 329
2026-01-27 15:43:13,377 - __main__ - INFO - Verarbeite Bild 2 für YOLO-Erkennung
2026-01-27 15:43:15,257 - __main__ - INFO - Bild 2: YOLO erkannt - 415 x 329
2026-01-27 15:43:15,257 - __main__ - INFO - Verarbeite Bild 3 für YOLO-Erkennung
2026-01-27 15:43:17,018 - __main__ - INFO - Bild 3: YOLO erkannt - 67 x 66
2026-01-27 15:43:17,019 - __main__ - INFO - YOLO-Erkennung abgeschlossen. Dimensionen: ['56 x 76', '414 x 329', '415 x 329', '67 x 66']
2026-01-27 15:43:17,021 - __main__ - INFO - Ergebnis von Abmessung erhalten: Typ=<class 'list'>
2026-01-27 15:43:17,021 - __main__ - INFO - Abmessungen erhalten: ['56 x 76', '414 x 329', '415 x 329', '67 x 66']
2026-01-27 15:43:17,021 - __main__ - INFO - Gesamt-Abmessung berechnet: 56 x 56 x 76
2026-01-27 15:43:17,021 - __main__ - INFO - Alle Hauptdaten vorhanden - aktualisiere GUI
2026-01-27 15:43:17,081 - __main__ - INFO - Ergebnis von yolo_frames erhalten: Typ=<class 'list'>
2026-01-27 15:43:17,081 - __main__ - INFO - Erhalte 4 annotierte Frames
2026-01-27 15:43:17,082 - __main__ - INFO - Alle Hauptdaten vorhanden - aktualisiere GUI
2026-01-27 15:43:17,141 - __main__ - INFO - Alle Tasks fertig
2026-01-27 15:43:24,303 - __main__ - INFO - go_next: Aktuelle Seite 2, scan_start=False
2026-01-27 15:43:25,258 - __main__ - INFO - go_back: Aktuelle Seite 3, scan_start=False
2026-01-27 15:43:26,759 - __main__ - INFO - go_back: Aktuelle Seite 2, scan_start=False
2026-01-27 15:43:26,760 - __main__ - INFO - Zurück zur Foto-Auswahl: scan_start=True gesetzt
2026-01-27 15:43:27,219 - __main__ - INFO - go_back: Aktuelle Seite 1, scan_start=True
2026-01-27 15:43:28,886 - __main__ - INFO - go_next: Aktuelle Seite 1, scan_start=True
2026-01-27 15:43:28,891 - __main__ - INFO - BoundingBox_Yolo03 erfolgreich importiert
2026-01-27 15:43:28,891 - __main__ - INFO - Verarbeite Bild 0 für YOLO-Erkennung
2026-01-27 15:43:29,029 - workers.BarCode_v02 - INFO - YOLO-Modell geladen von models/YOLOV8s_Barcode_Detection.pt
2026-01-27 15:43:29,030 - __main__ - INFO - Analysiere Bild 0 (iso_Bild) auf Barcodes...
2026-01-27 15:43:29,217 - __main__ - INFO - Ergebnis von weight erhalten: Typ=<class 'float'>
2026-01-27 15:43:29,217 - __main__ - INFO - Gewicht: 2812.5
2026-01-27 15:43:29,218 - __main__ - INFO - Alle Hauptdaten vorhanden - aktualisiere GUI
2026-01-27 15:43:29,523 - workers.BarCode_v02 - INFO - Bild 0: 0 Barcode(s) erkannt
2026-01-27 15:43:29,524 - __main__ - INFO - Bild 0: Keine Barcodes erkannt
2026-01-27 15:43:29,524 - __main__ - INFO - Analysiere Bild 1 (top_Bild) auf Barcodes...
2026-01-27 15:43:29,788 - workers.BarCode_v02 - INFO - Bild 1: 0 Barcode(s) erkannt
2026-01-27 15:43:29,789 - __main__ - INFO - Bild 1: Keine Barcodes erkannt
2026-01-27 15:43:29,789 - __main__ - INFO - Analysiere Bild 2 (right_Bild) auf Barcodes...
2026-01-27 15:43:30,131 - workers.BarCode_v02 - INFO - Bild 2: 0 Barcode(s) erkannt
2026-01-27 15:43:30,132 - __main__ - INFO - Bild 2: Keine Barcodes erkannt
2026-01-27 15:43:30,133 - __main__ - INFO - Analysiere Bild 3 (behind_Bild) auf Barcodes...
2026-01-27 15:43:30,454 - workers.BarCode_v02 - INFO - Bild 3: 0 Barcode(s) erkannt
2026-01-27 15:43:30,455 - __main__ - INFO - Bild 3: Keine Barcodes erkannt
2026-01-27 15:43:30,455 - __main__ - INFO - Insgesamt 0 Barcodes in 4 Bildern erkannt
2026-01-27 15:43:31,086 - __main__ - INFO - Bild 0: YOLO erkannt - 56 x 76
2026-01-27 15:43:31,087 - __main__ - INFO - Verarbeite Bild 1 für YOLO-Erkennung
2026-01-27 15:43:32,778 - __main__ - INFO - Bild 1: YOLO erkannt - 414 x 329
2026-01-27 15:43:32,778 - __main__ - INFO - Verarbeite Bild 2 für YOLO-Erkennung
2026-01-27 15:43:34,532 - __main__ - INFO - Bild 2: YOLO erkannt - 415 x 329
2026-01-27 15:43:34,533 - __main__ - INFO - Verarbeite Bild 3 für YOLO-Erkennung
2026-01-27 15:43:36,262 - __main__ - INFO - Bild 3: YOLO erkannt - 67 x 66
2026-01-27 15:43:36,263 - __main__ - INFO - YOLO-Erkennung abgeschlossen. Dimensionen: ['56 x 76', '414 x 329', '415 x 329', '67 x 66']
2026-01-27 15:43:36,263 - __main__ - INFO - Ergebnis von Abmessung erhalten: Typ=<class 'list'>
2026-01-27 15:43:36,263 - __main__ - INFO - Abmessungen erhalten: ['56 x 76', '414 x 329', '415 x 329', '67 x 66']
2026-01-27 15:43:36,264 - __main__ - INFO - Gesamt-Abmessung berechnet: 56 x 56 x 76
2026-01-27 15:43:36,264 - __main__ - INFO - Alle Hauptdaten vorhanden - aktualisiere GUI
2026-01-27 15:43:36,326 - __main__ - INFO - Ergebnis von yolo_frames erhalten: Typ=<class 'list'>
2026-01-27 15:43:36,327 - __main__ - INFO - Erhalte 4 annotierte Frames
2026-01-27 15:43:36,327 - __main__ - INFO - Alle Hauptdaten vorhanden - aktualisiere GUI
2026-01-27 15:43:36,385 - __main__ - INFO - Alle Tasks fertig
2026-01-28 20:14:26,623 - __main__ - INFO - 3D-Scanner wird gestartet...
2026-01-28 20:14:27,740 - __main__ - INFO - Verfügbare Kameras gefunden: [0]
2026-01-28 20:14:31,479 - __main__ - INFO - go_next: Aktuelle Seite 0, scan_start=False
2026-01-28 20:14:31,479 - __main__ - INFO - Starte Bildaufnahme von allen Kameras
2026-01-28 20:14:32,229 - __main__ - INFO - Bild erfolgreich von Kamera 0 aufgenommen
2026-01-28 20:14:32,927 - __main__ - INFO - Bild erfolgreich von Kamera 0 aufgenommen
2026-01-28 20:14:33,708 - __main__ - INFO - Bild erfolgreich von Kamera 0 aufgenommen
2026-01-28 20:14:34,498 - __main__ - INFO - Bild erfolgreich von Kamera 0 aufgenommen
2026-01-28 20:14:35,671 - __main__ - INFO - Verworfen Bild 2
2026-01-28 20:14:36,091 - __main__ - INFO - Verworfen Bild 1
2026-01-28 20:14:36,556 - __main__ - INFO - go_next: Aktuelle Seite 1, scan_start=True
2026-01-28 20:14:36,960 - __main__ - INFO - Ergebnis von weight erhalten: Typ=<class 'float'>
2026-01-28 20:14:36,960 - __main__ - INFO - Gewicht: 1500.0
2026-01-28 20:14:36,961 - __main__ - INFO - Barcodes vorhanden - aktualisiere GUI
2026-01-28 20:14:47,766 - __main__ - INFO - BoundingBox_Yolo03 erfolgreich importiert
2026-01-28 20:14:47,767 - __main__ - INFO - Verarbeite Bild 0 für YOLO-Erkennung
2026-01-28 20:14:48,050 - workers.BarCode_v02 - INFO - YOLO-Modell geladen von models/YOLOV8s_Barcode_Detection.pt
2026-01-28 20:14:48,051 - __main__ - INFO - Analysiere Bild 0 (iso_Bild) auf Barcodes...
2026-01-28 20:14:48,869 - workers.BarCode_v02 - INFO - Bild 0: 0 Barcode(s) erkannt
2026-01-28 20:14:48,870 - __main__ - INFO - Bild 0: Keine Barcodes erkannt
2026-01-28 20:14:48,871 - __main__ - INFO - Analysiere Bild 1 (top_Bild) auf Barcodes...
2026-01-28 20:14:49,253 - workers.BarCode_v02 - INFO - Bild 1: 0 Barcode(s) erkannt
2026-01-28 20:14:49,254 - __main__ - INFO - Bild 1: Keine Barcodes erkannt
2026-01-28 20:14:49,254 - __main__ - INFO - Insgesamt 0 Barcodes in 2 Bildern erkannt
2026-01-28 20:14:51,307 - __main__ - INFO - Bild 0: YOLO erkannt - 425 x 404
2026-01-28 20:14:51,312 - __main__ - INFO - Verarbeite Bild 1 für YOLO-Erkennung
2026-01-28 20:14:53,685 - __main__ - INFO - Bild 1: YOLO erkannt - 429 x 388
2026-01-28 20:14:53,686 - __main__ - INFO - YOLO-Erkennung abgeschlossen. Dimensionen: ['425 x 404', '429 x 388']
2026-01-28 20:14:53,687 - __main__ - INFO - Ergebnis von Abmessung erhalten: Typ=<class 'list'>
2026-01-28 20:14:53,688 - __main__ - INFO - Abmessungen erhalten: ['0 x 0', '0 x 0', '425 x 404', '429 x 388']
2026-01-28 20:14:53,688 - __main__ - INFO - Gesamt-Abmessung berechnet: 425 x 425 x 404
2026-01-28 20:14:53,688 - __main__ - INFO - Alle Hauptdaten vorhanden - aktualisiere GUI
2026-01-28 20:14:53,839 - __main__ - INFO - Ergebnis von yolo_frames erhalten: Typ=<class 'list'>
2026-01-28 20:14:53,839 - __main__ - INFO - Erhalte 4 annotierte Frames
2026-01-28 20:14:53,839 - __main__ - INFO - Alle Hauptdaten vorhanden - aktualisiere GUI
2026-01-28 20:14:54,009 - __main__ - INFO - Alle Tasks fertig
2026-01-28 20:14:58,079 - __main__ - INFO - go_next: Aktuelle Seite 2, scan_start=False
2026-01-28 20:15:00,203 - __main__ - INFO - go_next: Aktuelle Seite 3, scan_start=False
2026-01-28 20:15:00,204 - __main__ - INFO - Bereits auf letzter Seite
2026-01-28 20:15:00,752 - __main__ - INFO - go_back: Aktuelle Seite 3, scan_start=False
2026-01-28 20:15:01,633 - __main__ - INFO - go_next: Aktuelle Seite 2, scan_start=False
2026-01-28 20:15:02,017 - __main__ - INFO - go_next: Aktuelle Seite 3, scan_start=False
2026-01-28 20:15:02,017 - __main__ - INFO - Bereits auf letzter Seite
2026-01-28 20:15:03,683 - __main__ - INFO - Sprache geändert zu: it
2026-01-28 20:15:07,236 - __main__ - INFO - Sprache geändert zu: de
2026-01-28 20:20:25,171 - __main__ - INFO - 3D-Scanner wird gestartet...
2026-01-28 20:20:26,179 - __main__ - INFO - Verfügbare Kameras gefunden: [0]
2026-01-28 20:20:27,897 - __main__ - INFO - go_next: Aktuelle Seite 0, scan_start=False
2026-01-28 20:20:27,898 - __main__ - INFO - Starte Bildaufnahme von allen Kameras
2026-01-28 20:20:28,658 - __main__ - INFO - Bild erfolgreich von Kamera 0 aufgenommen
2026-01-28 20:20:29,439 - __main__ - INFO - Bild erfolgreich von Kamera 0 aufgenommen
2026-01-28 20:20:30,216 - __main__ - INFO - Bild erfolgreich von Kamera 0 aufgenommen
2026-01-28 20:20:30,909 - __main__ - INFO - Bild erfolgreich von Kamera 0 aufgenommen
2026-01-28 20:20:31,982 - __main__ - INFO - Verworfen Bild 2
2026-01-28 20:20:32,504 - __main__ - INFO - Verworfen Bild 4
2026-01-28 20:20:33,389 - __main__ - INFO - go_next: Aktuelle Seite 1, scan_start=True
2026-01-28 20:20:33,747 - __main__ - INFO - Ergebnis von weight erhalten: Typ=<class 'float'>
2026-01-28 20:20:33,748 - __main__ - INFO - Gewicht: 1500.0
2026-01-28 20:20:33,750 - __main__ - INFO - Barcodes vorhanden - aktualisiere GUI
2026-01-28 20:20:37,769 - workers.BarCode_v02 - INFO - YOLO-Modell geladen von models/YOLOV8s_Barcode_Detection.pt
2026-01-28 20:20:37,772 - __main__ - INFO - Analysiere Bild 0 (iso_Bild) auf Barcodes...
2026-01-28 20:20:37,997 - __main__ - INFO - BoundingBox_Yolo03 erfolgreich importiert
2026-01-28 20:20:37,999 - __main__ - INFO - Verarbeite Bild 0 für YOLO-Erkennung
2026-01-28 20:20:38,440 - workers.BarCode_v02 - INFO - Bild 0: 0 Barcode(s) erkannt
2026-01-28 20:20:38,441 - __main__ - INFO - Bild 0: Keine Barcodes erkannt
2026-01-28 20:20:38,441 - __main__ - INFO - Analysiere Bild 1 (top_Bild) auf Barcodes...
2026-01-28 20:20:38,752 - workers.BarCode_v02 - INFO - Bild 1: 0 Barcode(s) erkannt
2026-01-28 20:20:38,755 - __main__ - INFO - Bild 1: Keine Barcodes erkannt
2026-01-28 20:20:38,756 - __main__ - INFO - Insgesamt 0 Barcodes in 2 Bildern erkannt
2026-01-28 20:20:40,763 - __main__ - INFO - Bild 0: YOLO erkannt - 414 x 321
2026-01-28 20:20:40,764 - __main__ - INFO - Verarbeite Bild 1 für YOLO-Erkennung
2026-01-28 20:20:43,080 - __main__ - INFO - Bild 1: YOLO erkannt - 374 x 322
2026-01-28 20:20:43,080 - __main__ - INFO - YOLO-Erkennung abgeschlossen. Dimensionen: ['414 x 321', '374 x 322']
2026-01-28 20:20:43,081 - __main__ - INFO - Ergebnis von Abmessung erhalten: Typ=<class 'list'>
2026-01-28 20:20:43,082 - __main__ - INFO - Abmessungen erhalten: ['414 x 321', '0 x 0', '374 x 322', '0 x 0']
2026-01-28 20:20:43,082 - __main__ - INFO - Gesamt-Abmessung berechnet: 414 x 414 x 321
2026-01-28 20:20:43,083 - __main__ - INFO - Alle Hauptdaten vorhanden - aktualisiere GUI
2026-01-28 20:20:43,232 - __main__ - INFO - Ergebnis von yolo_frames erhalten: Typ=<class 'list'>
2026-01-28 20:20:43,233 - __main__ - INFO - Erhalte 4 annotierte Frames
2026-01-28 20:20:43,233 - __main__ - INFO - Alle Hauptdaten vorhanden - aktualisiere GUI
2026-01-28 20:20:43,356 - __main__ - INFO - Alle Tasks fertig
2026-01-28 20:20:46,321 - __main__ - INFO - go_next: Aktuelle Seite 2, scan_start=False
2026-01-28 20:20:51,961 - __main__ - INFO - Anwendung wurde neu gestartet
2026-01-28 20:20:53,205 - __main__ - INFO - go_next: Aktuelle Seite 0, scan_start=False
2026-01-28 20:20:53,205 - __main__ - INFO - Starte Bildaufnahme von allen Kameras
2026-01-28 20:20:53,897 - __main__ - INFO - Bild erfolgreich von Kamera 0 aufgenommen
2026-01-28 20:20:54,599 - __main__ - INFO - Bild erfolgreich von Kamera 0 aufgenommen
2026-01-28 20:20:55,304 - __main__ - INFO - Bild erfolgreich von Kamera 0 aufgenommen
2026-01-28 20:20:56,022 - __main__ - INFO - Bild erfolgreich von Kamera 0 aufgenommen
2026-01-28 20:20:58,173 - __main__ - INFO - go_next: Aktuelle Seite 1, scan_start=True
2026-01-28 20:20:58,195 - __main__ - INFO - BoundingBox_Yolo03 erfolgreich importiert
2026-01-28 20:20:58,196 - __main__ - INFO - Verarbeite Bild 0 für YOLO-Erkennung
2026-01-28 20:20:58,460 - workers.BarCode_v02 - INFO - YOLO-Modell geladen von models/YOLOV8s_Barcode_Detection.pt
2026-01-28 20:20:58,489 - __main__ - INFO - Analysiere Bild 0 (iso_Bild) auf Barcodes...
2026-01-28 20:20:58,593 - __main__ - INFO - Ergebnis von weight erhalten: Typ=<class 'float'>
2026-01-28 20:20:58,594 - __main__ - INFO - Gewicht: 2250.0
2026-01-28 20:20:58,596 - __main__ - INFO - YOLO-Frames vorhanden - aktualisiere Bilder in GUI
2026-01-28 20:20:59,162 - workers.BarCode_v02 - INFO - Bild 0: 0 Barcode(s) erkannt
2026-01-28 20:20:59,163 - __main__ - INFO - Bild 0: Keine Barcodes erkannt
2026-01-28 20:20:59,164 - __main__ - INFO - Analysiere Bild 1 (top_Bild) auf Barcodes...
2026-01-28 20:20:59,594 - workers.BarCode_v02 - INFO - Bild 1: 0 Barcode(s) erkannt
2026-01-28 20:20:59,597 - __main__ - INFO - Bild 1: Keine Barcodes erkannt
2026-01-28 20:20:59,598 - __main__ - INFO - Analysiere Bild 2 (right_Bild) auf Barcodes...
2026-01-28 20:20:59,965 - workers.BarCode_v02 - INFO - Bild 2: 0 Barcode(s) erkannt
2026-01-28 20:20:59,966 - __main__ - INFO - Bild 2: Keine Barcodes erkannt
2026-01-28 20:20:59,966 - __main__ - INFO - Analysiere Bild 3 (behind_Bild) auf Barcodes...
2026-01-28 20:21:00,314 - workers.BarCode_v02 - INFO - Bild 3: 0 Barcode(s) erkannt
2026-01-28 20:21:00,314 - __main__ - INFO - Bild 3: Keine Barcodes erkannt
2026-01-28 20:21:00,315 - __main__ - INFO - Insgesamt 0 Barcodes in 4 Bildern erkannt
2026-01-28 20:21:00,887 - __main__ - INFO - Bild 0: YOLO erkannt - 401 x 322
2026-01-28 20:21:00,889 - __main__ - INFO - Verarbeite Bild 1 für YOLO-Erkennung
2026-01-28 20:21:03,305 - __main__ - INFO - Bild 1: YOLO erkannt - 415 x 322
2026-01-28 20:21:03,306 - __main__ - INFO - Verarbeite Bild 2 für YOLO-Erkennung
2026-01-28 20:21:06,043 - __main__ - INFO - Bild 2: YOLO erkannt - 434 x 331
2026-01-28 20:21:06,044 - __main__ - INFO - Verarbeite Bild 3 für YOLO-Erkennung
2026-01-28 20:21:08,517 - __main__ - INFO - Bild 3: YOLO erkannt - 422 x 321
2026-01-28 20:21:08,518 - __main__ - INFO - YOLO-Erkennung abgeschlossen. Dimensionen: ['401 x 322', '415 x 322', '434 x 331', '422 x 321']
2026-01-28 20:21:08,519 - __main__ - INFO - Ergebnis von Abmessung erhalten: Typ=<class 'list'>
2026-01-28 20:21:08,519 - __main__ - INFO - Abmessungen erhalten: ['401 x 322', '415 x 322', '434 x 331', '422 x 321']
2026-01-28 20:21:08,520 - __main__ - INFO - Gesamt-Abmessung berechnet: 401 x 401 x 322
2026-01-28 20:21:08,520 - __main__ - INFO - Alle Hauptdaten vorhanden - aktualisiere GUI
2026-01-28 20:21:08,677 - __main__ - INFO - Ergebnis von yolo_frames erhalten: Typ=<class 'list'>
2026-01-28 20:21:08,678 - __main__ - INFO - Erhalte 4 annotierte Frames
2026-01-28 20:21:08,678 - __main__ - INFO - Alle Hauptdaten vorhanden - aktualisiere GUI
2026-01-28 20:21:08,861 - __main__ - INFO - Alle Tasks fertig
2026-01-28 20:21:15,788 - __main__ - INFO - go_next: Aktuelle Seite 2, scan_start=False
2026-01-28 20:21:19,693 - __main__ - INFO - Anwendung wurde neu gestartet
2026-01-28 20:21:20,830 - __main__ - INFO - go_next: Aktuelle Seite 0, scan_start=False
2026-01-28 20:21:20,830 - __main__ - INFO - Starte Bildaufnahme von allen Kameras
2026-01-28 20:21:21,535 - __main__ - INFO - Bild erfolgreich von Kamera 0 aufgenommen
2026-01-28 20:21:22,270 - __main__ - INFO - Bild erfolgreich von Kamera 0 aufgenommen
2026-01-28 20:21:23,015 - __main__ - INFO - Bild erfolgreich von Kamera 0 aufgenommen
2026-01-28 20:21:23,740 - __main__ - INFO - Bild erfolgreich von Kamera 0 aufgenommen
2026-01-28 20:21:30,436 - __main__ - INFO - go_next: Aktuelle Seite 1, scan_start=True
2026-01-28 20:21:30,444 - __main__ - INFO - BoundingBox_Yolo03 erfolgreich importiert
2026-01-28 20:21:30,445 - __main__ - INFO - Verarbeite Bild 0 für YOLO-Erkennung
2026-01-28 20:21:30,761 - workers.BarCode_v02 - INFO - YOLO-Modell geladen von models/YOLOV8s_Barcode_Detection.pt
2026-01-28 20:21:30,776 - __main__ - INFO - Analysiere Bild 0 (iso_Bild) auf Barcodes...
2026-01-28 20:21:30,906 - __main__ - INFO - Ergebnis von weight erhalten: Typ=<class 'float'>
2026-01-28 20:21:30,927 - __main__ - INFO - Gewicht: 2625.0
2026-01-28 20:21:30,930 - __main__ - INFO - YOLO-Frames vorhanden - aktualisiere Bilder in GUI
2026-01-28 20:21:31,950 - workers.BarCode_v02 - INFO - Bild 0: 0 Barcode(s) erkannt
2026-01-28 20:21:31,950 - __main__ - INFO - Bild 0: Keine Barcodes erkannt
2026-01-28 20:21:31,951 - __main__ - INFO - Analysiere Bild 1 (top_Bild) auf Barcodes...
2026-01-28 20:21:32,490 - workers.BarCode_v02 - INFO - Bild 1: 0 Barcode(s) erkannt
2026-01-28 20:21:32,491 - __main__ - INFO - Bild 1: Keine Barcodes erkannt
2026-01-28 20:21:32,491 - __main__ - INFO - Analysiere Bild 2 (right_Bild) auf Barcodes...
2026-01-28 20:21:33,053 - workers.BarCode_v02 - INFO - Bild 2: 0 Barcode(s) erkannt
2026-01-28 20:21:33,053 - __main__ - INFO - Bild 2: Keine Barcodes erkannt
2026-01-28 20:21:33,054 - __main__ - INFO - Analysiere Bild 3 (behind_Bild) auf Barcodes...
2026-01-28 20:21:33,446 - workers.BarCode_v02 - INFO - Bild 3: 0 Barcode(s) erkannt
2026-01-28 20:21:33,449 - __main__ - INFO - Bild 3: Keine Barcodes erkannt
2026-01-28 20:21:33,450 - __main__ - INFO - Insgesamt 0 Barcodes in 4 Bildern erkannt
2026-01-28 20:21:33,672 - __main__ - INFO - Bild 0: YOLO erkannt - 436 x 329
2026-01-28 20:21:33,673 - __main__ - INFO - Verarbeite Bild 1 für YOLO-Erkennung
2026-01-28 20:21:36,113 - __main__ - INFO - Bild 1: YOLO erkannt - 437 x 329
2026-01-28 20:21:36,114 - __main__ - INFO - Verarbeite Bild 2 für YOLO-Erkennung
2026-01-28 20:21:38,463 - __main__ - INFO - Bild 2: YOLO erkannt - 417 x 322
2026-01-28 20:21:38,465 - __main__ - INFO - Verarbeite Bild 3 für YOLO-Erkennung
2026-01-28 20:21:40,816 - __main__ - INFO - Bild 3: YOLO erkannt - 375 x 321
2026-01-28 20:21:40,817 - __main__ - INFO - YOLO-Erkennung abgeschlossen. Dimensionen: ['436 x 329', '437 x 329', '417 x 322', '375 x 321']
2026-01-28 20:21:40,818 - __main__ - INFO - Ergebnis von Abmessung erhalten: Typ=<class 'list'>
2026-01-28 20:21:40,818 - __main__ - INFO - Abmessungen erhalten: ['436 x 329', '437 x 329', '417 x 322', '375 x 321']
2026-01-28 20:21:40,818 - __main__ - INFO - Gesamt-Abmessung berechnet: 436 x 436 x 329
2026-01-28 20:21:40,818 - __main__ - INFO - Alle Hauptdaten vorhanden - aktualisiere GUI
2026-01-28 20:21:40,960 - __main__ - INFO - Ergebnis von yolo_frames erhalten: Typ=<class 'list'>
2026-01-28 20:21:40,961 - __main__ - INFO - Erhalte 4 annotierte Frames
2026-01-28 20:21:40,961 - __main__ - INFO - Alle Hauptdaten vorhanden - aktualisiere GUI
2026-01-28 20:21:41,132 - __main__ - INFO - Alle Tasks fertig
2026-01-28 20:21:44,363 - __main__ - INFO - go_next: Aktuelle Seite 2, scan_start=False
2026-01-28 20:21:44,781 - __main__ - INFO - go_next: Aktuelle Seite 3, scan_start=False
2026-01-28 20:21:44,782 - __main__ - INFO - Bereits auf letzter Seite
2026-01-28 20:21:48,226 - __main__ - INFO - Anwendung wurde neu gestartet
2026-01-28 20:21:49,289 - __main__ - INFO - go_next: Aktuelle Seite 0, scan_start=False
2026-01-28 20:21:49,289 - __main__ - INFO - Starte Bildaufnahme von allen Kameras
2026-01-28 20:21:50,000 - __main__ - INFO - Bild erfolgreich von Kamera 0 aufgenommen
2026-01-28 20:21:50,727 - __main__ - INFO - Bild erfolgreich von Kamera 0 aufgenommen
2026-01-28 20:21:51,467 - __main__ - INFO - Bild erfolgreich von Kamera 0 aufgenommen
2026-01-28 20:21:52,236 - __main__ - INFO - Bild erfolgreich von Kamera 0 aufgenommen
2026-01-28 20:22:00,139 - __main__ - INFO - go_next: Aktuelle Seite 1, scan_start=True
2026-01-28 20:22:00,146 - __main__ - INFO - BoundingBox_Yolo03 erfolgreich importiert
2026-01-28 20:22:00,148 - __main__ - INFO - Verarbeite Bild 0 für YOLO-Erkennung
2026-01-28 20:22:00,385 - workers.BarCode_v02 - INFO - YOLO-Modell geladen von models/YOLOV8s_Barcode_Detection.pt
2026-01-28 20:22:00,418 - __main__ - INFO - Analysiere Bild 0 (iso_Bild) auf Barcodes...
2026-01-28 20:22:00,543 - __main__ - INFO - Ergebnis von weight erhalten: Typ=<class 'float'>
2026-01-28 20:22:00,544 - __main__ - INFO - Gewicht: 2812.5
2026-01-28 20:22:00,546 - __main__ - INFO - YOLO-Frames vorhanden - aktualisiere Bilder in GUI
2026-01-28 20:22:01,166 - workers.BarCode_v02 - INFO - Bild 0: 0 Barcode(s) erkannt
2026-01-28 20:22:01,173 - __main__ - INFO - Bild 0: Keine Barcodes erkannt
2026-01-28 20:22:01,176 - __main__ - INFO - Analysiere Bild 1 (top_Bild) auf Barcodes...
2026-01-28 20:22:01,642 - workers.BarCode_v02 - INFO - Bild 1: 0 Barcode(s) erkannt
2026-01-28 20:22:01,643 - __main__ - INFO - Bild 1: Keine Barcodes erkannt
2026-01-28 20:22:01,643 - __main__ - INFO - Analysiere Bild 2 (right_Bild) auf Barcodes...
2026-01-28 20:22:02,120 - workers.BarCode_v02 - INFO - Bild 2: 0 Barcode(s) erkannt
2026-01-28 20:22:02,121 - __main__ - INFO - Bild 2: Keine Barcodes erkannt
2026-01-28 20:22:02,122 - __main__ - INFO - Analysiere Bild 3 (behind_Bild) auf Barcodes...
2026-01-28 20:22:02,579 - workers.BarCode_v02 - INFO - Bild 3: 0 Barcode(s) erkannt
2026-01-28 20:22:02,580 - __main__ - INFO - Bild 3: Keine Barcodes erkannt
2026-01-28 20:22:02,580 - __main__ - INFO - Insgesamt 0 Barcodes in 4 Bildern erkannt
2026-01-28 20:22:03,052 - __main__ - INFO - Bild 0: YOLO erkannt - 419 x 322
2026-01-28 20:22:03,054 - __main__ - INFO - Verarbeite Bild 1 für YOLO-Erkennung
2026-01-28 20:22:05,470 - __main__ - INFO - Bild 1: YOLO erkannt - 419 x 322
2026-01-28 20:22:05,471 - __main__ - INFO - Verarbeite Bild 2 für YOLO-Erkennung
2026-01-28 20:22:07,876 - __main__ - INFO - Bild 2: YOLO erkannt - 419 x 322
2026-01-28 20:22:07,876 - __main__ - INFO - Verarbeite Bild 3 für YOLO-Erkennung
2026-01-28 20:22:10,294 - __main__ - INFO - Bild 3: YOLO erkannt - 398 x 321
2026-01-28 20:22:10,295 - __main__ - INFO - YOLO-Erkennung abgeschlossen. Dimensionen: ['419 x 322', '419 x 322', '419 x 322', '398 x 321']
2026-01-28 20:22:10,296 - __main__ - INFO - Ergebnis von Abmessung erhalten: Typ=<class 'list'>
2026-01-28 20:22:10,296 - __main__ - INFO - Abmessungen erhalten: ['419 x 322', '419 x 322', '419 x 322', '398 x 321']
2026-01-28 20:22:10,297 - __main__ - INFO - Gesamt-Abmessung berechnet: 419 x 419 x 322
2026-01-28 20:22:10,297 - __main__ - INFO - Alle Hauptdaten vorhanden - aktualisiere GUI
2026-01-28 20:22:10,445 - __main__ - INFO - Ergebnis von yolo_frames erhalten: Typ=<class 'list'>
2026-01-28 20:22:10,446 - __main__ - INFO - Erhalte 4 annotierte Frames
2026-01-28 20:22:10,446 - __main__ - INFO - Alle Hauptdaten vorhanden - aktualisiere GUI
2026-01-28 20:22:10,618 - __main__ - INFO - Alle Tasks fertig
2026-01-28 20:22:12,074 - __main__ - INFO - go_next: Aktuelle Seite 2, scan_start=False
2026-01-28 20:22:15,451 - __main__ - INFO - Anwendung wurde neu gestartet
2026-01-28 20:31:17,482 - __main__ - INFO - 3D-Scanner wird gestartet...
2026-01-28 20:31:18,510 - __main__ - INFO - Verfügbare Kameras gefunden: [0]
2026-01-28 20:31:43,044 - __main__ - INFO - 3D-Scanner wird gestartet...
2026-01-28 20:31:43,937 - __main__ - INFO - Verfügbare Kameras gefunden: [0]
2026-01-28 20:31:45,114 - __main__ - INFO - go_next: Aktuelle Seite 0, scan_start=False
2026-01-28 20:31:45,114 - __main__ - INFO - Starte Bildaufnahme von allen Kameras
2026-01-28 20:31:45,803 - __main__ - INFO - Bild erfolgreich von Kamera 0 aufgenommen
2026-01-28 20:31:46,489 - __main__ - INFO - Bild erfolgreich von Kamera 0 aufgenommen
2026-01-28 20:31:47,179 - __main__ - INFO - Bild erfolgreich von Kamera 0 aufgenommen
2026-01-28 20:31:47,865 - __main__ - INFO - Bild erfolgreich von Kamera 0 aufgenommen
2026-01-28 20:31:49,684 - __main__ - INFO - go_next: Aktuelle Seite 1, scan_start=True
2026-01-28 20:31:50,055 - __main__ - INFO - Ergebnis von weight erhalten: Typ=<class 'float'>
2026-01-28 20:31:50,056 - __main__ - INFO - Gewicht: 1500.0
2026-01-28 20:31:50,056 - __main__ - INFO - Barcodes vorhanden - aktualisiere GUI
2026-01-28 20:31:54,419 - workers.BarCode_v02 - INFO - YOLO-Modell geladen von models/YOLOV8s_Barcode_Detection.pt
2026-01-28 20:31:54,422 - __main__ - INFO - Analysiere Bild 0 (iso_Bild) auf Barcodes...
2026-01-28 20:31:54,649 - __main__ - INFO - BoundingBox_Yolo03 erfolgreich importiert
2026-01-28 20:31:54,650 - __main__ - INFO - Verarbeite Bild 0 für YOLO-Erkennung
2026-01-28 20:31:55,021 - workers.BarCode_v02 - INFO - Bild 0: 0 Barcode(s) erkannt
2026-01-28 20:31:55,024 - __main__ - INFO - Bild 0: Keine Barcodes erkannt
2026-01-28 20:31:55,025 - __main__ - INFO - Analysiere Bild 1 (top_Bild) auf Barcodes...
2026-01-28 20:31:55,314 - workers.BarCode_v02 - INFO - Bild 1: 0 Barcode(s) erkannt
2026-01-28 20:31:55,318 - __main__ - INFO - Bild 1: Keine Barcodes erkannt
2026-01-28 20:31:55,318 - __main__ - INFO - Analysiere Bild 2 (right_Bild) auf Barcodes...
2026-01-28 20:31:55,645 - workers.BarCode_v02 - INFO - Bild 2: 0 Barcode(s) erkannt
2026-01-28 20:31:55,646 - __main__ - INFO - Bild 2: Keine Barcodes erkannt
2026-01-28 20:31:55,646 - __main__ - INFO - Analysiere Bild 3 (behind_Bild) auf Barcodes...
2026-01-28 20:31:55,951 - workers.BarCode_v02 - INFO - Bild 3: 0 Barcode(s) erkannt
2026-01-28 20:31:55,956 - __main__ - INFO - Bild 3: Keine Barcodes erkannt
2026-01-28 20:31:55,958 - __main__ - INFO - Insgesamt 0 Barcodes in 4 Bildern erkannt
2026-01-28 20:31:57,881 - __main__ - INFO - Bild 0: YOLO erkannt - 404 x 343
2026-01-28 20:31:57,882 - __main__ - INFO - Verarbeite Bild 1 für YOLO-Erkennung
2026-01-28 20:32:00,316 - __main__ - INFO - Bild 1: YOLO erkannt - 399 x 327
2026-01-28 20:32:00,317 - __main__ - INFO - Verarbeite Bild 2 für YOLO-Erkennung
2026-01-28 20:32:02,760 - __main__ - INFO - Bild 2: YOLO erkannt - 419 x 330
2026-01-28 20:32:02,761 - __main__ - INFO - Verarbeite Bild 3 für YOLO-Erkennung
2026-01-28 20:32:05,206 - __main__ - INFO - Bild 3: YOLO erkannt - 422 x 324
2026-01-28 20:32:05,207 - __main__ - INFO - YOLO-Erkennung abgeschlossen. Dimensionen: ['404 x 343', '399 x 327', '419 x 330', '422 x 324']
2026-01-28 20:32:05,209 - __main__ - INFO - Ergebnis von Abmessung erhalten: Typ=<class 'list'>
2026-01-28 20:32:05,209 - __main__ - INFO - Abmessungen erhalten: ['404 x 343', '399 x 327', '419 x 330', '422 x 324']
2026-01-28 20:32:05,209 - __main__ - INFO - Gesamt-Abmessung berechnet: 404 x 404 x 343
2026-01-28 20:32:05,210 - __main__ - INFO - Alle Hauptdaten vorhanden - aktualisiere GUI
2026-01-28 20:32:05,368 - __main__ - INFO - Ergebnis von yolo_frames erhalten: Typ=<class 'list'>
2026-01-28 20:32:05,368 - __main__ - INFO - Erhalte 4 annotierte Frames
2026-01-28 20:32:05,369 - __main__ - INFO - Alle Hauptdaten vorhanden - aktualisiere GUI
2026-01-28 20:32:05,487 - __main__ - INFO - Alle Tasks fertig
2026-01-28 20:32:06,999 - __main__ - INFO - go_next: Aktuelle Seite 2, scan_start=False
2026-01-28 20:32:09,315 - __main__ - INFO - Basisordner erstellt: Scans
2026-01-28 20:32:09,316 - __main__ - INFO - Datumsordner erstellt: Scans\2026-01-28
2026-01-28 20:32:09,317 - __main__ - INFO - Scan-Ordner erstellt: Scans\2026-01-28\Scan_20260128_203209
2026-01-28 20:32:09,318 - __main__ - INFO - Fotos-Ordner erstellt: Scans\2026-01-28\Scan_20260128_203209\Fotos
2026-01-28 20:32:09,348 - __main__ - INFO - iso_Bild gespeichert: Scans\2026-01-28\Scan_20260128_203209\Fotos\iso_Bild.jpg
2026-01-28 20:32:09,353 - __main__ - INFO - top_Bild gespeichert: Scans\2026-01-28\Scan_20260128_203209\Fotos\top_Bild.jpg
2026-01-28 20:32:09,357 - __main__ - INFO - right_Bild gespeichert: Scans\2026-01-28\Scan_20260128_203209\Fotos\right_Bild.jpg
2026-01-28 20:32:09,361 - __main__ - INFO - behind_Bild gespeichert: Scans\2026-01-28\Scan_20260128_203209\Fotos\behind_Bild.jpg
2026-01-28 20:32:12,709 - __main__ - INFO - Daten gespeichert: Scans\2026-01-28\scan_20260128_203209.csv
2026-01-28 20:32:19,146 - __main__ - INFO - Anwendung wurde neu gestartet
2026-01-28 20:32:20,624 - __main__ - INFO - go_next: Aktuelle Seite 0, scan_start=False
2026-01-28 20:32:20,624 - __main__ - INFO - Starte Bildaufnahme von allen Kameras
2026-01-28 20:32:21,417 - __main__ - INFO - Bild erfolgreich von Kamera 0 aufgenommen
2026-01-28 20:32:22,132 - __main__ - INFO - Bild erfolgreich von Kamera 0 aufgenommen
2026-01-28 20:32:22,851 - __main__ - INFO - Bild erfolgreich von Kamera 0 aufgenommen
2026-01-28 20:32:23,596 - __main__ - INFO - Bild erfolgreich von Kamera 0 aufgenommen
2026-01-28 20:32:24,676 - __main__ - INFO - go_next: Aktuelle Seite 1, scan_start=True
2026-01-28 20:32:24,683 - __main__ - INFO - BoundingBox_Yolo03 erfolgreich importiert
2026-01-28 20:32:24,683 - __main__ - INFO - Verarbeite Bild 0 für YOLO-Erkennung
2026-01-28 20:32:24,894 - workers.BarCode_v02 - INFO - YOLO-Modell geladen von models/YOLOV8s_Barcode_Detection.pt
2026-01-28 20:32:24,896 - __main__ - INFO - Analysiere Bild 0 (iso_Bild) auf Barcodes...
2026-01-28 20:32:25,044 - __main__ - INFO - Ergebnis von weight erhalten: Typ=<class 'float'>
2026-01-28 20:32:25,044 - __main__ - INFO - Gewicht: 2250.0
2026-01-28 20:32:25,046 - __main__ - INFO - YOLO-Frames vorhanden - aktualisiere Bilder in GUI
2026-01-28 20:32:25,562 - workers.BarCode_v02 - INFO - Bild 0: 0 Barcode(s) erkannt
2026-01-28 20:32:25,563 - __main__ - INFO - Bild 0: Keine Barcodes erkannt
2026-01-28 20:32:25,564 - __main__ - INFO - Analysiere Bild 1 (top_Bild) auf Barcodes...
2026-01-28 20:32:26,044 - workers.BarCode_v02 - INFO - Bild 1: 0 Barcode(s) erkannt
2026-01-28 20:32:26,045 - __main__ - INFO - Bild 1: Keine Barcodes erkannt
2026-01-28 20:32:26,045 - __main__ - INFO - Analysiere Bild 2 (right_Bild) auf Barcodes...
2026-01-28 20:32:26,523 - workers.BarCode_v02 - INFO - Bild 2: 0 Barcode(s) erkannt
2026-01-28 20:32:26,524 - __main__ - INFO - Bild 2: Keine Barcodes erkannt
2026-01-28 20:32:26,525 - __main__ - INFO - Analysiere Bild 3 (behind_Bild) auf Barcodes...
2026-01-28 20:32:26,886 - workers.BarCode_v02 - INFO - Bild 3: 0 Barcode(s) erkannt
2026-01-28 20:32:26,887 - __main__ - INFO - Bild 3: Keine Barcodes erkannt
2026-01-28 20:32:26,888 - __main__ - INFO - Insgesamt 0 Barcodes in 4 Bildern erkannt
2026-01-28 20:32:27,491 - __main__ - INFO - Bild 0: YOLO erkannt - 405 x 329
2026-01-28 20:32:27,492 - __main__ - INFO - Verarbeite Bild 1 für YOLO-Erkennung
2026-01-28 20:32:29,892 - __main__ - INFO - Bild 1: YOLO erkannt - 423 x 338
2026-01-28 20:32:29,894 - __main__ - INFO - Verarbeite Bild 2 für YOLO-Erkennung
2026-01-28 20:32:32,286 - __main__ - INFO - Bild 2: YOLO erkannt - 372 x 332
2026-01-28 20:32:32,288 - __main__ - INFO - Verarbeite Bild 3 für YOLO-Erkennung
2026-01-28 20:32:34,690 - __main__ - INFO - Bild 3: YOLO erkannt - 390 x 322
2026-01-28 20:32:34,691 - __main__ - INFO - YOLO-Erkennung abgeschlossen. Dimensionen: ['405 x 329', '423 x 338', '372 x 332', '390 x 322']
2026-01-28 20:32:34,692 - __main__ - INFO - Ergebnis von Abmessung erhalten: Typ=<class 'list'>
2026-01-28 20:32:34,693 - __main__ - INFO - Abmessungen erhalten: ['405 x 329', '423 x 338', '372 x 332', '390 x 322']
2026-01-28 20:32:34,693 - __main__ - INFO - Gesamt-Abmessung berechnet: 405 x 405 x 329
2026-01-28 20:32:34,693 - __main__ - INFO - Alle Hauptdaten vorhanden - aktualisiere GUI
2026-01-28 20:32:34,872 - __main__ - INFO - Ergebnis von yolo_frames erhalten: Typ=<class 'list'>
2026-01-28 20:32:34,873 - __main__ - INFO - Erhalte 4 annotierte Frames
2026-01-28 20:32:34,873 - __main__ - INFO - Alle Hauptdaten vorhanden - aktualisiere GUI
2026-01-28 20:32:35,008 - __main__ - INFO - Alle Tasks fertig
2026-01-28 20:32:36,492 - __main__ - INFO - go_next: Aktuelle Seite 2, scan_start=False
2026-01-28 20:32:38,579 - __main__ - INFO - Scan-Ordner erstellt: Scans\2026-01-28\Scan_20260128_203238
2026-01-28 20:32:38,580 - __main__ - INFO - Fotos-Ordner erstellt: Scans\2026-01-28\Scan_20260128_203238\Fotos
2026-01-28 20:32:38,583 - __main__ - INFO - iso_Bild gespeichert: Scans\2026-01-28\Scan_20260128_203238\Fotos\iso_Bild.jpg
2026-01-28 20:32:38,587 - __main__ - INFO - top_Bild gespeichert: Scans\2026-01-28\Scan_20260128_203238\Fotos\top_Bild.jpg
2026-01-28 20:32:38,590 - __main__ - INFO - right_Bild gespeichert: Scans\2026-01-28\Scan_20260128_203238\Fotos\right_Bild.jpg
2026-01-28 20:32:38,594 - __main__ - INFO - behind_Bild gespeichert: Scans\2026-01-28\Scan_20260128_203238\Fotos\behind_Bild.jpg
2026-01-28 20:32:40,829 - __main__ - INFO - Daten gespeichert: Scans\2026-01-28\scan_20260128_203238.csv
2026-01-28 20:32:45,974 - __main__ - INFO - Anwendung wurde neu gestartet
2026-01-28 20:37:22,164 - __main__ - INFO - 3D-Scanner wird gestartet...
2026-01-28 20:37:23,198 - __main__ - INFO - Verfügbare Kameras gefunden: [0]
2026-01-28 20:37:25,318 - __main__ - INFO - go_next: Aktuelle Seite 0, scan_start=False
2026-01-28 20:37:25,319 - __main__ - INFO - Starte Bildaufnahme von allen Kameras
2026-01-28 20:37:25,997 - __main__ - INFO - Bild erfolgreich von Kamera 0 aufgenommen
2026-01-28 20:37:26,676 - __main__ - INFO - Bild erfolgreich von Kamera 0 aufgenommen
2026-01-28 20:37:27,370 - __main__ - INFO - Bild erfolgreich von Kamera 0 aufgenommen
2026-01-28 20:37:28,063 - __main__ - INFO - Bild erfolgreich von Kamera 0 aufgenommen
2026-01-28 20:37:29,174 - __main__ - INFO - go_next: Aktuelle Seite 1, scan_start=True
2026-01-28 20:37:29,536 - __main__ - INFO - Ergebnis von weight erhalten: Typ=<class 'float'>
2026-01-28 20:37:29,537 - __main__ - INFO - Gewicht: 1500.0
2026-01-28 20:37:29,538 - __main__ - INFO - Barcodes vorhanden - aktualisiere GUI
2026-01-28 20:37:33,659 - workers.BarCode_v02 - INFO - YOLO-Modell geladen von models/YOLOV8s_Barcode_Detection.pt
2026-01-28 20:37:33,662 - __main__ - INFO - Analysiere Bild 0 (iso_Bild) auf Barcodes...
2026-01-28 20:37:33,876 - __main__ - INFO - BoundingBox_Yolo03 erfolgreich importiert
2026-01-28 20:37:33,880 - __main__ - INFO - Verarbeite Bild 0 für YOLO-Erkennung
2026-01-28 20:37:34,249 - workers.BarCode_v02 - INFO - Bild 0: 0 Barcode(s) erkannt
2026-01-28 20:37:34,250 - __main__ - INFO - Bild 0: Keine Barcodes erkannt
2026-01-28 20:37:34,251 - __main__ - INFO - Analysiere Bild 1 (top_Bild) auf Barcodes...
2026-01-28 20:37:34,607 - workers.BarCode_v02 - INFO - Bild 1: 0 Barcode(s) erkannt
2026-01-28 20:37:34,607 - __main__ - INFO - Bild 1: Keine Barcodes erkannt
2026-01-28 20:37:34,608 - __main__ - INFO - Analysiere Bild 2 (right_Bild) auf Barcodes...
2026-01-28 20:37:34,913 - workers.BarCode_v02 - INFO - Bild 2: 0 Barcode(s) erkannt
2026-01-28 20:37:34,914 - __main__ - INFO - Bild 2: Keine Barcodes erkannt
2026-01-28 20:37:34,914 - __main__ - INFO - Analysiere Bild 3 (behind_Bild) auf Barcodes...
2026-01-28 20:37:35,227 - workers.BarCode_v02 - INFO - Bild 3: 0 Barcode(s) erkannt
2026-01-28 20:37:35,229 - __main__ - INFO - Bild 3: Keine Barcodes erkannt
2026-01-28 20:37:35,231 - __main__ - INFO - Insgesamt 0 Barcodes in 4 Bildern erkannt
2026-01-28 20:37:36,991 - __main__ - INFO - Bild 0: YOLO erkannt - 327 x 287
2026-01-28 20:37:36,992 - __main__ - INFO - Verarbeite Bild 1 für YOLO-Erkennung
2026-01-28 20:37:39,449 - __main__ - INFO - Bild 1: YOLO erkannt - 356 x 285
2026-01-28 20:37:39,450 - __main__ - INFO - Verarbeite Bild 2 für YOLO-Erkennung
2026-01-28 20:37:41,774 - __main__ - INFO - Bild 2: YOLO erkannt - 327 x 285
2026-01-28 20:37:41,775 - __main__ - INFO - Verarbeite Bild 3 für YOLO-Erkennung
2026-01-28 20:37:44,112 - __main__ - INFO - Bild 3: YOLO erkannt - 327 x 287
2026-01-28 20:37:44,113 - __main__ - INFO - YOLO-Erkennung abgeschlossen. Dimensionen: ['327 x 287', '356 x 285', '327 x 285', '327 x 287']
2026-01-28 20:37:44,114 - __main__ - INFO - Ergebnis von Abmessung erhalten: Typ=<class 'list'>
2026-01-28 20:37:44,114 - __main__ - INFO - Abmessungen erhalten: ['327 x 287', '356 x 285', '327 x 285', '327 x 287']
2026-01-28 20:37:44,115 - __main__ - INFO - Gesamt-Abmessung berechnet: 327 x 327 x 287
2026-01-28 20:37:44,115 - __main__ - INFO - Alle Hauptdaten vorhanden - aktualisiere GUI
2026-01-28 20:37:44,259 - __main__ - INFO - Ergebnis von yolo_frames erhalten: Typ=<class 'list'>
2026-01-28 20:37:44,259 - __main__ - INFO - Erhalte 4 annotierte Frames
2026-01-28 20:37:44,260 - __main__ - INFO - Alle Hauptdaten vorhanden - aktualisiere GUI
2026-01-28 20:37:44,382 - __main__ - INFO - Alle Tasks fertig
2026-01-28 20:37:45,646 - __main__ - INFO - go_next: Aktuelle Seite 2, scan_start=False
2026-01-28 20:37:49,465 - __main__ - INFO - Tagesordner erstellt: Scans\2026-01-28
2026-01-28 20:37:49,467 - __main__ - INFO - Neue CSV-Datei erstellt: Scans\2026-01-28\scans_2026-01-28.csv
2026-01-28 20:37:49,472 - __main__ - INFO - iso_Bild gespeichert: Scans\2026-01-28\Fotos\Scan_20260128_203749\iso_Bild.jpg
2026-01-28 20:37:49,475 - __main__ - INFO - top_Bild gespeichert: Scans\2026-01-28\Fotos\Scan_20260128_203749\top_Bild.jpg
2026-01-28 20:37:49,480 - __main__ - INFO - right_Bild gespeichert: Scans\2026-01-28\Fotos\Scan_20260128_203749\right_Bild.jpg
2026-01-28 20:37:49,496 - __main__ - INFO - behind_Bild gespeichert: Scans\2026-01-28\Fotos\Scan_20260128_203749\behind_Bild.jpg
2026-01-28 20:37:49,497 - __main__ - INFO - Leerer Scan zu CSV hinzugefügt: 20260128_203749
2026-01-28 20:37:53,777 - __main__ - INFO - Scan 20260128_203749 zu Scans\2026-01-28\scans_2026-01-28.csv hinzugefügt
2026-01-28 20:38:12,170 - __main__ - INFO - Anwendung wurde neu gestartet
2026-01-28 20:38:13,200 - __main__ - INFO - go_next: Aktuelle Seite 0, scan_start=False
2026-01-28 20:38:13,200 - __main__ - INFO - Starte Bildaufnahme von allen Kameras
2026-01-28 20:38:14,036 - __main__ - INFO - Bild erfolgreich von Kamera 0 aufgenommen
2026-01-28 20:38:14,761 - __main__ - INFO - Bild erfolgreich von Kamera 0 aufgenommen
2026-01-28 20:38:15,480 - __main__ - INFO - Bild erfolgreich von Kamera 0 aufgenommen
2026-01-28 20:38:16,189 - __main__ - INFO - Bild erfolgreich von Kamera 0 aufgenommen
2026-01-28 20:38:17,156 - __main__ - INFO - go_next: Aktuelle Seite 1, scan_start=True
2026-01-28 20:38:17,163 - __main__ - INFO - BoundingBox_Yolo03 erfolgreich importiert
2026-01-28 20:38:17,165 - __main__ - INFO - Verarbeite Bild 0 für YOLO-Erkennung
2026-01-28 20:38:17,438 - workers.BarCode_v02 - INFO - YOLO-Modell geladen von models/YOLOV8s_Barcode_Detection.pt
2026-01-28 20:38:17,448 - __main__ - INFO - Analysiere Bild 0 (iso_Bild) auf Barcodes...
2026-01-28 20:38:17,520 - __main__ - INFO - Ergebnis von weight erhalten: Typ=<class 'float'>
2026-01-28 20:38:17,533 - __main__ - INFO - Gewicht: 2250.0
2026-01-28 20:38:17,545 - __main__ - INFO - YOLO-Frames vorhanden - aktualisiere Bilder in GUI
2026-01-28 20:38:18,292 - workers.BarCode_v02 - INFO - Bild 0: 0 Barcode(s) erkannt
2026-01-28 20:38:18,293 - __main__ - INFO - Bild 0: Keine Barcodes erkannt
2026-01-28 20:38:18,302 - __main__ - INFO - Analysiere Bild 1 (top_Bild) auf Barcodes...
2026-01-28 20:38:18,782 - workers.BarCode_v02 - INFO - Bild 1: 0 Barcode(s) erkannt
2026-01-28 20:38:18,784 - __main__ - INFO - Bild 1: Keine Barcodes erkannt
2026-01-28 20:38:18,786 - __main__ - INFO - Analysiere Bild 2 (right_Bild) auf Barcodes...
2026-01-28 20:38:19,181 - workers.BarCode_v02 - INFO - Bild 2: 0 Barcode(s) erkannt
2026-01-28 20:38:19,185 - __main__ - INFO - Bild 2: Keine Barcodes erkannt
2026-01-28 20:38:19,188 - __main__ - INFO - Analysiere Bild 3 (behind_Bild) auf Barcodes...
2026-01-28 20:38:19,519 - workers.BarCode_v02 - INFO - Bild 3: 0 Barcode(s) erkannt
2026-01-28 20:38:19,521 - __main__ - INFO - Bild 3: Keine Barcodes erkannt
2026-01-28 20:38:19,521 - __main__ - INFO - Insgesamt 0 Barcodes in 4 Bildern erkannt
2026-01-28 20:38:19,962 - __main__ - INFO - Bild 0: YOLO erkannt - 394 x 331
2026-01-28 20:38:19,963 - __main__ - INFO - Verarbeite Bild 1 für YOLO-Erkennung
2026-01-28 20:38:22,393 - __main__ - INFO - Bild 1: YOLO erkannt - 406 x 321
2026-01-28 20:38:22,394 - __main__ - INFO - Verarbeite Bild 2 für YOLO-Erkennung
2026-01-28 20:38:24,852 - __main__ - INFO - Bild 2: YOLO erkannt - 389 x 315
2026-01-28 20:38:24,853 - __main__ - INFO - Verarbeite Bild 3 für YOLO-Erkennung
2026-01-28 20:38:27,236 - __main__ - INFO - Bild 3: YOLO erkannt - 326 x 273
2026-01-28 20:38:27,237 - __main__ - INFO - YOLO-Erkennung abgeschlossen. Dimensionen: ['394 x 331', '406 x 321', '389 x 315', '326 x 273']
2026-01-28 20:38:27,238 - __main__ - INFO - Ergebnis von Abmessung erhalten: Typ=<class 'list'>
2026-01-28 20:38:27,238 - __main__ - INFO - Abmessungen erhalten: ['394 x 331', '406 x 321', '389 x 315', '326 x 273']
2026-01-28 20:38:27,239 - __main__ - INFO - Gesamt-Abmessung berechnet: 394 x 394 x 331
2026-01-28 20:38:27,239 - __main__ - INFO - Alle Hauptdaten vorhanden - aktualisiere GUI
2026-01-28 20:38:27,380 - __main__ - INFO - Ergebnis von yolo_frames erhalten: Typ=<class 'list'>
2026-01-28 20:38:27,380 - __main__ - INFO - Erhalte 4 annotierte Frames
2026-01-28 20:38:27,381 - __main__ - INFO - Alle Hauptdaten vorhanden - aktualisiere GUI
2026-01-28 20:38:27,498 - __main__ - INFO - Alle Tasks fertig
2026-01-28 20:38:29,415 - __main__ - INFO - go_next: Aktuelle Seite 2, scan_start=False
2026-01-28 20:38:37,695 - __main__ - INFO - iso_Bild gespeichert: Scans\2026-01-28\Fotos\Scan_20260128_203837\iso_Bild.jpg
2026-01-28 20:38:37,700 - __main__ - INFO - top_Bild gespeichert: Scans\2026-01-28\Fotos\Scan_20260128_203837\top_Bild.jpg
2026-01-28 20:38:37,704 - __main__ - INFO - right_Bild gespeichert: Scans\2026-01-28\Fotos\Scan_20260128_203837\right_Bild.jpg
2026-01-28 20:38:37,719 - __main__ - INFO - behind_Bild gespeichert: Scans\2026-01-28\Fotos\Scan_20260128_203837\behind_Bild.jpg
2026-01-28 20:38:37,721 - __main__ - INFO - 1x0 Datensätze zu CSV hinzugefügt
2026-01-28 20:38:40,417 - __main__ - INFO - Scan 20260128_203837 zu Scans\2026-01-28\scans_2026-01-28.csv hinzugefügt
2026-01-28 20:38:43,541 - __main__ - INFO - Anwendung wurde neu gestartet
2026-01-28 20:41:43,174 - __main__ - INFO - 3D-Scanner wird gestartet...
2026-01-28 20:41:44,231 - __main__ - INFO - Verfügbare Kameras gefunden: [0]
2026-01-28 20:41:45,413 - __main__ - INFO - go_next: Aktuelle Seite 0, scan_start=False
2026-01-28 20:41:45,413 - __main__ - INFO - Starte Bildaufnahme von allen Kameras
2026-01-28 20:41:46,102 - __main__ - INFO - Bild erfolgreich von Kamera 0 aufgenommen
2026-01-28 20:41:46,793 - __main__ - INFO - Bild erfolgreich von Kamera 0 aufgenommen
2026-01-28 20:41:47,484 - __main__ - INFO - Bild erfolgreich von Kamera 0 aufgenommen
2026-01-28 20:41:48,182 - __main__ - INFO - Bild erfolgreich von Kamera 0 aufgenommen
2026-01-28 20:41:48,944 - __main__ - INFO - go_next: Aktuelle Seite 1, scan_start=True
2026-01-28 20:41:49,312 - __main__ - INFO - Ergebnis von weight erhalten: Typ=<class 'float'>
2026-01-28 20:41:49,313 - __main__ - INFO - Gewicht: 1500.0
2026-01-28 20:41:49,314 - __main__ - INFO - Barcodes vorhanden - aktualisiere GUI
2026-01-28 20:41:53,450 - workers.BarCode_v02 - INFO - YOLO-Modell geladen von models/YOLOV8s_Barcode_Detection.pt
2026-01-28 20:41:53,451 - __main__ - INFO - Analysiere Bild 0 (iso_Bild) auf Barcodes...
2026-01-28 20:41:53,652 - __main__ - INFO - BoundingBox_Yolo03 erfolgreich importiert
2026-01-28 20:41:53,675 - __main__ - INFO - Verarbeite Bild 0 für YOLO-Erkennung
2026-01-28 20:41:54,127 - workers.BarCode_v02 - INFO - Bild 0: 0 Barcode(s) erkannt
2026-01-28 20:41:54,128 - __main__ - INFO - Bild 0: Keine Barcodes erkannt
2026-01-28 20:41:54,128 - __main__ - INFO - Analysiere Bild 1 (top_Bild) auf Barcodes...
2026-01-28 20:41:54,531 - workers.BarCode_v02 - INFO - Bild 1: 0 Barcode(s) erkannt
2026-01-28 20:41:54,532 - __main__ - INFO - Bild 1: Keine Barcodes erkannt
2026-01-28 20:41:54,533 - __main__ - INFO - Analysiere Bild 2 (right_Bild) auf Barcodes...
2026-01-28 20:41:54,877 - workers.BarCode_v02 - INFO - Bild 2: 0 Barcode(s) erkannt
2026-01-28 20:41:54,878 - __main__ - INFO - Bild 2: Keine Barcodes erkannt
2026-01-28 20:41:54,879 - __main__ - INFO - Analysiere Bild 3 (behind_Bild) auf Barcodes...
2026-01-28 20:41:55,411 - workers.BarCode_v02 - INFO - Bild 3: 0 Barcode(s) erkannt
2026-01-28 20:41:55,413 - __main__ - INFO - Bild 3: Keine Barcodes erkannt
2026-01-28 20:41:55,414 - __main__ - INFO - Insgesamt 0 Barcodes in 4 Bildern erkannt
2026-01-28 20:41:56,940 - __main__ - INFO - Bild 0: YOLO erkannt - 416 x 306
2026-01-28 20:41:56,941 - __main__ - INFO - Verarbeite Bild 1 für YOLO-Erkennung
2026-01-28 20:41:59,395 - __main__ - INFO - Bild 1: YOLO erkannt - 359 x 311
2026-01-28 20:41:59,396 - __main__ - INFO - Verarbeite Bild 2 für YOLO-Erkennung
2026-01-28 20:42:01,713 - __main__ - INFO - Bild 2: YOLO erkannt - 405 x 321
2026-01-28 20:42:01,714 - __main__ - INFO - Verarbeite Bild 3 für YOLO-Erkennung
2026-01-28 20:42:04,054 - __main__ - INFO - Bild 3: YOLO erkannt - 353 x 324
2026-01-28 20:42:04,055 - __main__ - INFO - YOLO-Erkennung abgeschlossen. Dimensionen: ['416 x 306', '359 x 311', '405 x 321', '353 x 324']
2026-01-28 20:42:04,055 - __main__ - INFO - Ergebnis von Abmessung erhalten: Typ=<class 'list'>
2026-01-28 20:42:04,056 - __main__ - INFO - Abmessungen erhalten: ['416 x 306', '359 x 311', '405 x 321', '353 x 324']
2026-01-28 20:42:04,056 - __main__ - INFO - Gesamt-Abmessung berechnet: 416 x 416 x 306
2026-01-28 20:42:04,057 - __main__ - INFO - Alle Hauptdaten vorhanden - aktualisiere GUI
2026-01-28 20:42:04,206 - __main__ - INFO - Ergebnis von yolo_frames erhalten: Typ=<class 'list'>
2026-01-28 20:42:04,206 - __main__ - INFO - Erhalte 4 annotierte Frames
2026-01-28 20:42:04,207 - __main__ - INFO - Alle Hauptdaten vorhanden - aktualisiere GUI
2026-01-28 20:42:04,327 - __main__ - INFO - Alle Tasks fertig
2026-01-28 20:42:05,836 - __main__ - INFO - go_next: Aktuelle Seite 2, scan_start=False
2026-01-28 20:42:11,992 - __main__ - INFO - iso_Bild gespeichert: Scans\2026-01-28\Fotos\Scan_20260128_204211\iso_Bild.jpg
2026-01-28 20:42:11,997 - __main__ - INFO - top_Bild gespeichert: Scans\2026-01-28\Fotos\Scan_20260128_204211\top_Bild.jpg
2026-01-28 20:42:12,000 - __main__ - INFO - right_Bild gespeichert: Scans\2026-01-28\Fotos\Scan_20260128_204211\right_Bild.jpg
2026-01-28 20:42:12,004 - __main__ - INFO - behind_Bild gespeichert: Scans\2026-01-28\Fotos\Scan_20260128_204211\behind_Bild.jpg
2026-01-28 20:42:12,005 - __main__ - INFO - 1x0 Datensätze zu CSV hinzugefügt
2026-01-28 20:42:16,915 - __main__ - INFO - Scan 20260128_204211 zu Scans\2026-01-28\scans_2026-01-28.csv hinzugefügt
2026-01-28 20:42:32,801 - __main__ - INFO - Anwendung wurde neu gestartet
2026-01-28 20:42:34,118 - __main__ - INFO - go_next: Aktuelle Seite 0, scan_start=False
2026-01-28 20:42:34,118 - __main__ - INFO - Starte Bildaufnahme von allen Kameras
2026-01-28 20:42:34,921 - __main__ - INFO - Bild erfolgreich von Kamera 0 aufgenommen
2026-01-28 20:42:35,641 - __main__ - INFO - Bild erfolgreich von Kamera 0 aufgenommen
2026-01-28 20:42:36,355 - __main__ - INFO - Bild erfolgreich von Kamera 0 aufgenommen
2026-01-28 20:42:37,071 - __main__ - INFO - Bild erfolgreich von Kamera 0 aufgenommen
2026-01-28 20:42:38,029 - __main__ - INFO - go_next: Aktuelle Seite 1, scan_start=True
2026-01-28 20:42:38,031 - __main__ - INFO - BoundingBox_Yolo03 erfolgreich importiert
2026-01-28 20:42:38,037 - __main__ - INFO - Verarbeite Bild 0 für YOLO-Erkennung
2026-01-28 20:42:38,308 - workers.BarCode_v02 - INFO - YOLO-Modell geladen von models/YOLOV8s_Barcode_Detection.pt
2026-01-28 20:42:38,311 - __main__ - INFO - Analysiere Bild 0 (iso_Bild) auf Barcodes...
2026-01-28 20:42:38,372 - __main__ - INFO - Ergebnis von weight erhalten: Typ=<class 'float'>
2026-01-28 20:42:38,373 - __main__ - INFO - Gewicht: 2250.0
2026-01-28 20:42:38,379 - __main__ - INFO - YOLO-Frames vorhanden - aktualisiere Bilder in GUI
2026-01-28 20:42:39,052 - workers.BarCode_v02 - INFO - Bild 0: 0 Barcode(s) erkannt
2026-01-28 20:42:39,054 - __main__ - INFO - Bild 0: Keine Barcodes erkannt
2026-01-28 20:42:39,055 - __main__ - INFO - Analysiere Bild 1 (top_Bild) auf Barcodes...
2026-01-28 20:42:39,487 - workers.BarCode_v02 - INFO - Bild 1: 0 Barcode(s) erkannt
2026-01-28 20:42:39,488 - __main__ - INFO - Bild 1: Keine Barcodes erkannt
2026-01-28 20:42:39,489 - __main__ - INFO - Analysiere Bild 2 (right_Bild) auf Barcodes...
2026-01-28 20:42:39,850 - workers.BarCode_v02 - INFO - Bild 2: 0 Barcode(s) erkannt
2026-01-28 20:42:39,851 - __main__ - INFO - Bild 2: Keine Barcodes erkannt
2026-01-28 20:42:39,851 - __main__ - INFO - Analysiere Bild 3 (behind_Bild) auf Barcodes...
2026-01-28 20:42:40,229 - workers.BarCode_v02 - INFO - Bild 3: 0 Barcode(s) erkannt
2026-01-28 20:42:40,229 - __main__ - INFO - Bild 3: Keine Barcodes erkannt
2026-01-28 20:42:40,230 - __main__ - INFO - Insgesamt 0 Barcodes in 4 Bildern erkannt
2026-01-28 20:42:40,757 - __main__ - INFO - Bild 0: YOLO erkannt - 400 x 321
2026-01-28 20:42:40,758 - __main__ - INFO - Verarbeite Bild 1 für YOLO-Erkennung
2026-01-28 20:42:43,159 - __main__ - INFO - Bild 1: YOLO erkannt - 427 x 330
2026-01-28 20:42:43,160 - __main__ - INFO - Verarbeite Bild 2 für YOLO-Erkennung
2026-01-28 20:42:45,535 - __main__ - INFO - Bild 2: YOLO erkannt - 425 x 321
2026-01-28 20:42:45,536 - __main__ - INFO - Verarbeite Bild 3 für YOLO-Erkennung
2026-01-28 20:42:47,893 - __main__ - INFO - Bild 3: YOLO erkannt - 429 x 331
2026-01-28 20:42:47,894 - __main__ - INFO - YOLO-Erkennung abgeschlossen. Dimensionen: ['400 x 321', '427 x 330', '425 x 321', '429 x 331']
2026-01-28 20:42:47,895 - __main__ - INFO - Ergebnis von Abmessung erhalten: Typ=<class 'list'>
2026-01-28 20:42:47,895 - __main__ - INFO - Abmessungen erhalten: ['400 x 321', '427 x 330', '425 x 321', '429 x 331']
2026-01-28 20:42:47,896 - __main__ - INFO - Gesamt-Abmessung berechnet: 400 x 400 x 321
2026-01-28 20:42:47,896 - __main__ - INFO - Alle Hauptdaten vorhanden - aktualisiere GUI
2026-01-28 20:42:48,043 - __main__ - INFO - Ergebnis von yolo_frames erhalten: Typ=<class 'list'>
2026-01-28 20:42:48,044 - __main__ - INFO - Erhalte 4 annotierte Frames
2026-01-28 20:42:48,044 - __main__ - INFO - Alle Hauptdaten vorhanden - aktualisiere GUI
2026-01-28 20:42:48,164 - __main__ - INFO - Alle Tasks fertig
2026-01-28 20:42:49,279 - __main__ - INFO - go_next: Aktuelle Seite 2, scan_start=False
2026-01-28 20:42:54,345 - __main__ - INFO - iso_Bild gespeichert: Scans\2026-01-28\Fotos\Scan_20260128_204254\iso_Bild.jpg
2026-01-28 20:42:54,349 - __main__ - INFO - top_Bild gespeichert: Scans\2026-01-28\Fotos\Scan_20260128_204254\top_Bild.jpg
2026-01-28 20:42:54,352 - __main__ - INFO - right_Bild gespeichert: Scans\2026-01-28\Fotos\Scan_20260128_204254\right_Bild.jpg
2026-01-28 20:42:54,369 - __main__ - INFO - behind_Bild gespeichert: Scans\2026-01-28\Fotos\Scan_20260128_204254\behind_Bild.jpg
2026-01-28 20:42:54,370 - __main__ - INFO - 1x0 Datensätze zu CSV hinzugefügt
2026-01-28 20:42:56,271 - __main__ - INFO - Scan 20260128_204254 zu Scans\2026-01-28\scans_2026-01-28.csv hinzugefügt
2026-01-28 20:42:58,604 - __main__ - INFO - Anwendung wurde neu gestartet
2026-01-28 20:44:32,934 - __main__ - INFO - 3D-Scanner wird gestartet...
2026-01-28 20:44:33,951 - __main__ - INFO - Verfügbare Kameras gefunden: [0]
2026-01-28 20:46:14,628 - __main__ - INFO - 3D-Scanner wird gestartet...
2026-01-28 20:46:15,605 - __main__ - INFO - Verfügbare Kameras gefunden: [0]
2026-01-28 20:46:16,909 - __main__ - INFO - go_next: Aktuelle Seite 0, scan_start=False
2026-01-28 20:46:16,910 - __main__ - INFO - Starte Bildaufnahme von allen Kameras
2026-01-28 20:46:17,597 - __main__ - INFO - Bild erfolgreich von Kamera 0 aufgenommen
2026-01-28 20:46:18,285 - __main__ - INFO - Bild erfolgreich von Kamera 0 aufgenommen
2026-01-28 20:46:18,975 - __main__ - INFO - Bild erfolgreich von Kamera 0 aufgenommen
2026-01-28 20:46:19,667 - __main__ - INFO - Bild erfolgreich von Kamera 0 aufgenommen
2026-01-28 20:46:20,658 - __main__ - INFO - go_next: Aktuelle Seite 1, scan_start=True
2026-01-28 20:46:21,044 - __main__ - INFO - Ergebnis von weight erhalten: Typ=<class 'float'>
2026-01-28 20:46:21,045 - __main__ - INFO - Gewicht: 1500.0
2026-01-28 20:46:21,046 - __main__ - INFO - Barcodes vorhanden - aktualisiere GUI
2026-01-28 20:46:25,244 - workers.BarCode_v02 - INFO - YOLO-Modell geladen von models/YOLOV8s_Barcode_Detection.pt
2026-01-28 20:46:25,246 - __main__ - INFO - Analysiere Bild 0 (iso_Bild) auf Barcodes...
2026-01-28 20:46:25,450 - __main__ - INFO - BoundingBox_Yolo03 erfolgreich importiert
2026-01-28 20:46:25,464 - __main__ - INFO - Verarbeite Bild 0 für YOLO-Erkennung
2026-01-28 20:46:25,826 - workers.BarCode_v02 - INFO - Bild 0: 0 Barcode(s) erkannt
2026-01-28 20:46:25,827 - __main__ - INFO - Bild 0: Keine Barcodes erkannt
2026-01-28 20:46:25,828 - __main__ - INFO - Analysiere Bild 1 (top_Bild) auf Barcodes...
2026-01-28 20:46:26,222 - workers.BarCode_v02 - INFO - Bild 1: 0 Barcode(s) erkannt
2026-01-28 20:46:26,224 - __main__ - INFO - Bild 1: Keine Barcodes erkannt
2026-01-28 20:46:26,225 - __main__ - INFO - Analysiere Bild 2 (right_Bild) auf Barcodes...
2026-01-28 20:46:26,525 - workers.BarCode_v02 - INFO - Bild 2: 0 Barcode(s) erkannt
2026-01-28 20:46:26,527 - __main__ - INFO - Bild 2: Keine Barcodes erkannt
2026-01-28 20:46:26,527 - __main__ - INFO - Analysiere Bild 3 (behind_Bild) auf Barcodes...
2026-01-28 20:46:26,906 - workers.BarCode_v02 - INFO - Bild 3: 0 Barcode(s) erkannt
2026-01-28 20:46:26,908 - __main__ - INFO - Bild 3: Keine Barcodes erkannt
2026-01-28 20:46:26,908 - __main__ - INFO - Insgesamt 0 Barcodes in 4 Bildern erkannt
2026-01-28 20:46:28,513 - __main__ - INFO - Bild 0: YOLO erkannt - 381 x 323
2026-01-28 20:46:28,514 - __main__ - INFO - Verarbeite Bild 1 für YOLO-Erkennung
2026-01-28 20:46:30,987 - __main__ - INFO - Bild 1: YOLO erkannt - 393 x 331
2026-01-28 20:46:30,988 - __main__ - INFO - Verarbeite Bild 2 für YOLO-Erkennung
2026-01-28 20:46:33,324 - __main__ - INFO - Bild 2: YOLO erkannt - 399 x 320
2026-01-28 20:46:33,324 - __main__ - INFO - Verarbeite Bild 3 für YOLO-Erkennung
2026-01-28 20:46:35,658 - __main__ - INFO - Bild 3: YOLO erkannt - 410 x 329
2026-01-28 20:46:35,659 - __main__ - INFO - YOLO-Erkennung abgeschlossen. Dimensionen: ['381 x 323', '393 x 331', '399 x 320', '410 x 329']
2026-01-28 20:46:35,659 - __main__ - INFO - Ergebnis von Abmessung erhalten: Typ=<class 'list'>
2026-01-28 20:46:35,660 - __main__ - INFO - Abmessungen erhalten: ['381 x 323', '393 x 331', '399 x 320', '410 x 329']
2026-01-28 20:46:35,660 - __main__ - INFO - Gesamt-Abmessung berechnet: 381 x 381 x 323
2026-01-28 20:46:35,661 - __main__ - INFO - Alle Hauptdaten vorhanden - aktualisiere GUI
2026-01-28 20:46:35,800 - __main__ - INFO - Ergebnis von yolo_frames erhalten: Typ=<class 'list'>
2026-01-28 20:46:35,800 - __main__ - INFO - Erhalte 4 annotierte Frames
2026-01-28 20:46:35,801 - __main__ - INFO - Alle Hauptdaten vorhanden - aktualisiere GUI
2026-01-28 20:46:35,919 - __main__ - INFO - Alle Tasks fertig
2026-01-28 20:46:37,261 - __main__ - INFO - go_next: Aktuelle Seite 2, scan_start=False
2026-01-28 20:46:37,612 - __main__ - INFO - go_next: Aktuelle Seite 3, scan_start=False
2026-01-28 20:46:37,612 - __main__ - INFO - Bereits auf letzter Seite
2026-01-28 20:46:46,803 - __main__ - INFO - Neue CSV-Datei erstellt: Scans\2026-01-28\scans_2026-01-28.csv
2026-01-28 20:46:46,808 - __main__ - INFO - iso_Bild gespeichert: Scans\2026-01-28\Fotos\Scan_20260128_204646\iso_Bild.jpg
2026-01-28 20:46:46,812 - __main__ - INFO - top_Bild gespeichert: Scans\2026-01-28\Fotos\Scan_20260128_204646\top_Bild.jpg
2026-01-28 20:46:46,816 - __main__ - INFO - right_Bild gespeichert: Scans\2026-01-28\Fotos\Scan_20260128_204646\right_Bild.jpg
2026-01-28 20:46:46,834 - __main__ - INFO - behind_Bild gespeichert: Scans\2026-01-28\Fotos\Scan_20260128_204646\behind_Bild.jpg
2026-01-28 20:46:46,835 - __main__ - INFO - 1x1 Datensätze zu CSV hinzugefügt
2026-01-28 20:46:49,597 - __main__ - INFO - Scan 20260128_204646 zu Scans\2026-01-28\scans_2026-01-28.csv hinzugefügt
2026-01-28 20:51:25,183 - __main__ - INFO - 3D-Scanner wird gestartet...
2026-01-28 20:51:26,203 - __main__ - INFO - Verfügbare Kameras gefunden: [0]
2026-01-28 20:51:27,426 - __main__ - INFO - go_next: Aktuelle Seite 0, scan_start=False
2026-01-28 20:51:27,427 - __main__ - INFO - Starte Bildaufnahme von allen Kameras
2026-01-28 20:51:28,131 - __main__ - INFO - Bild erfolgreich von Kamera 0 aufgenommen
2026-01-28 20:51:28,839 - __main__ - INFO - Bild erfolgreich von Kamera 0 aufgenommen
2026-01-28 20:51:29,540 - __main__ - INFO - Bild erfolgreich von Kamera 0 aufgenommen
2026-01-28 20:51:30,228 - __main__ - INFO - Bild erfolgreich von Kamera 0 aufgenommen
2026-01-28 20:51:31,969 - __main__ - INFO - go_next: Aktuelle Seite 1, scan_start=True
2026-01-28 20:51:32,336 - __main__ - INFO - Ergebnis von weight erhalten: Typ=<class 'float'>
2026-01-28 20:51:32,336 - __main__ - INFO - Gewicht: 1500.0
2026-01-28 20:51:32,337 - __main__ - INFO - Barcodes vorhanden - aktualisiere GUI
2026-01-28 20:51:36,496 - workers.BarCode_v02 - INFO - YOLO-Modell geladen von models/YOLOV8s_Barcode_Detection.pt
2026-01-28 20:51:36,497 - __main__ - INFO - Analysiere Bild 0 (iso_Bild) auf Barcodes...
2026-01-28 20:51:36,757 - __main__ - INFO - BoundingBox_Yolo03 erfolgreich importiert
2026-01-28 20:51:36,769 - __main__ - INFO - Verarbeite Bild 0 für YOLO-Erkennung
2026-01-28 20:51:37,179 - workers.BarCode_v02 - INFO - Bild 0: 0 Barcode(s) erkannt
2026-01-28 20:51:37,180 - __main__ - INFO - Bild 0: Keine Barcodes erkannt
2026-01-28 20:51:37,180 - __main__ - INFO - Analysiere Bild 1 (top_Bild) auf Barcodes...
2026-01-28 20:51:37,540 - workers.BarCode_v02 - INFO - Bild 1: 0 Barcode(s) erkannt
2026-01-28 20:51:37,543 - __main__ - INFO - Bild 1: Keine Barcodes erkannt
2026-01-28 20:51:37,544 - __main__ - INFO - Analysiere Bild 2 (right_Bild) auf Barcodes...
2026-01-28 20:51:37,882 - workers.BarCode_v02 - INFO - Bild 2: 0 Barcode(s) erkannt
2026-01-28 20:51:37,883 - __main__ - INFO - Bild 2: Keine Barcodes erkannt
2026-01-28 20:51:37,884 - __main__ - INFO - Analysiere Bild 3 (behind_Bild) auf Barcodes...
2026-01-28 20:51:38,220 - workers.BarCode_v02 - INFO - Bild 3: 0 Barcode(s) erkannt
2026-01-28 20:51:38,222 - __main__ - INFO - Bild 3: Keine Barcodes erkannt
2026-01-28 20:51:38,224 - __main__ - INFO - Insgesamt 0 Barcodes in 4 Bildern erkannt
2026-01-28 20:51:39,843 - __main__ - INFO - Bild 0: YOLO erkannt - 423 x 331
2026-01-28 20:51:39,844 - __main__ - INFO - Verarbeite Bild 1 für YOLO-Erkennung
2026-01-28 20:51:42,173 - __main__ - INFO - Bild 1: YOLO erkannt - 341 x 335
2026-01-28 20:51:42,174 - __main__ - INFO - Verarbeite Bild 2 für YOLO-Erkennung
2026-01-28 20:51:44,490 - __main__ - INFO - Bild 2: YOLO erkannt - 357 x 320
2026-01-28 20:51:44,491 - __main__ - INFO - Verarbeite Bild 3 für YOLO-Erkennung
2026-01-28 20:51:46,808 - __main__ - INFO - Bild 3: YOLO erkannt - 429 x 331
2026-01-28 20:51:46,809 - __main__ - INFO - YOLO-Erkennung abgeschlossen. Dimensionen: ['423 x 331', '341 x 335', '357 x 320', '429 x 331']
2026-01-28 20:51:46,810 - __main__ - INFO - Ergebnis von Abmessung erhalten: Typ=<class 'list'>
2026-01-28 20:51:46,810 - __main__ - INFO - Abmessungen erhalten: ['423 x 331', '341 x 335', '357 x 320', '429 x 331']
2026-01-28 20:51:46,811 - __main__ - INFO - Gesamt-Abmessung berechnet: 423 x 423 x 331
2026-01-28 20:51:46,811 - __main__ - INFO - Alle Hauptdaten vorhanden - aktualisiere GUI
2026-01-28 20:51:46,955 - __main__ - INFO - Ergebnis von yolo_frames erhalten: Typ=<class 'list'>
2026-01-28 20:51:46,956 - __main__ - INFO - Erhalte 4 annotierte Frames
2026-01-28 20:51:46,956 - __main__ - INFO - Alle Hauptdaten vorhanden - aktualisiere GUI
2026-01-28 20:51:47,078 - __main__ - INFO - Alle Tasks fertig
2026-01-28 20:51:49,071 - __main__ - INFO - go_next: Aktuelle Seite 2, scan_start=False
2026-01-28 20:51:49,568 - __main__ - INFO - go_next: Aktuelle Seite 3, scan_start=False
2026-01-28 20:51:49,568 - __main__ - INFO - Bereits auf letzter Seite
2026-01-28 20:51:52,060 - __main__ - INFO - iso_Bild gespeichert: Scans\2026-01-28\Fotos\Scan_20260128_205152\iso_Bild.jpg
2026-01-28 20:51:52,063 - __main__ - INFO - top_Bild gespeichert: Scans\2026-01-28\Fotos\Scan_20260128_205152\top_Bild.jpg
2026-01-28 20:51:52,067 - __main__ - INFO - right_Bild gespeichert: Scans\2026-01-28\Fotos\Scan_20260128_205152\right_Bild.jpg
2026-01-28 20:51:52,085 - __main__ - INFO - behind_Bild gespeichert: Scans\2026-01-28\Fotos\Scan_20260128_205152\behind_Bild.jpg
2026-01-28 20:51:52,086 - __main__ - INFO - Leerer Scan zu CSV hinzugefügt: 20260128_205152
2026-01-28 20:52:01,123 - __main__ - INFO - Scan 20260128_205152 zu Scans\2026-01-28\scans_2026-01-28.csv hinzugefügt
2026-01-28 20:58:54,766 - __main__ - INFO - 3D-Scanner wird gestartet...
2026-01-28 20:58:55,780 - __main__ - INFO - Verfügbare Kameras gefunden: [0]
2026-01-28 20:58:56,936 - __main__ - INFO - go_next: Aktuelle Seite 0, scan_start=False
2026-01-28 20:58:56,937 - __main__ - INFO - Starte Bildaufnahme von allen Kameras
2026-01-28 20:58:57,610 - __main__ - INFO - Bild erfolgreich von Kamera 0 aufgenommen
2026-01-28 20:58:58,306 - __main__ - INFO - Bild erfolgreich von Kamera 0 aufgenommen
2026-01-28 20:58:58,993 - __main__ - INFO - Bild erfolgreich von Kamera 0 aufgenommen
2026-01-28 20:58:59,680 - __main__ - INFO - Bild erfolgreich von Kamera 0 aufgenommen
2026-01-28 20:59:00,683 - __main__ - INFO - go_next: Aktuelle Seite 1, scan_start=True
2026-01-28 20:59:01,046 - __main__ - INFO - Ergebnis von weight erhalten: Typ=<class 'float'>
2026-01-28 20:59:01,047 - __main__ - INFO - Gewicht: 1500.0
2026-01-28 20:59:01,048 - __main__ - INFO - Barcodes vorhanden - aktualisiere GUI
2026-01-28 20:59:05,220 - workers.BarCode_v02 - INFO - YOLO-Modell geladen von models/YOLOV8s_Barcode_Detection.pt
2026-01-28 20:59:05,223 - __main__ - INFO - Analysiere Bild 0 (iso_Bild) auf Barcodes...
2026-01-28 20:59:05,418 - __main__ - INFO - BoundingBox_Yolo03 erfolgreich importiert
2026-01-28 20:59:05,420 - __main__ - INFO - Verarbeite Bild 0 für YOLO-Erkennung
2026-01-28 20:59:05,782 - workers.BarCode_v02 - INFO - Bild 0: 0 Barcode(s) erkannt
2026-01-28 20:59:05,783 - __main__ - INFO - Bild 0: Keine Barcodes erkannt
2026-01-28 20:59:05,783 - __main__ - INFO - Analysiere Bild 1 (top_Bild) auf Barcodes...
2026-01-28 20:59:06,098 - workers.BarCode_v02 - INFO - Bild 1: 0 Barcode(s) erkannt
2026-01-28 20:59:06,099 - __main__ - INFO - Bild 1: Keine Barcodes erkannt
2026-01-28 20:59:06,099 - __main__ - INFO - Analysiere Bild 2 (right_Bild) auf Barcodes...
2026-01-28 20:59:06,356 - workers.BarCode_v02 - INFO - Bild 2: 0 Barcode(s) erkannt
2026-01-28 20:59:06,356 - __main__ - INFO - Bild 2: Keine Barcodes erkannt
2026-01-28 20:59:06,357 - __main__ - INFO - Analysiere Bild 3 (behind_Bild) auf Barcodes...
2026-01-28 20:59:06,612 - workers.BarCode_v02 - INFO - Bild 3: 0 Barcode(s) erkannt
2026-01-28 20:59:06,613 - __main__ - INFO - Bild 3: Keine Barcodes erkannt
2026-01-28 20:59:06,614 - __main__ - INFO - Insgesamt 0 Barcodes in 4 Bildern erkannt
2026-01-28 20:59:08,336 - __main__ - INFO - Bild 0: YOLO erkannt - 415 x 321
2026-01-28 20:59:08,337 - __main__ - INFO - Verarbeite Bild 1 für YOLO-Erkennung
2026-01-28 20:59:10,713 - __main__ - INFO - Bild 1: YOLO erkannt - 328 x 300
2026-01-28 20:59:10,715 - __main__ - INFO - Verarbeite Bild 2 für YOLO-Erkennung
2026-01-28 20:59:13,108 - __main__ - INFO - Bild 2: YOLO erkannt - 368 x 315
2026-01-28 20:59:13,109 - __main__ - INFO - Verarbeite Bild 3 für YOLO-Erkennung
2026-01-28 20:59:15,580 - __main__ - INFO - Bild 3: YOLO erkannt - 427 x 300
2026-01-28 20:59:15,581 - __main__ - INFO - YOLO-Erkennung abgeschlossen. Dimensionen: ['415 x 321', '328 x 300', '368 x 315', '427 x 300']
2026-01-28 20:59:27,159 - __main__ - INFO - 3D-Scanner wird gestartet...
2026-01-28 20:59:28,030 - __main__ - INFO - Verfügbare Kameras gefunden: [0]
2026-01-28 20:59:29,307 - __main__ - INFO - go_next: Aktuelle Seite 0, scan_start=False
2026-01-28 20:59:29,307 - __main__ - INFO - Starte Bildaufnahme von allen Kameras
2026-01-28 20:59:29,992 - __main__ - INFO - Bild erfolgreich von Kamera 0 aufgenommen
2026-01-28 20:59:30,680 - __main__ - INFO - Bild erfolgreich von Kamera 0 aufgenommen
2026-01-28 20:59:31,370 - __main__ - INFO - Bild erfolgreich von Kamera 0 aufgenommen
2026-01-28 20:59:32,059 - __main__ - INFO - Bild erfolgreich von Kamera 0 aufgenommen
2026-01-28 20:59:33,150 - __main__ - INFO - go_next: Aktuelle Seite 1, scan_start=True
2026-01-28 20:59:33,513 - __main__ - INFO - Ergebnis von weight erhalten: Typ=<class 'float'>
2026-01-28 20:59:33,514 - __main__ - INFO - Gewicht: 1500.0
2026-01-28 20:59:33,515 - __main__ - INFO - Barcodes vorhanden - aktualisiere GUI
2026-01-28 20:59:37,554 - workers.BarCode_v02 - INFO - YOLO-Modell geladen von models/YOLOV8s_Barcode_Detection.pt
2026-01-28 20:59:37,555 - __main__ - INFO - Analysiere Bild 0 (iso_Bild) auf Barcodes...
2026-01-28 20:59:37,752 - __main__ - INFO - BoundingBox_Yolo03 erfolgreich importiert
2026-01-28 20:59:37,754 - __main__ - INFO - Verarbeite Bild 0 für YOLO-Erkennung
2026-01-28 20:59:38,144 - workers.BarCode_v02 - INFO - Bild 0: 0 Barcode(s) erkannt
2026-01-28 20:59:38,146 - __main__ - INFO - Bild 0: Keine Barcodes erkannt
2026-01-28 20:59:38,151 - __main__ - INFO - Analysiere Bild 1 (top_Bild) auf Barcodes...
2026-01-28 20:59:38,424 - workers.BarCode_v02 - INFO - Bild 1: 0 Barcode(s) erkannt
2026-01-28 20:59:38,424 - __main__ - INFO - Bild 1: Keine Barcodes erkannt
2026-01-28 20:59:38,425 - __main__ - INFO - Analysiere Bild 2 (right_Bild) auf Barcodes...
2026-01-28 20:59:38,691 - workers.BarCode_v02 - INFO - Bild 2: 0 Barcode(s) erkannt
2026-01-28 20:59:38,692 - __main__ - INFO - Bild 2: Keine Barcodes erkannt
2026-01-28 20:59:38,693 - __main__ - INFO - Analysiere Bild 3 (behind_Bild) auf Barcodes...
2026-01-28 20:59:38,958 - workers.BarCode_v02 - INFO - Bild 3: 0 Barcode(s) erkannt
2026-01-28 20:59:38,959 - __main__ - INFO - Bild 3: Keine Barcodes erkannt
2026-01-28 20:59:38,959 - __main__ - INFO - Insgesamt 0 Barcodes in 4 Bildern erkannt
2026-01-28 20:59:40,674 - __main__ - INFO - Bild 0: YOLO erkannt - 424 x 303
2026-01-28 20:59:40,675 - __main__ - INFO - Verarbeite Bild 1 für YOLO-Erkennung
2026-01-28 20:59:42,958 - __main__ - INFO - Bild 1: YOLO erkannt - 428 x 305
2026-01-28 20:59:42,959 - __main__ - INFO - Verarbeite Bild 2 für YOLO-Erkennung
2026-01-28 20:59:45,229 - __main__ - INFO - Bild 2: YOLO erkannt - 418 x 295
2026-01-28 20:59:45,230 - __main__ - INFO - Verarbeite Bild 3 für YOLO-Erkennung
2026-01-28 20:59:47,607 - __main__ - INFO - Bild 3: YOLO erkannt - 404 x 309
2026-01-28 20:59:47,608 - __main__ - INFO - YOLO-Erkennung abgeschlossen. Dimensionen: ['424 x 303', '428 x 305', '418 x 295', '404 x 309']
2026-01-28 20:59:47,609 - __main__ - INFO - Ergebnis von Abmessung erhalten: Typ=<class 'list'>
2026-01-28 20:59:47,610 - __main__ - INFO - Abmessungen erhalten: ['424 x 303', '428 x 305', '418 x 295', '404 x 309']
2026-01-28 20:59:47,610 - __main__ - INFO - Gesamt-Abmessung berechnet: 424 x 424 x 303
2026-01-28 20:59:47,611 - __main__ - INFO - Alle Hauptdaten vorhanden - aktualisiere GUI
2026-01-28 20:59:47,757 - __main__ - INFO - Ergebnis von yolo_frames erhalten: Typ=<class 'list'>
2026-01-28 20:59:47,758 - __main__ - INFO - Erhalte 4 annotierte Frames
2026-01-28 20:59:47,758 - __main__ - INFO - Alle Hauptdaten vorhanden - aktualisiere GUI
2026-01-28 20:59:47,880 - __main__ - INFO - Alle Tasks fertig
2026-01-28 20:59:49,995 - __main__ - INFO - go_next: Aktuelle Seite 2, scan_start=False
2026-01-28 20:59:50,423 - __main__ - INFO - go_next: Aktuelle Seite 3, scan_start=False
2026-01-28 20:59:50,424 - __main__ - INFO - Bereits auf letzter Seite
2026-01-28 20:59:52,909 - __main__ - INFO - Basisordner erstellt: C:\Users\grane\Desktop\Scans
2026-01-28 20:59:52,912 - __main__ - INFO - Neue CSV-Datei erstellt: C:\Users\grane\Desktop\Scans\2026-01-28\scans_2026-01-28.csv
2026-01-28 20:59:52,917 - __main__ - INFO - iso_Bild gespeichert: C:\Users\grane\Desktop\Scans\2026-01-28\Fotos\Scan_20260128_205952\iso_Bild.jpg
2026-01-28 20:59:52,921 - __main__ - INFO - top_Bild gespeichert: C:\Users\grane\Desktop\Scans\2026-01-28\Fotos\Scan_20260128_205952\top_Bild.jpg
2026-01-28 20:59:52,924 - __main__ - INFO - right_Bild gespeichert: C:\Users\grane\Desktop\Scans\2026-01-28\Fotos\Scan_20260128_205952\right_Bild.jpg
2026-01-28 20:59:52,941 - __main__ - INFO - behind_Bild gespeichert: C:\Users\grane\Desktop\Scans\2026-01-28\Fotos\Scan_20260128_205952\behind_Bild.jpg
2026-01-28 20:59:52,942 - __main__ - INFO - Leerer Scan zu CSV hinzugefügt: 20260128_205952
2026-01-28 20:59:56,154 - __main__ - INFO - Scan 20260128_205952 zu C:\Users\grane\Desktop\Scans\2026-01-28\scans_2026-01-28.csv hinzugefügt
2026-01-28 21:03:36,255 - __main__ - INFO - 3D-Scanner wird gestartet...
2026-01-28 21:03:37,250 - __main__ - INFO - Verfügbare Kameras gefunden: [0]
2026-01-28 21:03:38,561 - __main__ - INFO - go_next: Aktuelle Seite 0, scan_start=False
2026-01-28 21:03:38,561 - __main__ - INFO - Starte Bildaufnahme von allen Kameras
2026-01-28 21:03:39,274 - __main__ - INFO - Bild erfolgreich von Kamera 0 aufgenommen
2026-01-28 21:03:39,964 - __main__ - INFO - Bild erfolgreich von Kamera 0 aufgenommen
2026-01-28 21:03:40,649 - __main__ - INFO - Bild erfolgreich von Kamera 0 aufgenommen
2026-01-28 21:03:41,327 - __main__ - INFO - Bild erfolgreich von Kamera 0 aufgenommen
2026-01-28 21:03:42,578 - __main__ - INFO - go_next: Aktuelle Seite 1, scan_start=True
2026-01-28 21:03:42,950 - __main__ - INFO - Ergebnis von weight erhalten: Typ=<class 'float'>
2026-01-28 21:03:42,950 - __main__ - INFO - Gewicht: 1500.0
2026-01-28 21:03:42,951 - __main__ - INFO - Barcodes vorhanden - aktualisiere GUI
2026-01-28 21:03:47,125 - workers.BarCode_v02 - INFO - YOLO-Modell geladen von models/YOLOV8s_Barcode_Detection.pt
2026-01-28 21:03:47,127 - __main__ - INFO - Analysiere Bild 0 (iso_Bild) auf Barcodes...
2026-01-28 21:03:47,333 - __main__ - INFO - BoundingBox_Yolo03 erfolgreich importiert
2026-01-28 21:03:47,334 - __main__ - INFO - Verarbeite Bild 0 für YOLO-Erkennung
2026-01-28 21:03:47,737 - workers.BarCode_v02 - INFO - Bild 0: 0 Barcode(s) erkannt
2026-01-28 21:03:47,737 - __main__ - INFO - Bild 0: Keine Barcodes erkannt
2026-01-28 21:03:47,738 - __main__ - INFO - Analysiere Bild 1 (top_Bild) auf Barcodes...
2026-01-28 21:03:48,059 - workers.BarCode_v02 - INFO - Bild 1: 0 Barcode(s) erkannt
2026-01-28 21:03:48,060 - __main__ - INFO - Bild 1: Keine Barcodes erkannt
2026-01-28 21:03:48,060 - __main__ - INFO - Analysiere Bild 2 (right_Bild) auf Barcodes...
2026-01-28 21:03:48,339 - workers.BarCode_v02 - INFO - Bild 2: 0 Barcode(s) erkannt
2026-01-28 21:03:48,340 - __main__ - INFO - Bild 2: Keine Barcodes erkannt
2026-01-28 21:03:48,341 - __main__ - INFO - Analysiere Bild 3 (behind_Bild) auf Barcodes...
2026-01-28 21:03:48,720 - workers.BarCode_v02 - INFO - Bild 3: 0 Barcode(s) erkannt
2026-01-28 21:03:48,721 - __main__ - INFO - Bild 3: Keine Barcodes erkannt
2026-01-28 21:03:48,722 - __main__ - INFO - Insgesamt 0 Barcodes in 4 Bildern erkannt
2026-01-28 21:03:50,294 - __main__ - INFO - Bild 0: YOLO erkannt - 435 x 320
2026-01-28 21:03:50,295 - __main__ - INFO - Verarbeite Bild 1 für YOLO-Erkennung
2026-01-28 21:03:52,609 - __main__ - INFO - Bild 1: YOLO erkannt - 413 x 321
2026-01-28 21:03:52,610 - __main__ - INFO - Verarbeite Bild 2 für YOLO-Erkennung
2026-01-28 21:03:55,111 - __main__ - INFO - Bild 2: YOLO erkannt - 390 x 320
2026-01-28 21:03:55,113 - __main__ - INFO - Verarbeite Bild 3 für YOLO-Erkennung
2026-01-28 21:03:57,562 - __main__ - INFO - Bild 3: YOLO erkannt - 406 x 321
2026-01-28 21:03:57,565 - __main__ - INFO - YOLO-Erkennung abgeschlossen. Dimensionen: ['435 x 320', '413 x 321', '390 x 320', '406 x 321']
2026-01-28 21:03:57,566 - __main__ - INFO - Ergebnis von Abmessung erhalten: Typ=<class 'list'>
2026-01-28 21:03:57,567 - __main__ - INFO - Abmessungen erhalten: ['435 x 320', '413 x 321', '390 x 320', '406 x 321']
2026-01-28 21:03:57,567 - __main__ - INFO - Gesamt-Abmessung berechnet: 435 x 435 x 320
2026-01-28 21:03:57,568 - __main__ - INFO - Alle Hauptdaten vorhanden - aktualisiere GUI
2026-01-28 21:03:57,733 - __main__ - INFO - Ergebnis von yolo_frames erhalten: Typ=<class 'list'>
2026-01-28 21:03:57,733 - __main__ - INFO - Erhalte 4 annotierte Frames
2026-01-28 21:03:57,734 - __main__ - INFO - Alle Hauptdaten vorhanden - aktualisiere GUI
2026-01-28 21:03:57,922 - __main__ - INFO - Alle Tasks fertig
2026-01-28 21:04:05,809 - __main__ - INFO - go_next: Aktuelle Seite 2, scan_start=False
2026-01-28 21:04:08,348 - __main__ - INFO - Basisordner erstellt: C:\Users\grane\Desktop\Scans
2026-01-28 21:04:08,351 - __main__ - INFO - Neue CSV-Datei erstellt: C:\Users\grane\Desktop\Scans\2026-01-28\scans_2026-01-28.csv
2026-01-28 21:04:08,355 - __main__ - INFO - iso_Bild gespeichert: C:\Users\grane\Desktop\Scans\2026-01-28\Fotos\Scan_20260128_210408\iso_Bild.jpg
2026-01-28 21:04:08,359 - __main__ - INFO - top_Bild gespeichert: C:\Users\grane\Desktop\Scans\2026-01-28\Fotos\Scan_20260128_210408\top_Bild.jpg
2026-01-28 21:04:08,363 - __main__ - INFO - right_Bild gespeichert: C:\Users\grane\Desktop\Scans\2026-01-28\Fotos\Scan_20260128_210408\right_Bild.jpg
2026-01-28 21:04:08,368 - __main__ - INFO - behind_Bild gespeichert: C:\Users\grane\Desktop\Scans\2026-01-28\Fotos\Scan_20260128_210408\behind_Bild.jpg
2026-01-28 21:04:08,369 - __main__ - INFO - Leerer Scan zu CSV hinzugefügt: 20260128_210408
2026-01-28 21:04:10,461 - __main__ - INFO - Scan 20260128_210408 zu C:\Users\grane\Desktop\Scans\2026-01-28\scans_2026-01-28.csv hinzugefügt
2026-01-28 21:06:18,274 - __main__ - INFO - 3D-Scanner wird gestartet...
2026-01-28 21:06:19,317 - __main__ - INFO - Verfügbare Kameras gefunden: [0]
2026-01-28 21:06:21,435 - __main__ - INFO - go_next: Aktuelle Seite 0, scan_start=False
2026-01-28 21:06:21,435 - __main__ - INFO - Starte Bildaufnahme von allen Kameras
2026-01-28 21:06:22,115 - __main__ - INFO - Bild erfolgreich von Kamera 0 aufgenommen
2026-01-28 21:06:22,806 - __main__ - INFO - Bild erfolgreich von Kamera 0 aufgenommen
2026-01-28 21:06:23,504 - __main__ - INFO - Bild erfolgreich von Kamera 0 aufgenommen
2026-01-28 21:06:24,196 - __main__ - INFO - Bild erfolgreich von Kamera 0 aufgenommen
2026-01-28 21:06:25,216 - __main__ - INFO - go_next: Aktuelle Seite 1, scan_start=True
2026-01-28 21:06:25,571 - __main__ - INFO - Ergebnis von weight erhalten: Typ=<class 'float'>
2026-01-28 21:06:25,571 - __main__ - INFO - Gewicht: 1500.0
2026-01-28 21:06:25,572 - __main__ - INFO - Barcodes vorhanden - aktualisiere GUI
2026-01-28 21:06:29,871 - workers.BarCode_v02 - INFO - YOLO-Modell geladen von models/YOLOV8s_Barcode_Detection.pt
2026-01-28 21:06:29,873 - __main__ - INFO - Analysiere Bild 0 (iso_Bild) auf Barcodes...
2026-01-28 21:06:30,128 - __main__ - INFO - BoundingBox_Yolo03 erfolgreich importiert
2026-01-28 21:06:30,131 - __main__ - INFO - Verarbeite Bild 0 für YOLO-Erkennung
2026-01-28 21:06:30,564 - workers.BarCode_v02 - INFO - Bild 0: 0 Barcode(s) erkannt
2026-01-28 21:06:30,565 - __main__ - INFO - Bild 0: Keine Barcodes erkannt
2026-01-28 21:06:30,565 - __main__ - INFO - Analysiere Bild 1 (top_Bild) auf Barcodes...
2026-01-28 21:06:30,850 - workers.BarCode_v02 - INFO - Bild 1: 0 Barcode(s) erkannt
2026-01-28 21:06:30,852 - __main__ - INFO - Bild 1: Keine Barcodes erkannt
2026-01-28 21:06:30,853 - __main__ - INFO - Analysiere Bild 2 (right_Bild) auf Barcodes...
2026-01-28 21:06:31,113 - workers.BarCode_v02 - INFO - Bild 2: 0 Barcode(s) erkannt
2026-01-28 21:06:31,114 - __main__ - INFO - Bild 2: Keine Barcodes erkannt
2026-01-28 21:06:31,114 - __main__ - INFO - Analysiere Bild 3 (behind_Bild) auf Barcodes...
2026-01-28 21:06:31,406 - workers.BarCode_v02 - INFO - Bild 3: 0 Barcode(s) erkannt
2026-01-28 21:06:31,407 - __main__ - INFO - Bild 3: Keine Barcodes erkannt
2026-01-28 21:06:31,407 - __main__ - INFO - Insgesamt 0 Barcodes in 4 Bildern erkannt
2026-01-28 21:06:33,096 - __main__ - INFO - Bild 0: YOLO erkannt - 339 x 306
2026-01-28 21:06:33,099 - __main__ - INFO - Verarbeite Bild 1 für YOLO-Erkennung
2026-01-28 21:06:35,572 - __main__ - INFO - Bild 1: YOLO erkannt - 340 x 307
2026-01-28 21:06:35,573 - __main__ - INFO - Verarbeite Bild 2 für YOLO-Erkennung
2026-01-28 21:06:37,888 - __main__ - INFO - Bild 2: YOLO erkannt - 405 x 306
2026-01-28 21:06:37,890 - __main__ - INFO - Verarbeite Bild 3 für YOLO-Erkennung
2026-01-28 21:06:40,220 - __main__ - INFO - Bild 3: YOLO erkannt - 342 x 306
2026-01-28 21:06:40,222 - __main__ - INFO - YOLO-Erkennung abgeschlossen. Dimensionen: ['339 x 306', '340 x 307', '405 x 306', '342 x 306']
2026-01-28 21:06:40,223 - __main__ - INFO - Ergebnis von Abmessung erhalten: Typ=<class 'list'>
2026-01-28 21:06:40,223 - __main__ - INFO - Abmessungen erhalten: ['339 x 306', '340 x 307', '405 x 306', '342 x 306']
2026-01-28 21:06:40,224 - __main__ - INFO - Gesamt-Abmessung berechnet: 339 x 339 x 306
2026-01-28 21:06:40,224 - __main__ - INFO - Alle Hauptdaten vorhanden - aktualisiere GUI
2026-01-28 21:06:40,360 - __main__ - INFO - Ergebnis von yolo_frames erhalten: Typ=<class 'list'>
2026-01-28 21:06:40,361 - __main__ - INFO - Erhalte 4 annotierte Frames
2026-01-28 21:06:40,361 - __main__ - INFO - Alle Hauptdaten vorhanden - aktualisiere GUI
2026-01-28 21:06:40,486 - __main__ - INFO - Alle Tasks fertig
2026-01-28 21:06:42,541 - __main__ - INFO - go_next: Aktuelle Seite 2, scan_start=False
2026-01-28 21:06:43,064 - __main__ - INFO - go_next: Aktuelle Seite 3, scan_start=False
2026-01-28 21:06:43,064 - __main__ - INFO - Bereits auf letzter Seite
2026-01-28 21:06:44,946 - __main__ - INFO - Basisordner erstellt: C:\Users\grane\Desktop\Scans
2026-01-28 21:06:44,951 - __main__ - INFO - Neue CSV-Datei erstellt: C:\Users\grane\Desktop\Scans\2026-01-28\scans_2026-01-28.csv
2026-01-28 21:06:44,954 - __main__ - INFO - iso_Bild gespeichert: C:\Users\grane\Desktop\Scans\2026-01-28\Fotos\Scan_20260128_210644\iso_Bild.jpg
2026-01-28 21:06:44,958 - __main__ - INFO - top_Bild gespeichert: C:\Users\grane\Desktop\Scans\2026-01-28\Fotos\Scan_20260128_210644\top_Bild.jpg
2026-01-28 21:06:44,962 - __main__ - INFO - right_Bild gespeichert: C:\Users\grane\Desktop\Scans\2026-01-28\Fotos\Scan_20260128_210644\right_Bild.jpg
2026-01-28 21:06:44,980 - __main__ - INFO - behind_Bild gespeichert: C:\Users\grane\Desktop\Scans\2026-01-28\Fotos\Scan_20260128_210644\behind_Bild.jpg
2026-01-28 21:06:44,980 - __main__ - INFO - Leerer Scan zu CSV hinzugefügt: 20260128_210644
2026-01-28 21:06:47,272 - __main__ - INFO - Scan 20260128_210644 zu C:\Users\grane\Desktop\Scans\2026-01-28\scans_2026-01-28.csv hinzugefügt
2026-01-28 21:06:49,887 - __main__ - INFO - Anwendung wurde neu gestartet
2026-01-28 21:38:46,616 - __main__ - INFO - 3D-Scanner wird gestartet...
2026-01-28 21:38:47,660 - __main__ - INFO - Verfügbare Kameras gefunden: [0]
2026-01-28 21:38:49,562 - __main__ - INFO - go_next: Aktuelle Seite 0, scan_start=False
2026-01-28 21:38:49,563 - __main__ - INFO - Starte Bildaufnahme von allen Kameras
2026-01-28 21:38:50,351 - __main__ - INFO - Bild erfolgreich von Kamera 0 aufgenommen
2026-01-28 21:38:51,144 - __main__ - INFO - Bild erfolgreich von Kamera 0 aufgenommen
2026-01-28 21:38:51,932 - __main__ - INFO - Bild erfolgreich von Kamera 0 aufgenommen
2026-01-28 21:38:52,720 - __main__ - INFO - Bild erfolgreich von Kamera 0 aufgenommen
2026-01-28 21:38:57,501 - __main__ - INFO - Wiederhole Bild 1
2026-01-28 21:38:58,295 - __main__ - INFO - Bild erfolgreich von Kamera 0 aufgenommen
2026-01-28 21:38:58,983 - __main__ - INFO - Wiederhole Bild 1
2026-01-28 21:38:59,747 - __main__ - INFO - Bild erfolgreich von Kamera 0 aufgenommen
2026-01-28 21:39:01,620 - __main__ - INFO - go_next: Aktuelle Seite 1, scan_start=True
2026-01-28 21:39:01,977 - __main__ - INFO - Ergebnis von weight erhalten: Typ=<class 'float'>
2026-01-28 21:39:01,977 - __main__ - INFO - Gewicht: 1500.0
2026-01-28 21:39:01,978 - __main__ - INFO - Barcodes vorhanden - aktualisiere GUI
2026-01-28 21:39:06,088 - workers.BarCode_v02 - INFO - YOLO-Modell geladen von models/YOLOV8s_Barcode_Detection.pt
2026-01-28 21:39:06,095 - __main__ - INFO - Analysiere Bild 0 (iso_Bild) auf Barcodes...
2026-01-28 21:39:06,304 - __main__ - INFO - BoundingBox_Yolo03 erfolgreich importiert
2026-01-28 21:39:06,334 - __main__ - INFO - Verarbeite Bild 0 für YOLO-Erkennung
2026-01-28 21:39:09,284 - __main__ - INFO - Bild 0: YOLO erkannt - 326 x 319
2026-01-28 21:39:09,286 - __main__ - INFO - Verarbeite Bild 1 für YOLO-Erkennung
2026-01-28 21:39:11,674 - __main__ - INFO - Bild 1: YOLO erkannt - 376 x 316
2026-01-28 21:39:11,675 - __main__ - INFO - Verarbeite Bild 2 für YOLO-Erkennung
2026-01-28 21:39:14,017 - __main__ - INFO - Bild 2: YOLO erkannt - 413 x 316
2026-01-28 21:39:14,018 - __main__ - INFO - Verarbeite Bild 3 für YOLO-Erkennung
2026-01-28 21:39:14,749 - workers.BarCode_v02 - INFO - Bild 0: 0 Barcode(s) erkannt
2026-01-28 21:39:14,753 - __main__ - INFO - Bild 0: Keine Barcodes erkannt
2026-01-28 21:39:14,755 - __main__ - INFO - Analysiere Bild 1 (top_Bild) auf Barcodes...
2026-01-28 21:39:15,381 - workers.BarCode_v02 - INFO - Bild 1: 0 Barcode(s) erkannt
2026-01-28 21:39:15,381 - __main__ - INFO - Bild 1: Keine Barcodes erkannt
2026-01-28 21:39:15,382 - __main__ - INFO - Analysiere Bild 2 (right_Bild) auf Barcodes...
2026-01-28 21:39:15,900 - workers.BarCode_v02 - INFO - Bild 2: 0 Barcode(s) erkannt
2026-01-28 21:39:15,900 - __main__ - INFO - Bild 2: Keine Barcodes erkannt
2026-01-28 21:39:15,901 - __main__ - INFO - Analysiere Bild 3 (behind_Bild) auf Barcodes...
2026-01-28 21:39:16,310 - workers.BarCode_v02 - INFO - Bild 3: 0 Barcode(s) erkannt
2026-01-28 21:39:16,311 - __main__ - INFO - Bild 3: Keine Barcodes erkannt
2026-01-28 21:39:16,312 - __main__ - INFO - Insgesamt 0 Barcodes in 4 Bildern erkannt
2026-01-28 21:39:16,766 - __main__ - INFO - Bild 3: YOLO erkannt - 318 x 319
2026-01-28 21:39:16,767 - __main__ - INFO - YOLO-Erkennung abgeschlossen. Dimensionen: ['326 x 319', '376 x 316', '413 x 316', '318 x 319']
2026-01-28 21:39:16,768 - __main__ - INFO - Ergebnis von Abmessung erhalten: Typ=<class 'list'>
2026-01-28 21:39:16,768 - __main__ - INFO - Abmessungen erhalten: ['326 x 319', '376 x 316', '413 x 316', '318 x 319']
2026-01-28 21:39:16,768 - __main__ - INFO - Gesamt-Abmessung berechnet: 326 x 326 x 319
2026-01-28 21:39:16,769 - __main__ - INFO - Alle Hauptdaten vorhanden - aktualisiere GUI
2026-01-28 21:39:16,909 - __main__ - INFO - Ergebnis von yolo_frames erhalten: Typ=<class 'list'>
2026-01-28 21:39:16,909 - __main__ - INFO - Erhalte 4 annotierte Frames
2026-01-28 21:39:16,909 - __main__ - INFO - Alle Hauptdaten vorhanden - aktualisiere GUI
2026-01-28 21:39:17,075 - __main__ - INFO - Alle Tasks fertig
2026-01-28 21:39:34,410 - __main__ - INFO - go_next: Aktuelle Seite 2, scan_start=False
2026-01-28 21:39:35,451 - __main__ - INFO - go_back: Aktuelle Seite 3, scan_start=False
2026-01-28 21:59:07,856 - __main__ - INFO - 3D-Scanner wird gestartet...
2026-01-28 21:59:08,875 - __main__ - INFO - Verfügbare Kameras gefunden: [0]
2026-01-28 21:59:10,917 - __main__ - INFO - go_next: Aktuelle Seite 0, scan_start=False
2026-01-28 21:59:10,918 - __main__ - INFO - Starte Bildaufnahme von allen Kameras
2026-01-28 21:59:11,682 - __main__ - INFO - Bild erfolgreich von Kamera 0 aufgenommen
2026-01-28 21:59:12,452 - __main__ - INFO - Bild erfolgreich von Kamera 0 aufgenommen
2026-01-28 21:59:13,213 - __main__ - INFO - Bild erfolgreich von Kamera 0 aufgenommen
2026-01-28 21:59:13,971 - __main__ - INFO - Bild erfolgreich von Kamera 0 aufgenommen
2026-01-28 21:59:15,298 - __main__ - INFO - Wiederhole Bild 1
2026-01-28 21:59:16,056 - __main__ - INFO - Bild erfolgreich von Kamera 0 aufgenommen
2026-01-28 21:59:16,972 - __main__ - INFO - Wiederhole Bild 1
2026-01-28 21:59:17,728 - __main__ - INFO - Bild erfolgreich von Kamera 0 aufgenommen
2026-01-28 21:59:19,126 - __main__ - INFO - go_next: Aktuelle Seite 1, scan_start=True
2026-01-28 21:59:19,485 - __main__ - INFO - Ergebnis von weight erhalten: Typ=<class 'float'>
2026-01-28 21:59:19,485 - __main__ - INFO - Gewicht: 1500.0
2026-01-28 21:59:19,486 - __main__ - INFO - Barcodes vorhanden - aktualisiere GUI
2026-01-28 21:59:24,849 - workers.BarCode_v03 - INFO - YOLO-Modell geladen von models/YOLOV8s_Barcode_Detection.pt
2026-01-28 21:59:24,850 - __main__ - INFO - Analysiere Bild 0 (iso_Bild) auf Barcodes...
2026-01-28 21:59:25,027 - __main__ - INFO - BoundingBox_Yolo03 erfolgreich importiert
2026-01-28 21:59:25,027 - __main__ - INFO - Verarbeite Bild 0 für YOLO-Erkennung
2026-01-28 21:59:25,700 - __main__ - INFO - Bild 0: Keine Barcodes erkannt
2026-01-28 21:59:25,700 - __main__ - INFO - Analysiere Bild 1 (top_Bild) auf Barcodes...
2026-01-28 21:59:26,026 - __main__ - INFO - Bild 1: Keine Barcodes erkannt
2026-01-28 21:59:26,027 - __main__ - INFO - Analysiere Bild 2 (right_Bild) auf Barcodes...
2026-01-28 21:59:26,409 - __main__ - INFO - Bild 2: Keine Barcodes erkannt
2026-01-28 21:59:26,410 - __main__ - INFO - Analysiere Bild 3 (behind_Bild) auf Barcodes...
2026-01-28 21:59:26,774 - __main__ - INFO - Bild 3: Keine Barcodes erkannt
2026-01-28 21:59:26,776 - __main__ - INFO - Insgesamt 0 Barcodes in 4 Bildern erkannt
2026-01-28 21:59:28,044 - __main__ - INFO - Bild 0: YOLO erkannt - 293 x 145
2026-01-28 21:59:28,045 - __main__ - INFO - Verarbeite Bild 1 für YOLO-Erkennung
2026-01-28 21:59:30,399 - __main__ - INFO - Bild 1: YOLO erkannt - 313 x 289
2026-01-28 21:59:30,400 - __main__ - INFO - Verarbeite Bild 2 für YOLO-Erkennung
2026-01-28 21:59:32,731 - __main__ - WARNING - Bild 2: Keine Boxen erkannt
2026-01-28 21:59:32,733 - __main__ - INFO - Verarbeite Bild 3 für YOLO-Erkennung
2026-01-28 21:59:35,068 - __main__ - WARNING - Bild 3: Keine Boxen erkannt
2026-01-28 21:59:35,069 - __main__ - INFO - YOLO-Erkennung abgeschlossen. Dimensionen: ['293 x 145', '313 x 289', '0 x 0', '0 x 0']
2026-01-28 21:59:35,069 - __main__ - INFO - Ergebnis von Abmessung erhalten: Typ=<class 'list'>
2026-01-28 21:59:35,070 - __main__ - INFO - Abmessungen erhalten: ['293 x 145', '313 x 289', '0 x 0', '0 x 0']
2026-01-28 21:59:35,070 - __main__ - INFO - Gesamt-Abmessung berechnet: 293 x 293 x 145
2026-01-28 21:59:35,070 - __main__ - INFO - Alle Hauptdaten vorhanden - aktualisiere GUI
2026-01-28 21:59:35,218 - __main__ - INFO - Ergebnis von yolo_frames erhalten: Typ=<class 'list'>
2026-01-28 21:59:35,219 - __main__ - INFO - Erhalte 4 annotierte Frames
2026-01-28 21:59:35,219 - __main__ - INFO - Alle Hauptdaten vorhanden - aktualisiere GUI
2026-01-28 21:59:35,397 - __main__ - INFO - Alle Tasks fertig
2026-01-28 22:00:16,946 - __main__ - INFO - 3D-Scanner wird gestartet...
2026-01-28 22:00:17,895 - __main__ - INFO - Verfügbare Kameras gefunden: [0]
2026-01-28 22:00:19,889 - __main__ - INFO - go_next: Aktuelle Seite 0, scan_start=False
2026-01-28 22:00:19,890 - __main__ - INFO - Starte Bildaufnahme von allen Kameras
2026-01-28 22:00:20,664 - __main__ - INFO - Bild erfolgreich von Kamera 0 aufgenommen
2026-01-28 22:00:21,437 - __main__ - INFO - Bild erfolgreich von Kamera 0 aufgenommen
2026-01-28 22:00:22,205 - __main__ - INFO - Bild erfolgreich von Kamera 0 aufgenommen
2026-01-28 22:00:22,976 - __main__ - INFO - Bild erfolgreich von Kamera 0 aufgenommen
2026-01-28 22:00:24,776 - __main__ - INFO - Wiederhole Bild 1
2026-01-28 22:00:25,530 - __main__ - INFO - Bild erfolgreich von Kamera 0 aufgenommen
2026-01-28 22:00:26,248 - __main__ - INFO - Wiederhole Bild 1
2026-01-28 22:00:27,001 - __main__ - INFO - Bild erfolgreich von Kamera 0 aufgenommen
2026-01-28 22:00:28,398 - __main__ - INFO - Wiederhole Bild 1
2026-01-28 22:00:29,147 - __main__ - INFO - Bild erfolgreich von Kamera 0 aufgenommen
2026-01-28 22:00:29,873 - __main__ - INFO - Wiederhole Bild 1
2026-01-28 22:00:30,625 - __main__ - INFO - Bild erfolgreich von Kamera 0 aufgenommen
2026-01-28 22:00:31,658 - __main__ - INFO - Wiederhole Bild 1
2026-01-28 22:00:32,416 - __main__ - INFO - Bild erfolgreich von Kamera 0 aufgenommen
2026-01-28 22:00:33,305 - __main__ - INFO - Wiederhole Bild 1
2026-01-28 22:00:34,053 - __main__ - INFO - Bild erfolgreich von Kamera 0 aufgenommen
2026-01-28 22:00:35,842 - __main__ - INFO - Wiederhole Bild 1
2026-01-28 22:00:36,619 - __main__ - INFO - Bild erfolgreich von Kamera 0 aufgenommen
2026-01-28 22:00:38,604 - __main__ - INFO - go_next: Aktuelle Seite 1, scan_start=True
2026-01-28 22:00:38,966 - __main__ - INFO - Ergebnis von weight erhalten: Typ=<class 'float'>
2026-01-28 22:00:38,966 - __main__ - INFO - Gewicht: 1500.0
2026-01-28 22:00:38,968 - __main__ - INFO - Barcodes vorhanden - aktualisiere GUI
2026-01-28 22:00:43,012 - workers.BarCode_v03 - INFO - YOLO-Modell geladen von models/YOLOV8s_Barcode_Detection.pt
2026-01-28 22:00:43,013 - __main__ - INFO - Analysiere Bild 0 (iso_Bild) auf Barcodes...
2026-01-28 22:00:43,223 - __main__ - INFO - BoundingBox_Yolo03 erfolgreich importiert
2026-01-28 22:00:43,224 - __main__ - INFO - Verarbeite Bild 0 für YOLO-Erkennung
2026-01-28 22:00:43,805 - __main__ - INFO - Bild 0: Keine Barcodes erkannt
2026-01-28 22:00:43,805 - __main__ - INFO - Analysiere Bild 1 (top_Bild) auf Barcodes...
2026-01-28 22:00:44,078 - __main__ - INFO - Bild 1: Keine Barcodes erkannt
2026-01-28 22:00:44,079 - __main__ - INFO - Analysiere Bild 2 (right_Bild) auf Barcodes...
2026-01-28 22:00:44,342 - __main__ - INFO - Bild 2: Keine Barcodes erkannt
2026-01-28 22:00:44,343 - __main__ - INFO - Analysiere Bild 3 (behind_Bild) auf Barcodes...
2026-01-28 22:00:44,815 - __main__ - INFO - Bild 3: Keine Barcodes erkannt
2026-01-28 22:00:44,816 - __main__ - INFO - Insgesamt 0 Barcodes in 4 Bildern erkannt
2026-01-28 22:00:46,213 - __main__ - INFO - Bild 0: YOLO erkannt - 309 x 298
2026-01-28 22:00:46,214 - __main__ - INFO - Verarbeite Bild 1 für YOLO-Erkennung
2026-01-28 22:00:48,568 - __main__ - WARNING - Bild 1: Keine Boxen erkannt
2026-01-28 22:00:48,569 - __main__ - INFO - Verarbeite Bild 2 für YOLO-Erkennung
2026-01-28 22:00:50,857 - __main__ - WARNING - Bild 2: Keine Boxen erkannt
2026-01-28 22:00:50,857 - __main__ - INFO - Verarbeite Bild 3 für YOLO-Erkennung
2026-01-28 22:00:53,158 - __main__ - WARNING - Bild 3: Keine Boxen erkannt
2026-01-28 22:00:53,158 - __main__ - INFO - YOLO-Erkennung abgeschlossen. Dimensionen: ['309 x 298', '0 x 0', '0 x 0', '0 x 0']
2026-01-28 22:00:53,159 - __main__ - INFO - Ergebnis von Abmessung erhalten: Typ=<class 'list'>
2026-01-28 22:00:53,160 - __main__ - INFO - Abmessungen erhalten: ['309 x 298', '0 x 0', '0 x 0', '0 x 0']
2026-01-28 22:00:53,160 - __main__ - INFO - Gesamt-Abmessung berechnet: 309 x 309 x 298
2026-01-28 22:00:53,161 - __main__ - INFO - Alle Hauptdaten vorhanden - aktualisiere GUI
2026-01-28 22:00:53,305 - __main__ - INFO - Ergebnis von yolo_frames erhalten: Typ=<class 'list'>
2026-01-28 22:00:53,306 - __main__ - INFO - Erhalte 4 annotierte Frames
2026-01-28 22:00:53,306 - __main__ - INFO - Alle Hauptdaten vorhanden - aktualisiere GUI
2026-01-28 22:00:53,428 - __main__ - INFO - Alle Tasks fertig
2026-01-28 22:00:55,361 - __main__ - INFO - go_next: Aktuelle Seite 2, scan_start=False
2026-01-28 22:04:42,464 - __main__ - INFO - 3D-Scanner wird gestartet...
2026-01-28 22:04:43,433 - __main__ - INFO - Verfügbare Kameras gefunden: [0]
2026-01-28 22:04:44,850 - __main__ - INFO - go_next: Aktuelle Seite 0, scan_start=False
2026-01-28 22:04:44,851 - __main__ - INFO - Starte Bildaufnahme von allen Kameras
2026-01-28 22:04:45,611 - __main__ - INFO - Bild erfolgreich von Kamera 0 aufgenommen
2026-01-28 22:04:46,374 - __main__ - INFO - Bild erfolgreich von Kamera 0 aufgenommen
2026-01-28 22:04:47,062 - __main__ - INFO - Bild erfolgreich von Kamera 0 aufgenommen
2026-01-28 22:04:47,757 - __main__ - INFO - Bild erfolgreich von Kamera 0 aufgenommen
