ISO-10303-21;
HEADER;

/* File generated by Shapr3D Version 3.0 */

FILE_DESCRIPTION(('HOOPS Exchange Step'),'2;1');

FILE_NAME('C:\\Users\\30abd\\AppData\\Local\\Packages\\Shapr3D.Shapr3D_j403pzjkqtqbj\\TempState\\export\\temp_export',
'2023-09-30T01:42:52-16:00',
('30abd'),
('Shapr3D Limited'),
'HOOPS Exchange 2023.2',
'Shapr3D',
'Authorized');

FILE_SCHEMA( ('AUTOMOTIVE_DESIGN { 1 0 10303 214 1 1 1 1 }') );

ENDSEC;

DATA;
#3=(NAMED_UNIT(*)PLANE_ANGLE_UNIT()SI_UNIT($,.RADIAN.));
#4=PLANE_ANGLE_MEASURE_WITH_UNIT(PLANE_ANGLE_MEASURE(0.0174532925),#3);
#5=(CONVERSION_BASED_UNIT('DEGREE',#4)NAMED_UNIT(#6)PLANE_ANGLE_UNIT());
#6=DIMENSIONAL_EXPONENTS(0.,0.,0.,0.,0.,0.,0.);
#7=(NAMED_UNIT(*)SI_UNIT($,.STERADIAN.)SOLID_ANGLE_UNIT());
#8=(LENGTH_UNIT()NAMED_UNIT(*)SI_UNIT(.MILLI.,.METRE.));
#9=UNCERTAINTY_MEASURE_WITH_UNIT(LENGTH_MEASURE(1.000000E-03),#8,'DISTANCE_ACCURACY_VALUE','Maximum Tolerance applied to model');
#10=(GEOMETRIC_REPRESENTATION_CONTEXT(3)GLOBAL_UNCERTAINTY_ASSIGNED_CONTEXT((#9))GLOBAL_UNIT_ASSIGNED_CONTEXT((#8,#5,#7))REPRESENTATION_CONTEXT('','root'));
#12=CARTESIAN_POINT('',(0.,0.,0.));
#13=DIRECTION('',(0.,0.,1.));
#14=DIRECTION('',(1.,0.,0.));
#15=AXIS2_PLACEMENT_3D('',#12,#13,#14);
#26=(NAMED_UNIT(*)PLANE_ANGLE_UNIT()SI_UNIT($,.RADIAN.));
#27=PLANE_ANGLE_MEASURE_WITH_UNIT(PLANE_ANGLE_MEASURE(0.0174532925),#26);
#28=(CONVERSION_BASED_UNIT('DEGREE',#27)NAMED_UNIT(#29)PLANE_ANGLE_UNIT());
#29=DIMENSIONAL_EXPONENTS(0.,0.,0.,0.,0.,0.,0.);
#30=(NAMED_UNIT(*)SI_UNIT($,.STERADIAN.)SOLID_ANGLE_UNIT());
#31=(LENGTH_UNIT()NAMED_UNIT(*)SI_UNIT(.MILLI.,.METRE.));
#32=UNCERTAINTY_MEASURE_WITH_UNIT(LENGTH_MEASURE(1.000000E-03),#31,'DISTANCE_ACCURACY_VALUE','Maximum Tolerance applied to model');
#33=(GEOMETRIC_REPRESENTATION_CONTEXT(3)GLOBAL_UNCERTAINTY_ASSIGNED_CONTEXT((#32))GLOBAL_UNIT_ASSIGNED_CONTEXT((#31,#28,#30))REPRESENTATION_CONTEXT('','DFRobot - 0.3MP USB Camera - DFRobot - 0.3MP USB Camera.step'));
#45=CARTESIAN_POINT('',(0.,0.,0.));
#46=DIRECTION('',(0.,0.,1.));
#47=DIRECTION('',(1.,0.,-0.));
#48=AXIS2_PLACEMENT_3D('',#45,#46,#47);
#49=ITEM_DEFINED_TRANSFORMATION('','',#48,#15);
#50=(REPRESENTATION_RELATIONSHIP('','',#35,#16)REPRESENTATION_RELATIONSHIP_WITH_TRANSFORMATION(#49)SHAPE_REPRESENTATION_RELATIONSHIP());
#51=NEXT_ASSEMBLY_USAGE_OCCURRENCE('DFRobot - 0.3MP USB Camera - DFRobot - 0.3MP USB Camera.step_1','DFRobot - 0.3MP USB Camera - DFRobot - 0.3MP USB Camera.step','DFRobot - 0.3MP USB Camera - DFRobot - 0.3MP USB Camera.step',#25,#44,$);
#52=PRODUCT_DEFINITION_SHAPE('','',#51);
#53=CONTEXT_DEPENDENT_SHAPE_REPRESENTATION(#50,#52);
#54=(NAMED_UNIT(*)PLANE_ANGLE_UNIT()SI_UNIT($,.RADIAN.));
#55=PLANE_ANGLE_MEASURE_WITH_UNIT(PLANE_ANGLE_MEASURE(0.0174532925),#54);
#56=(CONVERSION_BASED_UNIT('DEGREE',#55)NAMED_UNIT(#57)PLANE_ANGLE_UNIT());
#57=DIMENSIONAL_EXPONENTS(0.,0.,0.,0.,0.,0.,0.);
#58=(NAMED_UNIT(*)SI_UNIT($,.STERADIAN.)SOLID_ANGLE_UNIT());
#59=(LENGTH_UNIT()NAMED_UNIT(*)SI_UNIT(.MILLI.,.METRE.));
#60=UNCERTAINTY_MEASURE_WITH_UNIT(LENGTH_MEASURE(1.000000E-05),#59,'DISTANCE_ACCURACY_VALUE','Maximum Tolerance applied to model');
#61=(GEOMETRIC_REPRESENTATION_CONTEXT(3)GLOBAL_UNCERTAINTY_ASSIGNED_CONTEXT((#60))GLOBAL_UNIT_ASSIGNED_CONTEXT((#59,#56,#58))REPRESENTATION_CONTEXT('','ELP-USBFHD01M-L21'));
#73=CARTESIAN_POINT('',(0.,0.,0.));
#74=DIRECTION('',(0.,0.,1.));
#75=DIRECTION('',(1.,0.,-0.));
#76=AXIS2_PLACEMENT_3D('',#73,#74,#75);
#77=ITEM_DEFINED_TRANSFORMATION('','',#76,#15);
#78=(REPRESENTATION_RELATIONSHIP('','',#63,#35)REPRESENTATION_RELATIONSHIP_WITH_TRANSFORMATION(#77)SHAPE_REPRESENTATION_RELATIONSHIP());
#79=NEXT_ASSEMBLY_USAGE_OCCURRENCE('ELP-USBFHD01M-L21_2','ELP-USBFHD01M-L21','ELP-USBFHD01M-L21',#44,#72,$);
#80=PRODUCT_DEFINITION_SHAPE('','',#79);
#81=CONTEXT_DEPENDENT_SHAPE_REPRESENTATION(#78,#80);
#83=CARTESIAN_POINT('',(8.564662551,2.076169864,-1.75));
#84=DIRECTION('',(0.,0.,1.));
#85=DIRECTION('',(-0.546944139,-0.837169104,0.));
#86=AXIS2_PLACEMENT_3D('',#83,#84,#85);
#87=PLANE('',#86);
#88=CARTESIAN_POINT('',(9.485548566,1.474531312,-1.75));
#89=VERTEX_POINT('',#88);
#90=CARTESIAN_POINT('',(10.15528385,1.036976001,-1.75));
#91=VERTEX_POINT('',#90);
#92=CARTESIAN_POINT('',(9.485548566,1.474531312,-1.75));
#93=DIRECTION('',(0.837169104,-0.546944139,0.));
#94=VECTOR('',#93,0.8);
#95=LINE('',#92,#94);
#96=EDGE_CURVE('',#89,#91,#95,.T.);
#97=ORIENTED_EDGE('',*,*,#96,.T.);
#98=CARTESIAN_POINT('',(9.553645297,0.116089986,-1.75));
#99=VERTEX_POINT('',#98);
#100=CARTESIAN_POINT('',(10.15528385,1.036976001,-1.75));
#101=DIRECTION('',(-0.546944139,-0.837169104,0.));
#102=VECTOR('',#101,1.1);
#103=LINE('',#100,#102);
#104=EDGE_CURVE('',#91,#99,#103,.T.);
#105=ORIENTED_EDGE('',*,*,#104,.T.);
#106=CARTESIAN_POINT('',(10.474531312,-0.485548566,-1.75));
#107=VERTEX_POINT('',#106);
#108=CARTESIAN_POINT('',(9.553645297,0.116089986,-1.75));
#109=DIRECTION('',(0.837169104,-0.546944139,0.));
#110=VECTOR('',#109,1.1);
#111=LINE('',#108,#110);
#112=EDGE_CURVE('',#99,#107,#111,.T.);
#113=ORIENTED_EDGE('',*,*,#112,.T.);
#114=CARTESIAN_POINT('',(10.036976001,-1.15528385,-1.75));
#115=VERTEX_POINT('',#114);
#116=CARTESIAN_POINT('',(10.474531312,-0.485548566,-1.75));
#117=DIRECTION('',(-0.546944139,-0.837169104,0.));
#118=VECTOR('',#117,0.8);
#119=LINE('',#116,#118);
#120=EDGE_CURVE('',#107,#115,#119,.T.);
#121=ORIENTED_EDGE('',*,*,#120,.T.);
#122=CARTESIAN_POINT('',(9.116089986,-0.553645297,-1.75));
#123=VERTEX_POINT('',#122);
#124=CARTESIAN_POINT('',(10.036976001,-1.15528385,-1.75));
#125=DIRECTION('',(-0.837169104,0.546944139,-0.));
#126=VECTOR('',#125,1.1);
#127=LINE('',#124,#126);
#128=EDGE_CURVE('',#115,#123,#127,.T.);
#129=ORIENTED_EDGE('',*,*,#128,.T.);
#130=CARTESIAN_POINT('',(8.514451434,-1.474531312,-1.75));
#131=VERTEX_POINT('',#130);
#132=CARTESIAN_POINT('',(9.116089986,-0.553645297,-1.75));
#133=DIRECTION('',(-0.546944139,-0.837169104,0.));
#134=VECTOR('',#133,1.1);
#135=LINE('',#132,#134);
#136=EDGE_CURVE('',#123,#131,#135,.T.);
#137=ORIENTED_EDGE('',*,*,#136,.T.);
#138=CARTESIAN_POINT('',(7.84471615,-1.036976001,-1.75));
#139=VERTEX_POINT('',#138);
#140=CARTESIAN_POINT('',(8.514451434,-1.474531312,-1.75));
#141=DIRECTION('',(-0.837169104,0.546944139,-0.));
#142=VECTOR('',#141,0.8);
#143=LINE('',#140,#142);
#144=EDGE_CURVE('',#131,#139,#143,.T.);
#145=ORIENTED_EDGE('',*,*,#144,.T.);
#146=CARTESIAN_POINT('',(8.446354703,-0.116089986,-1.75));
#147=VERTEX_POINT('',#146);
#148=CARTESIAN_POINT('',(7.84471615,-1.036976001,-1.75));
#149=DIRECTION('',(0.546944139,0.837169104,-0.));
#150=VECTOR('',#149,1.1);
#151=LINE('',#148,#150);
#152=EDGE_CURVE('',#139,#147,#151,.T.);
#153=ORIENTED_EDGE('',*,*,#152,.T.);
#154=CARTESIAN_POINT('',(7.525468688,0.485548566,-1.75));
#155=VERTEX_POINT('',#154);
#156=CARTESIAN_POINT('',(8.446354703,-0.116089986,-1.75));
#157=DIRECTION('',(-0.837169104,0.546944139,-0.));
#158=VECTOR('',#157,1.1);
#159=LINE('',#156,#158);
#160=EDGE_CURVE('',#147,#155,#159,.T.);
#161=ORIENTED_EDGE('',*,*,#160,.T.);
#162=CARTESIAN_POINT('',(7.963023999,1.15528385,-1.75));
#163=VERTEX_POINT('',#162);
#164=CARTESIAN_POINT('',(7.525468688,0.485548566,-1.75));
#165=DIRECTION('',(0.546944139,0.837169104,-0.));
#166=VECTOR('',#165,0.8);
#167=LINE('',#164,#166);
#168=EDGE_CURVE('',#155,#163,#167,.T.);
#169=ORIENTED_EDGE('',*,*,#168,.T.);
#170=CARTESIAN_POINT('',(8.883910014,0.553645297,-1.75));
#171=VERTEX_POINT('',#170);
#172=CARTESIAN_POINT('',(7.963023999,1.15528385,-1.75));
#173=DIRECTION('',(0.837169104,-0.546944139,0.));
#174=VECTOR('',#173,1.1);
#175=LINE('',#172,#174);
#176=EDGE_CURVE('',#163,#171,#175,.T.);
#177=ORIENTED_EDGE('',*,*,#176,.T.);
#178=CARTESIAN_POINT('',(8.883910014,0.553645297,-1.75));
#179=DIRECTION('',(0.546944139,0.837169104,-0.));
#180=VECTOR('',#179,1.1);
#181=LINE('',#178,#180);
#182=EDGE_CURVE('',#171,#89,#181,.T.);
#183=ORIENTED_EDGE('',*,*,#182,.T.);
#184=EDGE_LOOP('',(#97,#105,#113,#121,#129,#137,#145,#153,#161,#169,#177,#183));
#185=FACE_BOUND('',#184,.T.);
#186=ADVANCED_FACE('',(#185),#87,.F.);
#187=CARTESIAN_POINT('',(8.446354703,-0.116089986,-2.35));
#188=DIRECTION('',(0.837169104,-0.546944139,0.));
#189=DIRECTION('',(-0.546944139,-0.837169104,0.));
#190=AXIS2_PLACEMENT_3D('',#187,#188,#189);
#191=PLANE('',#190);
#192=CARTESIAN_POINT('',(9.485548566,1.474531312,-2.151396485));
#193=VERTEX_POINT('',#192);
#194=CARTESIAN_POINT('',(9.485548566,1.474531312,-2.151396485));
#195=DIRECTION('',(-0.,-0.,1.));
#196=VECTOR('',#195,0.401396485);
#197=LINE('',#194,#196);
#198=EDGE_CURVE('',#193,#89,#197,.T.);
#199=ORIENTED_EDGE('',*,*,#198,.T.);
#200=ORIENTED_EDGE('',*,*,#182,.F.);
#201=CARTESIAN_POINT('',(8.883910014,0.553645297,-2.32399924));
#202=VERTEX_POINT('',#201);
#203=CARTESIAN_POINT('',(8.883910014,0.553645297,-2.32399924));
#204=DIRECTION('',(-0.,-0.,1.));
#205=VECTOR('',#204,0.57399924);
#206=LINE('',#203,#205);
#207=EDGE_CURVE('',#202,#171,#206,.T.);
#208=ORIENTED_EDGE('',*,*,#207,.F.);
#209=CARTESIAN_POINT('',(9.485548566,1.474531312,-2.151396485));
#210=CARTESIAN_POINT('',(9.18901729,1.020651647,-2.287661818));
#211=CARTESIAN_POINT('',(8.883910014,0.553645297,-2.32399924));
#212=(BOUNDED_CURVE()
B_SPLINE_CURVE(2,(#209,#210,#211),.UNSPECIFIED.,.F.,.F.)
B_SPLINE_CURVE_WITH_KNOTS((3,3),(75.891636579,86.273046099),.UNSPECIFIED.)
CURVE()
GEOMETRIC_REPRESENTATION_ITEM()
RATIONAL_B_SPLINE_CURVE((1.,0.995899089,1.))
REPRESENTATION_ITEM(''));
#213=EDGE_CURVE('',#193,#202,#212,.T.);
#214=ORIENTED_EDGE('',*,*,#213,.F.);
#215=EDGE_LOOP('',(#199,#200,#208,#214));
#216=FACE_BOUND('',#215,.T.);
#217=ADVANCED_FACE('',(#216),#191,.T.);
#218=CARTESIAN_POINT('',(10.474531312,-0.485548566,-2.35));
#219=DIRECTION('',(-0.546944139,-0.837169104,0.));
#220=DIRECTION('',(-0.837169104,0.546944139,0.));
#221=AXIS2_PLACEMENT_3D('',#218,#219,#220);
#222=PLANE('',#221);
#223=ORIENTED_EDGE('',*,*,#207,.T.);
#224=ORIENTED_EDGE('',*,*,#176,.F.);
#225=CARTESIAN_POINT('',(7.963023999,1.15528385,-2.151396485));
#226=VERTEX_POINT('',#225);
#227=CARTESIAN_POINT('',(7.963023999,1.15528385,-2.151396485));
#228=DIRECTION('',(-0.,-0.,1.));
#229=VECTOR('',#228,0.401396485);
#230=LINE('',#227,#229);
#231=EDGE_CURVE('',#226,#163,#230,.T.);
#232=ORIENTED_EDGE('',*,*,#231,.F.);
#233=CARTESIAN_POINT('',(9.218777655,0.334867642,3.816666667));
#234=DIRECTION('',(0.546944139,0.837169104,-0.));
#235=DIRECTION('',(0.837169104,-0.546944139,-0.));
#236=AXIS2_PLACEMENT_3D('',#233,#234,#235);
#237=CIRCLE('',#236,6.153680019);
#238=EDGE_CURVE('',#202,#226,#237,.T.);
#239=ORIENTED_EDGE('',*,*,#238,.F.);
#240=EDGE_LOOP('',(#223,#224,#232,#239));
#241=FACE_BOUND('',#240,.T.);
#242=ADVANCED_FACE('',(#241),#222,.T.);
#243=CARTESIAN_POINT('',(7.963023999,1.15528385,-2.35));
#244=DIRECTION('',(0.837169104,-0.546944139,0.));
#245=DIRECTION('',(-0.546944139,-0.837169104,0.));
#246=AXIS2_PLACEMENT_3D('',#243,#244,#245);
#247=PLANE('',#246);
#248=ORIENTED_EDGE('',*,*,#231,.T.);
#249=ORIENTED_EDGE('',*,*,#168,.F.);
#250=CARTESIAN_POINT('',(7.525468688,0.485548566,-2.151396485));
#251=VERTEX_POINT('',#250);
#252=CARTESIAN_POINT('',(7.525468688,0.485548566,-2.151396485));
#253=DIRECTION('',(-0.,-0.,1.));
#254=VECTOR('',#253,0.401396485);
#255=LINE('',#252,#254);
#256=EDGE_CURVE('',#251,#155,#255,.T.);
#257=ORIENTED_EDGE('',*,*,#256,.F.);
#258=CARTESIAN_POINT('',(7.963023999,1.15528385,-2.151396485));
#259=CARTESIAN_POINT('',(7.817498722,0.932538496,-2.169229387));
#260=CARTESIAN_POINT('',(7.670993965,0.70829392,-2.169229387));
#261=CARTESIAN_POINT('',(7.525468688,0.485548566,-2.151396485));
#262=B_SPLINE_CURVE_WITH_KNOTS('',3,(#258,#259,#260,#261),.UNSPECIFIED.,.F.,.F.,(4,4),(266.165575663,273.834424337),.UNSPECIFIED.);
#263=EDGE_CURVE('',#226,#251,#262,.T.);
#264=ORIENTED_EDGE('',*,*,#263,.F.);
#265=EDGE_LOOP('',(#248,#249,#257,#264));
#266=FACE_BOUND('',#265,.T.);
#267=ADVANCED_FACE('',(#266),#247,.T.);
#268=CARTESIAN_POINT('',(10.036976001,-1.15528385,-2.35));
#269=DIRECTION('',(0.546944139,0.837169104,0.));
#270=DIRECTION('',(0.837169104,-0.546944139,0.));
#271=AXIS2_PLACEMENT_3D('',#268,#269,#270);
#272=PLANE('',#271);
#273=ORIENTED_EDGE('',*,*,#256,.T.);
#274=ORIENTED_EDGE('',*,*,#160,.F.);
#275=CARTESIAN_POINT('',(8.446354703,-0.116089986,-2.32399924));
#276=VERTEX_POINT('',#275);
#277=CARTESIAN_POINT('',(8.446354703,-0.116089986,-2.32399924));
#278=DIRECTION('',(-0.,-0.,1.));
#279=VECTOR('',#278,0.57399924);
#280=LINE('',#277,#279);
#281=EDGE_CURVE('',#276,#147,#280,.T.);
#282=ORIENTED_EDGE('',*,*,#281,.F.);
#283=CARTESIAN_POINT('',(8.781222345,-0.334867642,3.816666667));
#284=DIRECTION('',(-0.546944139,-0.837169104,0.));
#285=DIRECTION('',(0.837169104,-0.546944139,-0.));
#286=AXIS2_PLACEMENT_3D('',#283,#284,#285);
#287=CIRCLE('',#286,6.153680019);
#288=EDGE_CURVE('',#251,#276,#287,.T.);
#289=ORIENTED_EDGE('',*,*,#288,.F.);
#290=EDGE_LOOP('',(#273,#274,#282,#289));
#291=FACE_BOUND('',#290,.T.);
#292=ADVANCED_FACE('',(#291),#272,.T.);
#293=CARTESIAN_POINT('',(8.446354703,-0.116089986,-2.35));
#294=DIRECTION('',(0.837169104,-0.546944139,0.));
#295=DIRECTION('',(-0.546944139,-0.837169104,0.));
#296=AXIS2_PLACEMENT_3D('',#293,#294,#295);
#297=PLANE('',#296);
#298=ORIENTED_EDGE('',*,*,#281,.T.);
#299=ORIENTED_EDGE('',*,*,#152,.F.);
#300=CARTESIAN_POINT('',(7.84471615,-1.036976001,-2.151396485));
#301=VERTEX_POINT('',#300);
#302=CARTESIAN_POINT('',(7.84471615,-1.036976001,-2.151396485));
#303=DIRECTION('',(-0.,-0.,1.));
#304=VECTOR('',#303,0.401396485);
#305=LINE('',#302,#304);
#306=EDGE_CURVE('',#301,#139,#305,.T.);
#307=ORIENTED_EDGE('',*,*,#306,.F.);
#308=CARTESIAN_POINT('',(8.446354703,-0.116089986,-2.32399924));
#309=CARTESIAN_POINT('',(8.141247426,-0.583096336,-2.287661818));
#310=CARTESIAN_POINT('',(7.84471615,-1.036976001,-2.151396485));
#311=(BOUNDED_CURVE()
B_SPLINE_CURVE(2,(#308,#309,#310),.UNSPECIFIED.,.F.,.F.)
B_SPLINE_CURVE_WITH_KNOTS((3,3),(273.726953901,284.108363421),.UNSPECIFIED.)
CURVE()
GEOMETRIC_REPRESENTATION_ITEM()
RATIONAL_B_SPLINE_CURVE((1.,0.995899089,1.))
REPRESENTATION_ITEM(''));
#312=EDGE_CURVE('',#276,#301,#311,.T.);
#313=ORIENTED_EDGE('',*,*,#312,.F.);
#314=EDGE_LOOP('',(#298,#299,#307,#313));
#315=FACE_BOUND('',#314,.T.);
#316=ADVANCED_FACE('',(#315),#297,.T.);
#317=CARTESIAN_POINT('',(8.514451434,-1.474531312,-2.35));
#318=DIRECTION('',(0.546944139,0.837169104,0.));
#319=DIRECTION('',(0.837169104,-0.546944139,0.));
#320=AXIS2_PLACEMENT_3D('',#317,#318,#319);
#321=PLANE('',#320);
#322=ORIENTED_EDGE('',*,*,#306,.T.);
#323=ORIENTED_EDGE('',*,*,#144,.F.);
#324=CARTESIAN_POINT('',(8.514451434,-1.474531312,-2.151396485));
#325=VERTEX_POINT('',#324);
#326=CARTESIAN_POINT('',(8.514451434,-1.474531312,-2.151396485));
#327=DIRECTION('',(-0.,-0.,1.));
#328=VECTOR('',#327,0.401396485);
#329=LINE('',#326,#328);
#330=EDGE_CURVE('',#325,#131,#329,.T.);
#331=ORIENTED_EDGE('',*,*,#330,.F.);
#332=CARTESIAN_POINT('',(8.179583792,-1.255753656,3.816666667));
#333=DIRECTION('',(-0.546944139,-0.837169104,0.));
#334=DIRECTION('',(0.837169104,-0.546944139,-0.));
#335=AXIS2_PLACEMENT_3D('',#332,#333,#334);
#336=CIRCLE('',#335,5.981452815);
#337=EDGE_CURVE('',#301,#325,#336,.T.);
#338=ORIENTED_EDGE('',*,*,#337,.F.);
#339=EDGE_LOOP('',(#322,#323,#331,#338));
#340=FACE_BOUND('',#339,.T.);
#341=ADVANCED_FACE('',(#340),#321,.T.);
#342=CARTESIAN_POINT('',(10.15528385,1.036976001,-2.35));
#343=DIRECTION('',(-0.837169104,0.546944139,0.));
#344=DIRECTION('',(0.546944139,0.837169104,0.));
#345=AXIS2_PLACEMENT_3D('',#342,#343,#344);
#346=PLANE('',#345);
#347=ORIENTED_EDGE('',*,*,#330,.T.);
#348=ORIENTED_EDGE('',*,*,#136,.F.);
#349=CARTESIAN_POINT('',(9.116089986,-0.553645297,-2.32399924));
#350=VERTEX_POINT('',#349);
#351=CARTESIAN_POINT('',(9.116089986,-0.553645297,-2.32399924));
#352=DIRECTION('',(-0.,-0.,1.));
#353=VECTOR('',#352,0.57399924);
#354=LINE('',#351,#353);
#355=EDGE_CURVE('',#350,#123,#354,.T.);
#356=ORIENTED_EDGE('',*,*,#355,.F.);
#357=CARTESIAN_POINT('',(8.514451434,-1.474531312,-2.151396485));
#358=CARTESIAN_POINT('',(8.81098271,-1.020651647,-2.287661818));
#359=CARTESIAN_POINT('',(9.116089986,-0.553645297,-2.32399924));
#360=(BOUNDED_CURVE()
B_SPLINE_CURVE(2,(#357,#358,#359),.UNSPECIFIED.,.F.,.F.)
B_SPLINE_CURVE_WITH_KNOTS((3,3),(75.891636579,86.273046099),.UNSPECIFIED.)
CURVE()
GEOMETRIC_REPRESENTATION_ITEM()
RATIONAL_B_SPLINE_CURVE((1.,0.995899089,1.))
REPRESENTATION_ITEM(''));
#361=EDGE_CURVE('',#325,#350,#360,.T.);
#362=ORIENTED_EDGE('',*,*,#361,.F.);
#363=EDGE_LOOP('',(#347,#348,#356,#362));
#364=FACE_BOUND('',#363,.T.);
#365=ADVANCED_FACE('',(#364),#346,.T.);
#366=CARTESIAN_POINT('',(10.036976001,-1.15528385,-2.35));
#367=DIRECTION('',(0.546944139,0.837169104,0.));
#368=DIRECTION('',(0.837169104,-0.546944139,0.));
#369=AXIS2_PLACEMENT_3D('',#366,#367,#368);
#370=PLANE('',#369);
#371=ORIENTED_EDGE('',*,*,#355,.T.);
#372=ORIENTED_EDGE('',*,*,#128,.F.);
#373=CARTESIAN_POINT('',(10.036976001,-1.15528385,-2.151396485));
#374=VERTEX_POINT('',#373);
#375=CARTESIAN_POINT('',(10.036976001,-1.15528385,-2.151396485));
#376=DIRECTION('',(-0.,-0.,1.));
#377=VECTOR('',#376,0.401396485);
#378=LINE('',#375,#377);
#379=EDGE_CURVE('',#374,#115,#378,.T.);
#380=ORIENTED_EDGE('',*,*,#379,.F.);
#381=CARTESIAN_POINT('',(8.781222345,-0.334867642,3.816666667));
#382=DIRECTION('',(-0.546944139,-0.837169104,0.));
#383=DIRECTION('',(0.837169104,-0.546944139,-0.));
#384=AXIS2_PLACEMENT_3D('',#381,#382,#383);
#385=CIRCLE('',#384,6.153680019);
#386=EDGE_CURVE('',#350,#374,#385,.T.);
#387=ORIENTED_EDGE('',*,*,#386,.F.);
#388=EDGE_LOOP('',(#371,#372,#380,#387));
#389=FACE_BOUND('',#388,.T.);
#390=ADVANCED_FACE('',(#389),#370,.T.);
#391=CARTESIAN_POINT('',(10.474531312,-0.485548566,-2.35));
#392=DIRECTION('',(-0.837169104,0.546944139,0.));
#393=DIRECTION('',(0.546944139,0.837169104,0.));
#394=AXIS2_PLACEMENT_3D('',#391,#392,#393);
#395=PLANE('',#394);
#396=ORIENTED_EDGE('',*,*,#379,.T.);
#397=ORIENTED_EDGE('',*,*,#120,.F.);
#398=CARTESIAN_POINT('',(10.474531312,-0.485548566,-2.151396485));
#399=VERTEX_POINT('',#398);
#400=CARTESIAN_POINT('',(10.474531312,-0.485548566,-2.151396485));
#401=DIRECTION('',(-0.,-0.,1.));
#402=VECTOR('',#401,0.401396485);
#403=LINE('',#400,#402);
#404=EDGE_CURVE('',#399,#107,#403,.T.);
#405=ORIENTED_EDGE('',*,*,#404,.F.);
#406=CARTESIAN_POINT('',(10.036976001,-1.15528385,-2.151396485));
#407=CARTESIAN_POINT('',(10.182501278,-0.932538496,-2.169229387));
#408=CARTESIAN_POINT('',(10.329006035,-0.70829392,-2.169229387));
#409=CARTESIAN_POINT('',(10.474531312,-0.485548566,-2.151396485));
#410=B_SPLINE_CURVE_WITH_KNOTS('',3,(#406,#407,#408,#409),.UNSPECIFIED.,.F.,.F.,(4,4),(266.165575663,273.834424337),.UNSPECIFIED.);
#411=EDGE_CURVE('',#374,#399,#410,.T.);
#412=ORIENTED_EDGE('',*,*,#411,.F.);
#413=EDGE_LOOP('',(#396,#397,#405,#412));
#414=FACE_BOUND('',#413,.T.);
#415=ADVANCED_FACE('',(#414),#395,.T.);
#416=CARTESIAN_POINT('',(10.474531312,-0.485548566,-2.35));
#417=DIRECTION('',(-0.546944139,-0.837169104,0.));
#418=DIRECTION('',(-0.837169104,0.546944139,0.));
#419=AXIS2_PLACEMENT_3D('',#416,#417,#418);
#420=PLANE('',#419);
#421=ORIENTED_EDGE('',*,*,#404,.T.);
#422=ORIENTED_EDGE('',*,*,#112,.F.);
#423=CARTESIAN_POINT('',(9.553645297,0.116089986,-2.32399924));
#424=VERTEX_POINT('',#423);
#425=CARTESIAN_POINT('',(9.553645297,0.116089986,-2.32399924));
#426=DIRECTION('',(-0.,-0.,1.));
#427=VECTOR('',#426,0.57399924);
#428=LINE('',#425,#427);
#429=EDGE_CURVE('',#424,#99,#428,.T.);
#430=ORIENTED_EDGE('',*,*,#429,.F.);
#431=CARTESIAN_POINT('',(9.218777655,0.334867642,3.816666667));
#432=DIRECTION('',(0.546944139,0.837169104,-0.));
#433=DIRECTION('',(0.837169104,-0.546944139,-0.));
#434=AXIS2_PLACEMENT_3D('',#431,#432,#433);
#435=CIRCLE('',#434,6.153680019);
#436=EDGE_CURVE('',#399,#424,#435,.T.);
#437=ORIENTED_EDGE('',*,*,#436,.F.);
#438=EDGE_LOOP('',(#421,#422,#430,#437));
#439=FACE_BOUND('',#438,.T.);
#440=ADVANCED_FACE('',(#439),#420,.T.);
#441=CARTESIAN_POINT('',(10.15528385,1.036976001,-2.35));
#442=DIRECTION('',(-0.837169104,0.546944139,0.));
#443=DIRECTION('',(0.546944139,0.837169104,0.));
#444=AXIS2_PLACEMENT_3D('',#441,#442,#443);
#445=PLANE('',#444);
#446=ORIENTED_EDGE('',*,*,#429,.T.);
#447=ORIENTED_EDGE('',*,*,#104,.F.);
#448=CARTESIAN_POINT('',(10.15528385,1.036976001,-2.151396485));
#449=VERTEX_POINT('',#448);
#450=CARTESIAN_POINT('',(10.15528385,1.036976001,-2.151396485));
#451=DIRECTION('',(-0.,-0.,1.));
#452=VECTOR('',#451,0.401396485);
#453=LINE('',#450,#452);
#454=EDGE_CURVE('',#449,#91,#453,.T.);
#455=ORIENTED_EDGE('',*,*,#454,.F.);
#456=CARTESIAN_POINT('',(9.553645297,0.116089986,-2.32399924));
#457=CARTESIAN_POINT('',(9.858752574,0.583096336,-2.287661818));
#458=CARTESIAN_POINT('',(10.15528385,1.036976001,-2.151396485));
#459=(BOUNDED_CURVE()
B_SPLINE_CURVE(2,(#456,#457,#458),.UNSPECIFIED.,.F.,.F.)
B_SPLINE_CURVE_WITH_KNOTS((3,3),(273.726953901,284.108363421),.UNSPECIFIED.)
CURVE()
GEOMETRIC_REPRESENTATION_ITEM()
RATIONAL_B_SPLINE_CURVE((1.,0.995899089,1.))
REPRESENTATION_ITEM(''));
#460=EDGE_CURVE('',#424,#449,#459,.T.);
#461=ORIENTED_EDGE('',*,*,#460,.F.);
#462=EDGE_LOOP('',(#446,#447,#455,#461));
#463=FACE_BOUND('',#462,.T.);
#464=ADVANCED_FACE('',(#463),#445,.T.);
#465=CARTESIAN_POINT('',(10.15528385,1.036976001,-2.35));
#466=DIRECTION('',(-0.546944139,-0.837169104,0.));
#467=DIRECTION('',(-0.837169104,0.546944139,0.));
#468=AXIS2_PLACEMENT_3D('',#465,#466,#467);
#469=PLANE('',#468);
#470=ORIENTED_EDGE('',*,*,#454,.T.);
#471=ORIENTED_EDGE('',*,*,#96,.F.);
#472=ORIENTED_EDGE('',*,*,#198,.F.);
#473=CARTESIAN_POINT('',(9.820416208,1.255753656,3.816666667));
#474=DIRECTION('',(0.546944139,0.837169104,-0.));
#475=DIRECTION('',(0.837169104,-0.546944139,-0.));
#476=AXIS2_PLACEMENT_3D('',#473,#474,#475);
#477=CIRCLE('',#476,5.981452815);
#478=EDGE_CURVE('',#449,#193,#477,.T.);
#479=ORIENTED_EDGE('',*,*,#478,.F.);
#480=EDGE_LOOP('',(#470,#471,#472,#479));
#481=FACE_BOUND('',#480,.T.);
#482=ADVANCED_FACE('',(#481),#469,.T.);
#483=CARTESIAN_POINT('',(8.162830896,0.546944139,5.25));
#484=DIRECTION('',(0.,0.,1.));
#485=DIRECTION('',(-0.546944139,-0.837169104,0.));
#486=AXIS2_PLACEMENT_3D('',#483,#484,#485);
#487=PLANE('',#486);
#488=CARTESIAN_POINT('',(9.546944139,0.837169104,5.25));
#489=VERTEX_POINT('',#488);
#490=CARTESIAN_POINT('',(8.,0.,5.25));
#491=VERTEX_POINT('',#490);
#492=CARTESIAN_POINT('',(9.,0.,5.25));
#493=DIRECTION('',(0.,0.,-1.));
#494=DIRECTION('',(-1.,0.,0.));
#495=AXIS2_PLACEMENT_3D('',#492,#493,#494);
#496=CIRCLE('',#495,1.);
#497=EDGE_CURVE('',#489,#491,#496,.T.);
#498=ORIENTED_EDGE('',*,*,#497,.F.);
#499=CARTESIAN_POINT('',(9.,0.,5.25));
#500=DIRECTION('',(0.,0.,-1.));
#501=DIRECTION('',(-1.,0.,0.));
#502=AXIS2_PLACEMENT_3D('',#499,#500,#501);
#503=CIRCLE('',#502,1.);
#504=EDGE_CURVE('',#491,#489,#503,.T.);
#505=ORIENTED_EDGE('',*,*,#504,.F.);
#506=EDGE_LOOP('',(#498,#505));
#507=FACE_BOUND('',#506,.T.);
#508=ADVANCED_FACE('',(#507),#487,.T.);
#509=CARTESIAN_POINT('',(9.,0.,-0.75));
#510=DIRECTION('',(-0.,0.,1.));
#511=DIRECTION('',(0.837169104,-0.546944139,0.));
#512=AXIS2_PLACEMENT_3D('',#509,#510,#511);
#513=PLANE('',#512);
#514=CARTESIAN_POINT('',(7.409378702,1.039193863,-0.75));
#515=VERTEX_POINT('',#514);
#516=CARTESIAN_POINT('',(7.1,0.,-0.75));
#517=VERTEX_POINT('',#516);
#518=CARTESIAN_POINT('',(9.,0.,-0.75));
#519=DIRECTION('',(0.,-0.,-1.));
#520=DIRECTION('',(-1.,0.,-0.));
#521=AXIS2_PLACEMENT_3D('',#518,#519,#520);
#522=CIRCLE('',#521,1.9);
#523=EDGE_CURVE('',#515,#517,#522,.T.);
#524=ORIENTED_EDGE('',*,*,#523,.F.);
#525=CARTESIAN_POINT('',(9.,0.,-0.75));
#526=DIRECTION('',(0.,-0.,-1.));
#527=DIRECTION('',(-1.,0.,-0.));
#528=AXIS2_PLACEMENT_3D('',#525,#526,#527);
#529=CIRCLE('',#528,1.9);
#530=EDGE_CURVE('',#517,#515,#529,.T.);
#531=ORIENTED_EDGE('',*,*,#530,.F.);
#532=EDGE_LOOP('',(#524,#531));
#533=FACE_BOUND('',#532,.T.);
#534=CARTESIAN_POINT('',(9.546944139,0.837169104,-0.75));
#535=VERTEX_POINT('',#534);
#536=CARTESIAN_POINT('',(8.,0.,-0.75));
#537=VERTEX_POINT('',#536);
#538=CARTESIAN_POINT('',(9.,0.,-0.75));
#539=DIRECTION('',(-0.,-0.,1.));
#540=DIRECTION('',(-1.,0.,0.));
#541=AXIS2_PLACEMENT_3D('',#538,#539,#540);
#542=CIRCLE('',#541,1.);
#543=EDGE_CURVE('',#535,#537,#542,.T.);
#544=ORIENTED_EDGE('',*,*,#543,.F.);
#545=CARTESIAN_POINT('',(9.,0.,-0.75));
#546=DIRECTION('',(-0.,-0.,1.));
#547=DIRECTION('',(-1.,0.,0.));
#548=AXIS2_PLACEMENT_3D('',#545,#546,#547);
#549=CIRCLE('',#548,1.);
#550=EDGE_CURVE('',#537,#535,#549,.T.);
#551=ORIENTED_EDGE('',*,*,#550,.F.);
#552=EDGE_LOOP('',(#544,#551));
#553=FACE_BOUND('',#552,.T.);
#554=ADVANCED_FACE('',(#533,#553),#513,.T.);
#555=COLOUR_RGB('',0.494117647,0.494117647,0.525490224);
#556=FILL_AREA_STYLE_COLOUR('',#555);
#557=FILL_AREA_STYLE('',(#556));
#558=SURFACE_STYLE_FILL_AREA(#557);
#559=SURFACE_SIDE_STYLE('',(#558));
#560=SURFACE_STYLE_USAGE(.BOTH.,#559);
#561=PRESENTATION_STYLE_ASSIGNMENT((#560));
#562=OVER_RIDING_STYLED_ITEM('',(#561),#554,#82);
#563=CARTESIAN_POINT('',(9.,0.,3.816666667));
#564=DIRECTION('',(-0.546944139,-0.837169104,0.));
#565=DIRECTION('',(0.837169104,-0.546944139,-0.));
#566=AXIS2_PLACEMENT_3D('',#563,#564,#565);
#567=SPHERICAL_SURFACE('',#566,6.166666667);
#568=ORIENTED_EDGE('',*,*,#411,.T.);
#569=ORIENTED_EDGE('',*,*,#436,.T.);
#570=ORIENTED_EDGE('',*,*,#460,.T.);
#571=ORIENTED_EDGE('',*,*,#478,.T.);
#572=ORIENTED_EDGE('',*,*,#213,.T.);
#573=ORIENTED_EDGE('',*,*,#238,.T.);
#574=ORIENTED_EDGE('',*,*,#263,.T.);
#575=ORIENTED_EDGE('',*,*,#288,.T.);
#576=ORIENTED_EDGE('',*,*,#312,.T.);
#577=ORIENTED_EDGE('',*,*,#337,.T.);
#578=ORIENTED_EDGE('',*,*,#361,.T.);
#579=ORIENTED_EDGE('',*,*,#386,.T.);
#580=EDGE_LOOP('',(#568,#569,#570,#571,#572,#573,#574,#575,#576,#577,#578,#579));
#581=FACE_BOUND('',#580,.T.);
#582=CARTESIAN_POINT('',(7.1,0.,-2.05));
#583=VERTEX_POINT('',#582);
#584=CARTESIAN_POINT('',(7.409378702,1.039193863,-2.05));
#585=VERTEX_POINT('',#584);
#586=CARTESIAN_POINT('',(9.,0.,-2.05));
#587=DIRECTION('',(0.,-0.,-1.));
#588=DIRECTION('',(-1.,0.,-0.));
#589=AXIS2_PLACEMENT_3D('',#586,#587,#588);
#590=CIRCLE('',#589,1.9);
#591=EDGE_CURVE('',#583,#585,#590,.T.);
#592=ORIENTED_EDGE('',*,*,#591,.T.);
#593=CARTESIAN_POINT('',(9.,0.,-2.05));
#594=DIRECTION('',(0.,-0.,-1.));
#595=DIRECTION('',(-1.,0.,-0.));
#596=AXIS2_PLACEMENT_3D('',#593,#594,#595);
#597=CIRCLE('',#596,1.9);
#598=EDGE_CURVE('',#585,#583,#597,.T.);
#599=ORIENTED_EDGE('',*,*,#598,.T.);
#600=EDGE_LOOP('',(#592,#599));
#601=FACE_BOUND('',#600,.T.);
#602=ADVANCED_FACE('',(#581,#601),#567,.T.);
#603=CARTESIAN_POINT('',(9.,0.,-2.35));
#604=DIRECTION('',(0.,-0.,-1.));
#605=DIRECTION('',(-0.837169104,0.546944139,-0.));
#606=AXIS2_PLACEMENT_3D('',#603,#604,#605);
#607=CYLINDRICAL_SURFACE('',#606,1.9);
#608=CARTESIAN_POINT('',(7.409378702,1.039193863,-2.05));
#609=DIRECTION('',(-0.,0.,1.));
#610=VECTOR('',#609,1.3);
#611=LINE('',#608,#610);
#612=EDGE_CURVE('',#585,#515,#611,.T.);
#613=ORIENTED_EDGE('',*,*,#612,.T.);
#614=ORIENTED_EDGE('',*,*,#523,.T.);
#615=ORIENTED_EDGE('',*,*,#530,.T.);
#616=ORIENTED_EDGE('',*,*,#612,.F.);
#617=ORIENTED_EDGE('',*,*,#591,.F.);
#618=ORIENTED_EDGE('',*,*,#598,.F.);
#619=EDGE_LOOP('',(#613,#614,#615,#616,#617,#618));
#620=FACE_BOUND('',#619,.T.);
#621=ADVANCED_FACE('',(#620),#607,.T.);
#622=CARTESIAN_POINT('',(9.,0.,-0.75));
#623=DIRECTION('',(0.,0.,-1.));
#624=DIRECTION('',(0.546944139,0.837169104,0.));
#625=AXIS2_PLACEMENT_3D('',#622,#623,#624);
#626=CYLINDRICAL_SURFACE('',#625,1.);
#627=CARTESIAN_POINT('',(9.546944139,0.837169104,-0.75));
#628=DIRECTION('',(-0.,-0.,1.));
#629=VECTOR('',#628,6.);
#630=LINE('',#627,#629);
#631=EDGE_CURVE('',#535,#489,#630,.T.);
#632=ORIENTED_EDGE('',*,*,#631,.T.);
#633=ORIENTED_EDGE('',*,*,#497,.T.);
#634=ORIENTED_EDGE('',*,*,#504,.T.);
#635=ORIENTED_EDGE('',*,*,#631,.F.);
#636=ORIENTED_EDGE('',*,*,#543,.T.);
#637=ORIENTED_EDGE('',*,*,#550,.T.);
#638=EDGE_LOOP('',(#632,#633,#634,#635,#636,#637));
#639=FACE_BOUND('',#638,.T.);
#640=ADVANCED_FACE('',(#639),#626,.T.);
#641=OVER_RIDING_STYLED_ITEM('',(#561),#640,#82);
#642=CLOSED_SHELL('',(#186,#217,#242,#267,#292,#316,#341,#365,#390,#415,#440,#464,#482,#508,#554,#602,#621,#640));
#643=MANIFOLD_SOLID_BREP('ELP-USBFHD01M-L21',#642);
#644=COLOUR_RGB('',0.800000012,0.800000012,0.800000012);
#645=FILL_AREA_STYLE_COLOUR('',#644);
#646=FILL_AREA_STYLE('',(#645));
#647=SURFACE_STYLE_FILL_AREA(#646);
#648=SURFACE_SIDE_STYLE('',(#647));
#649=SURFACE_STYLE_USAGE(.BOTH.,#648);
#650=PRESENTATION_STYLE_ASSIGNMENT((#649));
#82=STYLED_ITEM('',(#650),#643);
#63=SHAPE_REPRESENTATION('ELP-USBFHD01M-L21',(#15),#61);
#64=ADVANCED_BREP_SHAPE_REPRESENTATION('ELP-USBFHD01M-L21',(#643),#61);
#658=SHAPE_REPRESENTATION_RELATIONSHIP('','',#63,#64);
#659=APPLICATION_CONTEXT('data for automotive mechanical design processes');
#660=APPLICATION_PROTOCOL_DEFINITION('international standard','automotive_design',1994,#659);
#661=PRODUCT_CONTEXT('',#659,'mechanical');
#662=PRODUCT_DEFINITION_CONTEXT('part definition',#659,'design');
#71=PRODUCT('ELP-USBFHD01M-L21','ELP-USBFHD01M-L21','',(#661));
#663=PRODUCT_RELATED_PRODUCT_CATEGORY('part','',(#71));
#664=PRODUCT_DEFINITION_FORMATION_WITH_SPECIFIED_SOURCE('','',#71,.NOT_KNOWN.);
#72=PRODUCT_DEFINITION('design','',#664,#662);
#70=PRODUCT_DEFINITION_SHAPE('','',#72);
#665=SHAPE_DEFINITION_REPRESENTATION(#70,#63);
#62=DRAUGHTING_MODEL('',(),#61);
#666=(NAMED_UNIT(*)PLANE_ANGLE_UNIT()SI_UNIT($,.RADIAN.));
#667=PLANE_ANGLE_MEASURE_WITH_UNIT(PLANE_ANGLE_MEASURE(0.0174532925),#666);
#668=(CONVERSION_BASED_UNIT('DEGREE',#667)NAMED_UNIT(#669)PLANE_ANGLE_UNIT());
#669=DIMENSIONAL_EXPONENTS(0.,0.,0.,0.,0.,0.,0.);
#670=(NAMED_UNIT(*)SI_UNIT($,.STERADIAN.)SOLID_ANGLE_UNIT());
#671=(LENGTH_UNIT()NAMED_UNIT(*)SI_UNIT(.MILLI.,.METRE.));
#672=UNCERTAINTY_MEASURE_WITH_UNIT(LENGTH_MEASURE(1.000000E-05),#671,'DISTANCE_ACCURACY_VALUE','Maximum Tolerance applied to model');
#673=(GEOMETRIC_REPRESENTATION_CONTEXT(3)GLOBAL_UNCERTAINTY_ASSIGNED_CONTEXT((#672))GLOBAL_UNIT_ASSIGNED_CONTEXT((#671,#668,#670))REPRESENTATION_CONTEXT('','ELP-USBFHD01M-L21'));
#685=CARTESIAN_POINT('',(0.,0.,0.));
#686=DIRECTION('',(0.,0.,1.));
#687=DIRECTION('',(1.,0.,-0.));
#688=AXIS2_PLACEMENT_3D('',#685,#686,#687);
#689=ITEM_DEFINED_TRANSFORMATION('','',#688,#15);
#690=(REPRESENTATION_RELATIONSHIP('','',#675,#35)REPRESENTATION_RELATIONSHIP_WITH_TRANSFORMATION(#689)SHAPE_REPRESENTATION_RELATIONSHIP());
#691=NEXT_ASSEMBLY_USAGE_OCCURRENCE('ELP-USBFHD01M-L21_3','ELP-USBFHD01M-L21','ELP-USBFHD01M-L21',#44,#684,$);
#692=PRODUCT_DEFINITION_SHAPE('','',#691);
#693=CONTEXT_DEPENDENT_SHAPE_REPRESENTATION(#690,#692);
#695=CARTESIAN_POINT('',(-9.435337449,2.076169864,-1.75));
#696=DIRECTION('',(0.,0.,1.));
#697=DIRECTION('',(-0.546944139,-0.837169104,0.));
#698=AXIS2_PLACEMENT_3D('',#695,#696,#697);
#699=PLANE('',#698);
#700=CARTESIAN_POINT('',(-8.514451434,1.474531312,-1.75));
#701=VERTEX_POINT('',#700);
#702=CARTESIAN_POINT('',(-7.84471615,1.036976001,-1.75));
#703=VERTEX_POINT('',#702);
#704=CARTESIAN_POINT('',(-8.514451434,1.474531312,-1.75));
#705=DIRECTION('',(0.837169104,-0.546944139,0.));
#706=VECTOR('',#705,0.8);
#707=LINE('',#704,#706);
#708=EDGE_CURVE('',#701,#703,#707,.T.);
#709=ORIENTED_EDGE('',*,*,#708,.T.);
#710=CARTESIAN_POINT('',(-8.446354703,0.116089986,-1.75));
#711=VERTEX_POINT('',#710);
#712=CARTESIAN_POINT('',(-7.84471615,1.036976001,-1.75));
#713=DIRECTION('',(-0.546944139,-0.837169104,0.));
#714=VECTOR('',#713,1.1);
#715=LINE('',#712,#714);
#716=EDGE_CURVE('',#703,#711,#715,.T.);
#717=ORIENTED_EDGE('',*,*,#716,.T.);
#718=CARTESIAN_POINT('',(-7.525468688,-0.485548566,-1.75));
#719=VERTEX_POINT('',#718);
#720=CARTESIAN_POINT('',(-8.446354703,0.116089986,-1.75));
#721=DIRECTION('',(0.837169104,-0.546944139,0.));
#722=VECTOR('',#721,1.1);
#723=LINE('',#720,#722);
#724=EDGE_CURVE('',#711,#719,#723,.T.);
#725=ORIENTED_EDGE('',*,*,#724,.T.);
#726=CARTESIAN_POINT('',(-7.963023999,-1.15528385,-1.75));
#727=VERTEX_POINT('',#726);
#728=CARTESIAN_POINT('',(-7.525468688,-0.485548566,-1.75));
#729=DIRECTION('',(-0.546944139,-0.837169104,0.));
#730=VECTOR('',#729,0.8);
#731=LINE('',#728,#730);
#732=EDGE_CURVE('',#719,#727,#731,.T.);
#733=ORIENTED_EDGE('',*,*,#732,.T.);
#734=CARTESIAN_POINT('',(-8.883910014,-0.553645297,-1.75));
#735=VERTEX_POINT('',#734);
#736=CARTESIAN_POINT('',(-7.963023999,-1.15528385,-1.75));
#737=DIRECTION('',(-0.837169104,0.546944139,-0.));
#738=VECTOR('',#737,1.1);
#739=LINE('',#736,#738);
#740=EDGE_CURVE('',#727,#735,#739,.T.);
#741=ORIENTED_EDGE('',*,*,#740,.T.);
#742=CARTESIAN_POINT('',(-9.485548566,-1.474531312,-1.75));
#743=VERTEX_POINT('',#742);
#744=CARTESIAN_POINT('',(-8.883910014,-0.553645297,-1.75));
#745=DIRECTION('',(-0.546944139,-0.837169104,0.));
#746=VECTOR('',#745,1.1);
#747=LINE('',#744,#746);
#748=EDGE_CURVE('',#735,#743,#747,.T.);
#749=ORIENTED_EDGE('',*,*,#748,.T.);
#750=CARTESIAN_POINT('',(-10.15528385,-1.036976001,-1.75));
#751=VERTEX_POINT('',#750);
#752=CARTESIAN_POINT('',(-9.485548566,-1.474531312,-1.75));
#753=DIRECTION('',(-0.837169104,0.546944139,-0.));
#754=VECTOR('',#753,0.8);
#755=LINE('',#752,#754);
#756=EDGE_CURVE('',#743,#751,#755,.T.);
#757=ORIENTED_EDGE('',*,*,#756,.T.);
#758=CARTESIAN_POINT('',(-9.553645297,-0.116089986,-1.75));
#759=VERTEX_POINT('',#758);
#760=CARTESIAN_POINT('',(-10.15528385,-1.036976001,-1.75));
#761=DIRECTION('',(0.546944139,0.837169104,-0.));
#762=VECTOR('',#761,1.1);
#763=LINE('',#760,#762);
#764=EDGE_CURVE('',#751,#759,#763,.T.);
#765=ORIENTED_EDGE('',*,*,#764,.T.);
#766=CARTESIAN_POINT('',(-10.474531312,0.485548566,-1.75));
#767=VERTEX_POINT('',#766);
#768=CARTESIAN_POINT('',(-9.553645297,-0.116089986,-1.75));
#769=DIRECTION('',(-0.837169104,0.546944139,-0.));
#770=VECTOR('',#769,1.1);
#771=LINE('',#768,#770);
#772=EDGE_CURVE('',#759,#767,#771,.T.);
#773=ORIENTED_EDGE('',*,*,#772,.T.);
#774=CARTESIAN_POINT('',(-10.036976001,1.15528385,-1.75));
#775=VERTEX_POINT('',#774);
#776=CARTESIAN_POINT('',(-10.474531312,0.485548566,-1.75));
#777=DIRECTION('',(0.546944139,0.837169104,-0.));
#778=VECTOR('',#777,0.8);
#779=LINE('',#776,#778);
#780=EDGE_CURVE('',#767,#775,#779,.T.);
#781=ORIENTED_EDGE('',*,*,#780,.T.);
#782=CARTESIAN_POINT('',(-9.116089986,0.553645297,-1.75));
#783=VERTEX_POINT('',#782);
#784=CARTESIAN_POINT('',(-10.036976001,1.15528385,-1.75));
#785=DIRECTION('',(0.837169104,-0.546944139,0.));
#786=VECTOR('',#785,1.1);
#787=LINE('',#784,#786);
#788=EDGE_CURVE('',#775,#783,#787,.T.);
#789=ORIENTED_EDGE('',*,*,#788,.T.);
#790=CARTESIAN_POINT('',(-9.116089986,0.553645297,-1.75));
#791=DIRECTION('',(0.546944139,0.837169104,-0.));
#792=VECTOR('',#791,1.1);
#793=LINE('',#790,#792);
#794=EDGE_CURVE('',#783,#701,#793,.T.);
#795=ORIENTED_EDGE('',*,*,#794,.T.);
#796=EDGE_LOOP('',(#709,#717,#725,#733,#741,#749,#757,#765,#773,#781,#789,#795));
#797=FACE_BOUND('',#796,.T.);
#798=ADVANCED_FACE('',(#797),#699,.F.);
#799=CARTESIAN_POINT('',(-9.553645297,-0.116089986,-2.35));
#800=DIRECTION('',(0.837169104,-0.546944139,0.));
#801=DIRECTION('',(-0.546944139,-0.837169104,0.));
#802=AXIS2_PLACEMENT_3D('',#799,#800,#801);
#803=PLANE('',#802);
#804=CARTESIAN_POINT('',(-8.514451434,1.474531312,-2.151396485));
#805=VERTEX_POINT('',#804);
#806=CARTESIAN_POINT('',(-8.514451434,1.474531312,-2.151396485));
#807=DIRECTION('',(-0.,-0.,1.));
#808=VECTOR('',#807,0.401396485);
#809=LINE('',#806,#808);
#810=EDGE_CURVE('',#805,#701,#809,.T.);
#811=ORIENTED_EDGE('',*,*,#810,.T.);
#812=ORIENTED_EDGE('',*,*,#794,.F.);
#813=CARTESIAN_POINT('',(-9.116089986,0.553645297,-2.32399924));
#814=VERTEX_POINT('',#813);
#815=CARTESIAN_POINT('',(-9.116089986,0.553645297,-2.32399924));
#816=DIRECTION('',(-0.,-0.,1.));
#817=VECTOR('',#816,0.57399924);
#818=LINE('',#815,#817);
#819=EDGE_CURVE('',#814,#783,#818,.T.);
#820=ORIENTED_EDGE('',*,*,#819,.F.);
#821=CARTESIAN_POINT('',(-8.514451434,1.474531312,-2.151396485));
#822=CARTESIAN_POINT('',(-8.81098271,1.020651647,-2.287661818));
#823=CARTESIAN_POINT('',(-9.116089986,0.553645297,-2.32399924));
#824=(BOUNDED_CURVE()
B_SPLINE_CURVE(2,(#821,#822,#823),.UNSPECIFIED.,.F.,.F.)
B_SPLINE_CURVE_WITH_KNOTS((3,3),(75.891636579,86.273046099),.UNSPECIFIED.)
CURVE()
GEOMETRIC_REPRESENTATION_ITEM()
RATIONAL_B_SPLINE_CURVE((1.,0.995899089,1.))
REPRESENTATION_ITEM(''));
#825=EDGE_CURVE('',#805,#814,#824,.T.);
#826=ORIENTED_EDGE('',*,*,#825,.F.);
#827=EDGE_LOOP('',(#811,#812,#820,#826));
#828=FACE_BOUND('',#827,.T.);
#829=ADVANCED_FACE('',(#828),#803,.T.);
#830=CARTESIAN_POINT('',(-7.525468688,-0.485548566,-2.35));
#831=DIRECTION('',(-0.546944139,-0.837169104,0.));
#832=DIRECTION('',(-0.837169104,0.546944139,0.));
#833=AXIS2_PLACEMENT_3D('',#830,#831,#832);
#834=PLANE('',#833);
#835=ORIENTED_EDGE('',*,*,#819,.T.);
#836=ORIENTED_EDGE('',*,*,#788,.F.);
#837=CARTESIAN_POINT('',(-10.036976001,1.15528385,-2.151396485));
#838=VERTEX_POINT('',#837);
#839=CARTESIAN_POINT('',(-10.036976001,1.15528385,-2.151396485));
#840=DIRECTION('',(-0.,-0.,1.));
#841=VECTOR('',#840,0.401396485);
#842=LINE('',#839,#841);
#843=EDGE_CURVE('',#838,#775,#842,.T.);
#844=ORIENTED_EDGE('',*,*,#843,.F.);
#845=CARTESIAN_POINT('',(-8.781222345,0.334867642,3.816666667));
#846=DIRECTION('',(0.546944139,0.837169104,-0.));
#847=DIRECTION('',(0.837169104,-0.546944139,-0.));
#848=AXIS2_PLACEMENT_3D('',#845,#846,#847);
#849=CIRCLE('',#848,6.153680019);
#850=EDGE_CURVE('',#814,#838,#849,.T.);
#851=ORIENTED_EDGE('',*,*,#850,.F.);
#852=EDGE_LOOP('',(#835,#836,#844,#851));
#853=FACE_BOUND('',#852,.T.);
#854=ADVANCED_FACE('',(#853),#834,.T.);
#855=OVER_RIDING_STYLED_ITEM('',(#561),#854,#694);
#856=CARTESIAN_POINT('',(-10.036976001,1.15528385,-2.35));
#857=DIRECTION('',(0.837169104,-0.546944139,0.));
#858=DIRECTION('',(-0.546944139,-0.837169104,0.));
#859=AXIS2_PLACEMENT_3D('',#856,#857,#858);
#860=PLANE('',#859);
#861=ORIENTED_EDGE('',*,*,#843,.T.);
#862=ORIENTED_EDGE('',*,*,#780,.F.);
#863=CARTESIAN_POINT('',(-10.474531312,0.485548566,-2.151396485));
#864=VERTEX_POINT('',#863);
#865=CARTESIAN_POINT('',(-10.474531312,0.485548566,-2.151396485));
#866=DIRECTION('',(-0.,-0.,1.));
#867=VECTOR('',#866,0.401396485);
#868=LINE('',#865,#867);
#869=EDGE_CURVE('',#864,#767,#868,.T.);
#870=ORIENTED_EDGE('',*,*,#869,.F.);
#871=CARTESIAN_POINT('',(-10.036976001,1.15528385,-2.151396485));
#872=CARTESIAN_POINT('',(-10.182501278,0.932538496,-2.169229387));
#873=CARTESIAN_POINT('',(-10.329006035,0.70829392,-2.169229387));
#874=CARTESIAN_POINT('',(-10.474531312,0.485548566,-2.151396485));
#875=B_SPLINE_CURVE_WITH_KNOTS('',3,(#871,#872,#873,#874),.UNSPECIFIED.,.F.,.F.,(4,4),(266.165575663,273.834424337),.UNSPECIFIED.);
#876=EDGE_CURVE('',#838,#864,#875,.T.);
#877=ORIENTED_EDGE('',*,*,#876,.F.);
#878=EDGE_LOOP('',(#861,#862,#870,#877));
#879=FACE_BOUND('',#878,.T.);
#880=ADVANCED_FACE('',(#879),#860,.T.);
#881=CARTESIAN_POINT('',(-7.963023999,-1.15528385,-2.35));
#882=DIRECTION('',(0.546944139,0.837169104,0.));
#883=DIRECTION('',(0.837169104,-0.546944139,0.));
#884=AXIS2_PLACEMENT_3D('',#881,#882,#883);
#885=PLANE('',#884);
#886=ORIENTED_EDGE('',*,*,#869,.T.);
#887=ORIENTED_EDGE('',*,*,#772,.F.);
#888=CARTESIAN_POINT('',(-9.553645297,-0.116089986,-2.32399924));
#889=VERTEX_POINT('',#888);
#890=CARTESIAN_POINT('',(-9.553645297,-0.116089986,-2.32399924));
#891=DIRECTION('',(-0.,-0.,1.));
#892=VECTOR('',#891,0.57399924);
#893=LINE('',#890,#892);
#894=EDGE_CURVE('',#889,#759,#893,.T.);
#895=ORIENTED_EDGE('',*,*,#894,.F.);
#896=CARTESIAN_POINT('',(-9.218777655,-0.334867642,3.816666667));
#897=DIRECTION('',(-0.546944139,-0.837169104,0.));
#898=DIRECTION('',(0.837169104,-0.546944139,-0.));
#899=AXIS2_PLACEMENT_3D('',#896,#897,#898);
#900=CIRCLE('',#899,6.153680019);
#901=EDGE_CURVE('',#864,#889,#900,.T.);
#902=ORIENTED_EDGE('',*,*,#901,.F.);
#903=EDGE_LOOP('',(#886,#887,#895,#902));
#904=FACE_BOUND('',#903,.T.);
#905=ADVANCED_FACE('',(#904),#885,.T.);
#906=CARTESIAN_POINT('',(-9.553645297,-0.116089986,-2.35));
#907=DIRECTION('',(0.837169104,-0.546944139,0.));
#908=DIRECTION('',(-0.546944139,-0.837169104,0.));
#909=AXIS2_PLACEMENT_3D('',#906,#907,#908);
#910=PLANE('',#909);
#911=ORIENTED_EDGE('',*,*,#894,.T.);
#912=ORIENTED_EDGE('',*,*,#764,.F.);
#913=CARTESIAN_POINT('',(-10.15528385,-1.036976001,-2.151396485));
#914=VERTEX_POINT('',#913);
#915=CARTESIAN_POINT('',(-10.15528385,-1.036976001,-2.151396485));
#916=DIRECTION('',(-0.,-0.,1.));
#917=VECTOR('',#916,0.401396485);
#918=LINE('',#915,#917);
#919=EDGE_CURVE('',#914,#751,#918,.T.);
#920=ORIENTED_EDGE('',*,*,#919,.F.);
#921=CARTESIAN_POINT('',(-9.553645297,-0.116089986,-2.32399924));
#922=CARTESIAN_POINT('',(-9.858752574,-0.583096336,-2.287661818));
#923=CARTESIAN_POINT('',(-10.15528385,-1.036976001,-2.151396485));
#924=(BOUNDED_CURVE()
B_SPLINE_CURVE(2,(#921,#922,#923),.UNSPECIFIED.,.F.,.F.)
B_SPLINE_CURVE_WITH_KNOTS((3,3),(273.726953901,284.108363421),.UNSPECIFIED.)
CURVE()
GEOMETRIC_REPRESENTATION_ITEM()
RATIONAL_B_SPLINE_CURVE((1.,0.995899089,1.))
REPRESENTATION_ITEM(''));
#925=EDGE_CURVE('',#889,#914,#924,.T.);
#926=ORIENTED_EDGE('',*,*,#925,.F.);
#927=EDGE_LOOP('',(#911,#912,#920,#926));
#928=FACE_BOUND('',#927,.T.);
#929=ADVANCED_FACE('',(#928),#910,.T.);
#930=CARTESIAN_POINT('',(-9.485548566,-1.474531312,-2.35));
#931=DIRECTION('',(0.546944139,0.837169104,0.));
#932=DIRECTION('',(0.837169104,-0.546944139,0.));
#933=AXIS2_PLACEMENT_3D('',#930,#931,#932);
#934=PLANE('',#933);
#935=ORIENTED_EDGE('',*,*,#919,.T.);
#936=ORIENTED_EDGE('',*,*,#756,.F.);
#937=CARTESIAN_POINT('',(-9.485548566,-1.474531312,-2.151396485));
#938=VERTEX_POINT('',#937);
#939=CARTESIAN_POINT('',(-9.485548566,-1.474531312,-2.151396485));
#940=DIRECTION('',(-0.,-0.,1.));
#941=VECTOR('',#940,0.401396485);
#942=LINE('',#939,#941);
#943=EDGE_CURVE('',#938,#743,#942,.T.);
#944=ORIENTED_EDGE('',*,*,#943,.F.);
#945=CARTESIAN_POINT('',(-9.820416208,-1.255753656,3.816666667));
#946=DIRECTION('',(-0.546944139,-0.837169104,0.));
#947=DIRECTION('',(0.837169104,-0.546944139,-0.));
#948=AXIS2_PLACEMENT_3D('',#945,#946,#947);
#949=CIRCLE('',#948,5.981452815);
#950=EDGE_CURVE('',#914,#938,#949,.T.);
#951=ORIENTED_EDGE('',*,*,#950,.F.);
#952=EDGE_LOOP('',(#935,#936,#944,#951));
#953=FACE_BOUND('',#952,.T.);
#954=ADVANCED_FACE('',(#953),#934,.T.);
#955=CARTESIAN_POINT('',(-7.84471615,1.036976001,-2.35));
#956=DIRECTION('',(-0.837169104,0.546944139,0.));
#957=DIRECTION('',(0.546944139,0.837169104,0.));
#958=AXIS2_PLACEMENT_3D('',#955,#956,#957);
#959=PLANE('',#958);
#960=ORIENTED_EDGE('',*,*,#943,.T.);
#961=ORIENTED_EDGE('',*,*,#748,.F.);
#962=CARTESIAN_POINT('',(-8.883910014,-0.553645297,-2.32399924));
#963=VERTEX_POINT('',#962);
#964=CARTESIAN_POINT('',(-8.883910014,-0.553645297,-2.32399924));
#965=DIRECTION('',(-0.,-0.,1.));
#966=VECTOR('',#965,0.57399924);
#967=LINE('',#964,#966);
#968=EDGE_CURVE('',#963,#735,#967,.T.);
#969=ORIENTED_EDGE('',*,*,#968,.F.);
#970=CARTESIAN_POINT('',(-9.485548566,-1.474531312,-2.151396485));
#971=CARTESIAN_POINT('',(-9.18901729,-1.020651647,-2.287661818));
#972=CARTESIAN_POINT('',(-8.883910014,-0.553645297,-2.32399924));
#973=(BOUNDED_CURVE()
B_SPLINE_CURVE(2,(#970,#971,#972),.UNSPECIFIED.,.F.,.F.)
B_SPLINE_CURVE_WITH_KNOTS((3,3),(75.891636579,86.273046099),.UNSPECIFIED.)
CURVE()
GEOMETRIC_REPRESENTATION_ITEM()
RATIONAL_B_SPLINE_CURVE((1.,0.995899089,1.))
REPRESENTATION_ITEM(''));
#974=EDGE_CURVE('',#938,#963,#973,.T.);
#975=ORIENTED_EDGE('',*,*,#974,.F.);
#976=EDGE_LOOP('',(#960,#961,#969,#975));
#977=FACE_BOUND('',#976,.T.);
#978=ADVANCED_FACE('',(#977),#959,.T.);
#979=CARTESIAN_POINT('',(-7.963023999,-1.15528385,-2.35));
#980=DIRECTION('',(0.546944139,0.837169104,0.));
#981=DIRECTION('',(0.837169104,-0.546944139,0.));
#982=AXIS2_PLACEMENT_3D('',#979,#980,#981);
#983=PLANE('',#982);
#984=ORIENTED_EDGE('',*,*,#968,.T.);
#985=ORIENTED_EDGE('',*,*,#740,.F.);
#986=CARTESIAN_POINT('',(-7.963023999,-1.15528385,-2.151396485));
#987=VERTEX_POINT('',#986);
#988=CARTESIAN_POINT('',(-7.963023999,-1.15528385,-2.151396485));
#989=DIRECTION('',(-0.,-0.,1.));
#990=VECTOR('',#989,0.401396485);
#991=LINE('',#988,#990);
#992=EDGE_CURVE('',#987,#727,#991,.T.);
#993=ORIENTED_EDGE('',*,*,#992,.F.);
#994=CARTESIAN_POINT('',(-9.218777655,-0.334867642,3.816666667));
#995=DIRECTION('',(-0.546944139,-0.837169104,0.));
#996=DIRECTION('',(0.837169104,-0.546944139,-0.));
#997=AXIS2_PLACEMENT_3D('',#994,#995,#996);
#998=CIRCLE('',#997,6.153680019);
#999=EDGE_CURVE('',#963,#987,#998,.T.);
#1000=ORIENTED_EDGE('',*,*,#999,.F.);
#1001=EDGE_LOOP('',(#984,#985,#993,#1000));
#1002=FACE_BOUND('',#1001,.T.);
#1003=ADVANCED_FACE('',(#1002),#983,.T.);
#1004=CARTESIAN_POINT('',(-7.525468688,-0.485548566,-2.35));
#1005=DIRECTION('',(-0.837169104,0.546944139,0.));
#1006=DIRECTION('',(0.546944139,0.837169104,0.));
#1007=AXIS2_PLACEMENT_3D('',#1004,#1005,#1006);
#1008=PLANE('',#1007);
#1009=ORIENTED_EDGE('',*,*,#992,.T.);
#1010=ORIENTED_EDGE('',*,*,#732,.F.);
#1011=CARTESIAN_POINT('',(-7.525468688,-0.485548566,-2.151396485));
#1012=VERTEX_POINT('',#1011);
#1013=CARTESIAN_POINT('',(-7.525468688,-0.485548566,-2.151396485));
#1014=DIRECTION('',(-0.,-0.,1.));
#1015=VECTOR('',#1014,0.401396485);
#1016=LINE('',#1013,#1015);
#1017=EDGE_CURVE('',#1012,#719,#1016,.T.);
#1018=ORIENTED_EDGE('',*,*,#1017,.F.);
#1019=CARTESIAN_POINT('',(-7.963023999,-1.15528385,-2.151396485));
#1020=CARTESIAN_POINT('',(-7.817498722,-0.932538496,-2.169229387));
#1021=CARTESIAN_POINT('',(-7.670993965,-0.70829392,-2.169229387));
#1022=CARTESIAN_POINT('',(-7.525468688,-0.485548566,-2.151396485));
#1023=B_SPLINE_CURVE_WITH_KNOTS('',3,(#1019,#1020,#1021,#1022),.UNSPECIFIED.,.F.,.F.,(4,4),(266.165575663,273.834424337),.UNSPECIFIED.);
#1024=EDGE_CURVE('',#987,#1012,#1023,.T.);
#1025=ORIENTED_EDGE('',*,*,#1024,.F.);
#1026=EDGE_LOOP('',(#1009,#1010,#1018,#1025));
#1027=FACE_BOUND('',#1026,.T.);
#1028=ADVANCED_FACE('',(#1027),#1008,.T.);
#1029=CARTESIAN_POINT('',(-7.525468688,-0.485548566,-2.35));
#1030=DIRECTION('',(-0.546944139,-0.837169104,0.));
#1031=DIRECTION('',(-0.837169104,0.546944139,0.));
#1032=AXIS2_PLACEMENT_3D('',#1029,#1030,#1031);
#1033=PLANE('',#1032);
#1034=ORIENTED_EDGE('',*,*,#1017,.T.);
#1035=ORIENTED_EDGE('',*,*,#724,.F.);
#1036=CARTESIAN_POINT('',(-8.446354703,0.116089986,-2.32399924));
#1037=VERTEX_POINT('',#1036);
#1038=CARTESIAN_POINT('',(-8.446354703,0.116089986,-2.32399924));
#1039=DIRECTION('',(-0.,-0.,1.));
#1040=VECTOR('',#1039,0.57399924);
#1041=LINE('',#1038,#1040);
#1042=EDGE_CURVE('',#1037,#711,#1041,.T.);
#1043=ORIENTED_EDGE('',*,*,#1042,.F.);
#1044=CARTESIAN_POINT('',(-8.781222345,0.334867642,3.816666667));
#1045=DIRECTION('',(0.546944139,0.837169104,-0.));
#1046=DIRECTION('',(0.837169104,-0.546944139,-0.));
#1047=AXIS2_PLACEMENT_3D('',#1044,#1045,#1046);
#1048=CIRCLE('',#1047,6.153680019);
#1049=EDGE_CURVE('',#1012,#1037,#1048,.T.);
#1050=ORIENTED_EDGE('',*,*,#1049,.F.);
#1051=EDGE_LOOP('',(#1034,#1035,#1043,#1050));
#1052=FACE_BOUND('',#1051,.T.);
#1053=ADVANCED_FACE('',(#1052),#1033,.T.);
#1054=OVER_RIDING_STYLED_ITEM('',(#561),#1053,#694);
#1055=CARTESIAN_POINT('',(-7.84471615,1.036976001,-2.35));
#1056=DIRECTION('',(-0.837169104,0.546944139,0.));
#1057=DIRECTION('',(0.546944139,0.837169104,0.));
#1058=AXIS2_PLACEMENT_3D('',#1055,#1056,#1057);
#1059=PLANE('',#1058);
#1060=ORIENTED_EDGE('',*,*,#1042,.T.);
#1061=ORIENTED_EDGE('',*,*,#716,.F.);
#1062=CARTESIAN_POINT('',(-7.84471615,1.036976001,-2.151396485));
#1063=VERTEX_POINT('',#1062);
#1064=CARTESIAN_POINT('',(-7.84471615,1.036976001,-2.151396485));
#1065=DIRECTION('',(-0.,-0.,1.));
#1066=VECTOR('',#1065,0.401396485);
#1067=LINE('',#1064,#1066);
#1068=EDGE_CURVE('',#1063,#703,#1067,.T.);
#1069=ORIENTED_EDGE('',*,*,#1068,.F.);
#1070=CARTESIAN_POINT('',(-8.446354703,0.116089986,-2.32399924));
#1071=CARTESIAN_POINT('',(-8.141247426,0.583096336,-2.287661818));
#1072=CARTESIAN_POINT('',(-7.84471615,1.036976001,-2.151396485));
#1073=(BOUNDED_CURVE()
B_SPLINE_CURVE(2,(#1070,#1071,#1072),.UNSPECIFIED.,.F.,.F.)
B_SPLINE_CURVE_WITH_KNOTS((3,3),(273.726953901,284.108363421),.UNSPECIFIED.)
CURVE()
GEOMETRIC_REPRESENTATION_ITEM()
RATIONAL_B_SPLINE_CURVE((1.,0.995899089,1.))
REPRESENTATION_ITEM(''));
#1074=EDGE_CURVE('',#1037,#1063,#1073,.T.);
#1075=ORIENTED_EDGE('',*,*,#1074,.F.);
#1076=EDGE_LOOP('',(#1060,#1061,#1069,#1075));
#1077=FACE_BOUND('',#1076,.T.);
#1078=ADVANCED_FACE('',(#1077),#1059,.T.);
#1079=CARTESIAN_POINT('',(-7.84471615,1.036976001,-2.35));
#1080=DIRECTION('',(-0.546944139,-0.837169104,0.));
#1081=DIRECTION('',(-0.837169104,0.546944139,0.));
#1082=AXIS2_PLACEMENT_3D('',#1079,#1080,#1081);
#1083=PLANE('',#1082);
#1084=ORIENTED_EDGE('',*,*,#1068,.T.);
#1085=ORIENTED_EDGE('',*,*,#708,.F.);
#1086=ORIENTED_EDGE('',*,*,#810,.F.);
#1087=CARTESIAN_POINT('',(-8.179583792,1.255753656,3.816666667));
#1088=DIRECTION('',(0.546944139,0.837169104,-0.));
#1089=DIRECTION('',(0.837169104,-0.546944139,-0.));
#1090=AXIS2_PLACEMENT_3D('',#1087,#1088,#1089);
#1091=CIRCLE('',#1090,5.981452815);
#1092=EDGE_CURVE('',#1063,#805,#1091,.T.);
#1093=ORIENTED_EDGE('',*,*,#1092,.F.);
#1094=EDGE_LOOP('',(#1084,#1085,#1086,#1093));
#1095=FACE_BOUND('',#1094,.T.);
#1096=ADVANCED_FACE('',(#1095),#1083,.T.);
#1097=OVER_RIDING_STYLED_ITEM('',(#561),#1096,#694);
#1098=CARTESIAN_POINT('',(-9.837169104,0.546944139,5.25));
#1099=DIRECTION('',(0.,0.,1.));
#1100=DIRECTION('',(-0.546944139,-0.837169104,0.));
#1101=AXIS2_PLACEMENT_3D('',#1098,#1099,#1100);
#1102=PLANE('',#1101);
#1103=CARTESIAN_POINT('',(-8.453055861,0.837169104,5.25));
#1104=VERTEX_POINT('',#1103);
#1105=CARTESIAN_POINT('',(-10.,0.,5.25));
#1106=VERTEX_POINT('',#1105);
#1107=CARTESIAN_POINT('',(-9.,0.,5.25));
#1108=DIRECTION('',(0.,0.,-1.));
#1109=DIRECTION('',(-1.,0.,0.));
#1110=AXIS2_PLACEMENT_3D('',#1107,#1108,#1109);
#1111=CIRCLE('',#1110,1.);
#1112=EDGE_CURVE('',#1104,#1106,#1111,.T.);
#1113=ORIENTED_EDGE('',*,*,#1112,.F.);
#1114=CARTESIAN_POINT('',(-9.,0.,5.25));
#1115=DIRECTION('',(0.,0.,-1.));
#1116=DIRECTION('',(-1.,0.,0.));
#1117=AXIS2_PLACEMENT_3D('',#1114,#1115,#1116);
#1118=CIRCLE('',#1117,1.);
#1119=EDGE_CURVE('',#1106,#1104,#1118,.T.);
#1120=ORIENTED_EDGE('',*,*,#1119,.F.);
#1121=EDGE_LOOP('',(#1113,#1120));
#1122=FACE_BOUND('',#1121,.T.);
#1123=ADVANCED_FACE('',(#1122),#1102,.T.);
#1124=CARTESIAN_POINT('',(-9.,0.,-0.75));
#1125=DIRECTION('',(-0.,0.,1.));
#1126=DIRECTION('',(0.837169104,-0.546944139,0.));
#1127=AXIS2_PLACEMENT_3D('',#1124,#1125,#1126);
#1128=PLANE('',#1127);
#1129=CARTESIAN_POINT('',(-10.590621298,1.039193863,-0.75));
#1130=VERTEX_POINT('',#1129);
#1131=CARTESIAN_POINT('',(-10.9,0.,-0.75));
#1132=VERTEX_POINT('',#1131);
#1133=CARTESIAN_POINT('',(-9.,0.,-0.75));
#1134=DIRECTION('',(0.,-0.,-1.));
#1135=DIRECTION('',(-1.,0.,-0.));
#1136=AXIS2_PLACEMENT_3D('',#1133,#1134,#1135);
#1137=CIRCLE('',#1136,1.9);
#1138=EDGE_CURVE('',#1130,#1132,#1137,.T.);
#1139=ORIENTED_EDGE('',*,*,#1138,.F.);
#1140=CARTESIAN_POINT('',(-9.,0.,-0.75));
#1141=DIRECTION('',(0.,-0.,-1.));
#1142=DIRECTION('',(-1.,0.,-0.));
#1143=AXIS2_PLACEMENT_3D('',#1140,#1141,#1142);
#1144=CIRCLE('',#1143,1.9);
#1145=EDGE_CURVE('',#1132,#1130,#1144,.T.);
#1146=ORIENTED_EDGE('',*,*,#1145,.F.);
#1147=EDGE_LOOP('',(#1139,#1146));
#1148=FACE_BOUND('',#1147,.T.);
#1149=CARTESIAN_POINT('',(-8.453055861,0.837169104,-0.75));
#1150=VERTEX_POINT('',#1149);
#1151=CARTESIAN_POINT('',(-10.,0.,-0.75));
#1152=VERTEX_POINT('',#1151);
#1153=CARTESIAN_POINT('',(-9.,0.,-0.75));
#1154=DIRECTION('',(-0.,-0.,1.));
#1155=DIRECTION('',(-1.,0.,0.));
#1156=AXIS2_PLACEMENT_3D('',#1153,#1154,#1155);
#1157=CIRCLE('',#1156,1.);
#1158=EDGE_CURVE('',#1150,#1152,#1157,.T.);
#1159=ORIENTED_EDGE('',*,*,#1158,.F.);
#1160=CARTESIAN_POINT('',(-9.,0.,-0.75));
#1161=DIRECTION('',(-0.,-0.,1.));
#1162=DIRECTION('',(-1.,0.,0.));
#1163=AXIS2_PLACEMENT_3D('',#1160,#1161,#1162);
#1164=CIRCLE('',#1163,1.);
#1165=EDGE_CURVE('',#1152,#1150,#1164,.T.);
#1166=ORIENTED_EDGE('',*,*,#1165,.F.);
#1167=EDGE_LOOP('',(#1159,#1166));
#1168=FACE_BOUND('',#1167,.T.);
#1169=ADVANCED_FACE('',(#1148,#1168),#1128,.T.);
#1170=OVER_RIDING_STYLED_ITEM('',(#561),#1169,#694);
#1171=CARTESIAN_POINT('',(-9.,0.,3.816666667));
#1172=DIRECTION('',(-0.546944139,-0.837169104,0.));
#1173=DIRECTION('',(0.837169104,-0.546944139,-0.));
#1174=AXIS2_PLACEMENT_3D('',#1171,#1172,#1173);
#1175=SPHERICAL_SURFACE('',#1174,6.166666667);
#1176=ORIENTED_EDGE('',*,*,#1024,.T.);
#1177=ORIENTED_EDGE('',*,*,#1049,.T.);
#1178=ORIENTED_EDGE('',*,*,#1074,.T.);
#1179=ORIENTED_EDGE('',*,*,#1092,.T.);
#1180=ORIENTED_EDGE('',*,*,#825,.T.);
#1181=ORIENTED_EDGE('',*,*,#850,.T.);
#1182=ORIENTED_EDGE('',*,*,#876,.T.);
#1183=ORIENTED_EDGE('',*,*,#901,.T.);
#1184=ORIENTED_EDGE('',*,*,#925,.T.);
#1185=ORIENTED_EDGE('',*,*,#950,.T.);
#1186=ORIENTED_EDGE('',*,*,#974,.T.);
#1187=ORIENTED_EDGE('',*,*,#999,.T.);
#1188=EDGE_LOOP('',(#1176,#1177,#1178,#1179,#1180,#1181,#1182,#1183,#1184,#1185,#1186,#1187));
#1189=FACE_BOUND('',#1188,.T.);
#1190=CARTESIAN_POINT('',(-10.9,0.,-2.05));
#1191=VERTEX_POINT('',#1190);
#1192=CARTESIAN_POINT('',(-10.590621298,1.039193863,-2.05));
#1193=VERTEX_POINT('',#1192);
#1194=CARTESIAN_POINT('',(-9.,0.,-2.05));
#1195=DIRECTION('',(0.,-0.,-1.));
#1196=DIRECTION('',(-1.,0.,-0.));
#1197=AXIS2_PLACEMENT_3D('',#1194,#1195,#1196);
#1198=CIRCLE('',#1197,1.9);
#1199=EDGE_CURVE('',#1191,#1193,#1198,.T.);
#1200=ORIENTED_EDGE('',*,*,#1199,.T.);
#1201=CARTESIAN_POINT('',(-9.,0.,-2.05));
#1202=DIRECTION('',(0.,-0.,-1.));
#1203=DIRECTION('',(-1.,0.,-0.));
#1204=AXIS2_PLACEMENT_3D('',#1201,#1202,#1203);
#1205=CIRCLE('',#1204,1.9);
#1206=EDGE_CURVE('',#1193,#1191,#1205,.T.);
#1207=ORIENTED_EDGE('',*,*,#1206,.T.);
#1208=EDGE_LOOP('',(#1200,#1207));
#1209=FACE_BOUND('',#1208,.T.);
#1210=ADVANCED_FACE('',(#1189,#1209),#1175,.T.);
#1211=CARTESIAN_POINT('',(-9.,0.,-2.35));
#1212=DIRECTION('',(0.,-0.,-1.));
#1213=DIRECTION('',(-0.837169104,0.546944139,-0.));
#1214=AXIS2_PLACEMENT_3D('',#1211,#1212,#1213);
#1215=CYLINDRICAL_SURFACE('',#1214,1.9);
#1216=CARTESIAN_POINT('',(-10.590621298,1.039193863,-2.05));
#1217=DIRECTION('',(-0.,0.,1.));
#1218=VECTOR('',#1217,1.3);
#1219=LINE('',#1216,#1218);
#1220=EDGE_CURVE('',#1193,#1130,#1219,.T.);
#1221=ORIENTED_EDGE('',*,*,#1220,.T.);
#1222=ORIENTED_EDGE('',*,*,#1138,.T.);
#1223=ORIENTED_EDGE('',*,*,#1145,.T.);
#1224=ORIENTED_EDGE('',*,*,#1220,.F.);
#1225=ORIENTED_EDGE('',*,*,#1199,.F.);
#1226=ORIENTED_EDGE('',*,*,#1206,.F.);
#1227=EDGE_LOOP('',(#1221,#1222,#1223,#1224,#1225,#1226));
#1228=FACE_BOUND('',#1227,.T.);
#1229=ADVANCED_FACE('',(#1228),#1215,.T.);
#1230=CARTESIAN_POINT('',(-9.,0.,-0.75));
#1231=DIRECTION('',(0.,0.,-1.));
#1232=DIRECTION('',(0.546944139,0.837169104,0.));
#1233=AXIS2_PLACEMENT_3D('',#1230,#1231,#1232);
#1234=CYLINDRICAL_SURFACE('',#1233,1.);
#1235=CARTESIAN_POINT('',(-8.453055861,0.837169104,-0.75));
#1236=DIRECTION('',(-0.,-0.,1.));
#1237=VECTOR('',#1236,6.);
#1238=LINE('',#1235,#1237);
#1239=EDGE_CURVE('',#1150,#1104,#1238,.T.);
#1240=ORIENTED_EDGE('',*,*,#1239,.T.);
#1241=ORIENTED_EDGE('',*,*,#1112,.T.);
#1242=ORIENTED_EDGE('',*,*,#1119,.T.);
#1243=ORIENTED_EDGE('',*,*,#1239,.F.);
#1244=ORIENTED_EDGE('',*,*,#1158,.T.);
#1245=ORIENTED_EDGE('',*,*,#1165,.T.);
#1246=EDGE_LOOP('',(#1240,#1241,#1242,#1243,#1244,#1245));
#1247=FACE_BOUND('',#1246,.T.);
#1248=ADVANCED_FACE('',(#1247),#1234,.T.);
#1249=OVER_RIDING_STYLED_ITEM('',(#561),#1248,#694);
#1250=CLOSED_SHELL('',(#798,#829,#854,#880,#905,#929,#954,#978,#1003,#1028,#1053,#1078,#1096,#1123,#1169,#1210,#1229,#1248));
#1251=MANIFOLD_SOLID_BREP('ELP-USBFHD01M-L21',#1250);
#694=STYLED_ITEM('',(#650),#1251);
#675=SHAPE_REPRESENTATION('ELP-USBFHD01M-L21',(#15),#673);
#676=ADVANCED_BREP_SHAPE_REPRESENTATION('ELP-USBFHD01M-L21',(#1251),#673);
#1259=SHAPE_REPRESENTATION_RELATIONSHIP('','',#675,#676);
#683=PRODUCT('ELP-USBFHD01M-L21','ELP-USBFHD01M-L21','',(#661));
#1260=PRODUCT_RELATED_PRODUCT_CATEGORY('part','',(#683));
#1261=PRODUCT_DEFINITION_FORMATION_WITH_SPECIFIED_SOURCE('','',#683,.NOT_KNOWN.);
#684=PRODUCT_DEFINITION('design','',#1261,#662);
#682=PRODUCT_DEFINITION_SHAPE('','',#684);
#1262=SHAPE_DEFINITION_REPRESENTATION(#682,#675);
#674=DRAUGHTING_MODEL('',(),#673);
#1263=(NAMED_UNIT(*)PLANE_ANGLE_UNIT()SI_UNIT($,.RADIAN.));
#1264=PLANE_ANGLE_MEASURE_WITH_UNIT(PLANE_ANGLE_MEASURE(0.0174532925),#1263);
#1265=(CONVERSION_BASED_UNIT('DEGREE',#1264)NAMED_UNIT(#1266)PLANE_ANGLE_UNIT());
#1266=DIMENSIONAL_EXPONENTS(0.,0.,0.,0.,0.,0.,0.);
#1267=(NAMED_UNIT(*)SI_UNIT($,.STERADIAN.)SOLID_ANGLE_UNIT());
#1268=(LENGTH_UNIT()NAMED_UNIT(*)SI_UNIT(.MILLI.,.METRE.));
#1269=UNCERTAINTY_MEASURE_WITH_UNIT(LENGTH_MEASURE(1.000000E-05),#1268,'DISTANCE_ACCURACY_VALUE','Maximum Tolerance applied to model');
#1270=(GEOMETRIC_REPRESENTATION_CONTEXT(3)GLOBAL_UNCERTAINTY_ASSIGNED_CONTEXT((#1269))GLOBAL_UNIT_ASSIGNED_CONTEXT((#1268,#1265,#1267))REPRESENTATION_CONTEXT('','ELP-USBFHD01M-L21'));
#1282=CARTESIAN_POINT('',(0.,0.,0.));
#1283=DIRECTION('',(0.,0.,1.));
#1284=DIRECTION('',(1.,0.,-0.));
#1285=AXIS2_PLACEMENT_3D('',#1282,#1283,#1284);
#1286=ITEM_DEFINED_TRANSFORMATION('','',#1285,#15);
#1287=(REPRESENTATION_RELATIONSHIP('','',#1272,#35)REPRESENTATION_RELATIONSHIP_WITH_TRANSFORMATION(#1286)SHAPE_REPRESENTATION_RELATIONSHIP());
#1288=NEXT_ASSEMBLY_USAGE_OCCURRENCE('ELP-USBFHD01M-L21_4','ELP-USBFHD01M-L21','ELP-USBFHD01M-L21',#44,#1281,$);
#1289=PRODUCT_DEFINITION_SHAPE('','',#1288);
#1290=CONTEXT_DEPENDENT_SHAPE_REPRESENTATION(#1287,#1289);
#1292=CARTESIAN_POINT('',(-2.009400096,-8.309,-2.3502));
#1293=DIRECTION('',(1.,0.,-0.));
#1294=DIRECTION('',(0.,-1.,0.));
#1295=AXIS2_PLACEMENT_3D('',#1292,#1293,#1294);
#1296=PLANE('',#1295);
#1297=CARTESIAN_POINT('',(-2.009400096,-7.8264,-2.6296));
#1298=VERTEX_POINT('',#1297);
#1299=CARTESIAN_POINT('',(-2.009400096,-7.8264,-6.6428));
#1300=VERTEX_POINT('',#1299);
#1301=CARTESIAN_POINT('',(-2.009400096,-7.8264,-2.6296));
#1302=DIRECTION('',(-0.,-0.,-1.));
#1303=VECTOR('',#1302,4.0132);
#1304=LINE('',#1301,#1303);
#1305=EDGE_CURVE('',#1298,#1300,#1304,.T.);
#1306=ORIENTED_EDGE('',*,*,#1305,.F.);
#1307=CARTESIAN_POINT('',(-2.009400096,-8.309,-2.6296));
#1308=VERTEX_POINT('',#1307);
#1309=CARTESIAN_POINT('',(-2.009400096,-7.8264,-2.6296));
#1310=DIRECTION('',(0.,-1.,0.));
#1311=VECTOR('',#1310,0.4826);
#1312=LINE('',#1309,#1311);
#1313=EDGE_CURVE('',#1298,#1308,#1312,.T.);
#1314=ORIENTED_EDGE('',*,*,#1313,.T.);
#1315=CARTESIAN_POINT('',(-2.009400096,-8.309,-6.6428));
#1316=VERTEX_POINT('',#1315);
#1317=CARTESIAN_POINT('',(-2.009400096,-8.309,-2.6296));
#1318=DIRECTION('',(-0.,-0.,-1.));
#1319=VECTOR('',#1318,4.0132);
#1320=LINE('',#1317,#1319);
#1321=EDGE_CURVE('',#1308,#1316,#1320,.T.);
#1322=ORIENTED_EDGE('',*,*,#1321,.T.);
#1323=CARTESIAN_POINT('',(-2.009400096,-8.309,-6.6428));
#1324=DIRECTION('',(-0.,1.,-0.));
#1325=VECTOR('',#1324,0.4826);
#1326=LINE('',#1323,#1325);
#1327=EDGE_CURVE('',#1316,#1300,#1326,.T.);
#1328=ORIENTED_EDGE('',*,*,#1327,.T.);
#1329=EDGE_LOOP('',(#1306,#1314,#1322,#1328));
#1330=FACE_BOUND('',#1329,.T.);
#1331=ADVANCED_FACE('',(#1330),#1296,.T.);
#1332=DRAUGHTING_PRE_DEFINED_COLOUR('white');
#1333=FILL_AREA_STYLE_COLOUR('',#1332);
#1334=FILL_AREA_STYLE('',(#1333));
#1335=SURFACE_STYLE_FILL_AREA(#1334);
#1336=SURFACE_SIDE_STYLE('',(#1335));
#1337=SURFACE_STYLE_USAGE(.BOTH.,#1336);
#1338=PRESENTATION_STYLE_ASSIGNMENT((#1337));
#1339=OVER_RIDING_STYLED_ITEM('',(#1338),#1331,#1291);
#1340=CARTESIAN_POINT('',(2.009400096,-8.309,-6.6428));
#1341=DIRECTION('',(-1.,-0.,0.));
#1342=DIRECTION('',(-0.,-0.,-1.));
#1343=AXIS2_PLACEMENT_3D('',#1340,#1341,#1342);
#1344=PLANE('',#1343);
#1345=CARTESIAN_POINT('',(2.009400096,-8.309,-6.6428));
#1346=VERTEX_POINT('',#1345);
#1347=CARTESIAN_POINT('',(2.009400096,-8.309,-2.6296));
#1348=VERTEX_POINT('',#1347);
#1349=CARTESIAN_POINT('',(2.009400096,-8.309,-6.6428));
#1350=DIRECTION('',(0.,0.,1.));
#1351=VECTOR('',#1350,4.0132);
#1352=LINE('',#1349,#1351);
#1353=EDGE_CURVE('',#1346,#1348,#1352,.T.);
#1354=ORIENTED_EDGE('',*,*,#1353,.T.);
#1355=CARTESIAN_POINT('',(2.009400096,-7.8264,-2.6296));
#1356=VERTEX_POINT('',#1355);
#1357=CARTESIAN_POINT('',(2.009400096,-8.309,-2.6296));
#1358=DIRECTION('',(-0.,1.,-0.));
#1359=VECTOR('',#1358,0.4826);
#1360=LINE('',#1357,#1359);
#1361=EDGE_CURVE('',#1348,#1356,#1360,.T.);
#1362=ORIENTED_EDGE('',*,*,#1361,.T.);
#1363=CARTESIAN_POINT('',(2.009400096,-7.8264,-6.6428));
#1364=VERTEX_POINT('',#1363);
#1365=CARTESIAN_POINT('',(2.009400096,-7.8264,-6.6428));
#1366=DIRECTION('',(0.,0.,1.));
#1367=VECTOR('',#1366,4.0132);
#1368=LINE('',#1365,#1367);
#1369=EDGE_CURVE('',#1364,#1356,#1368,.T.);
#1370=ORIENTED_EDGE('',*,*,#1369,.F.);
#1371=CARTESIAN_POINT('',(2.009400096,-8.309,-6.6428));
#1372=DIRECTION('',(-0.,1.,-0.));
#1373=VECTOR('',#1372,0.4826);
#1374=LINE('',#1371,#1373);
#1375=EDGE_CURVE('',#1346,#1364,#1374,.T.);
#1376=ORIENTED_EDGE('',*,*,#1375,.F.);
#1377=EDGE_LOOP('',(#1354,#1362,#1370,#1376));
#1378=FACE_BOUND('',#1377,.T.);
#1379=ADVANCED_FACE('',(#1378),#1344,.T.);
#1380=OVER_RIDING_STYLED_ITEM('',(#1338),#1379,#1291);
#1381=CARTESIAN_POINT('',(-0.,-9.5264,-6.6428));
#1382=DIRECTION('',(0.,0.,1.));
#1383=DIRECTION('',(-0.,1.,-0.));
#1384=AXIS2_PLACEMENT_3D('',#1381,#1382,#1383);
#1385=PLANE('',#1384);
#1386=ORIENTED_EDGE('',*,*,#1327,.F.);
#1387=CARTESIAN_POINT('',(-4.447800096,-8.309,-6.6428));
#1388=VERTEX_POINT('',#1387);
#1389=CARTESIAN_POINT('',(-2.009400096,-8.309,-6.6428));
#1390=DIRECTION('',(-1.,-0.,0.));
#1391=VECTOR('',#1390,2.4384);
#1392=LINE('',#1389,#1391);
#1393=EDGE_CURVE('',#1316,#1388,#1392,.T.);
#1394=ORIENTED_EDGE('',*,*,#1393,.T.);
#1395=CARTESIAN_POINT('',(-4.447800096,-8.9694,-6.6428));
#1396=VERTEX_POINT('',#1395);
#1397=CARTESIAN_POINT('',(-4.447800096,-8.309,-6.6428));
#1398=DIRECTION('',(0.,-1.,0.));
#1399=VECTOR('',#1398,0.6604);
#1400=LINE('',#1397,#1399);
#1401=EDGE_CURVE('',#1388,#1396,#1400,.T.);
#1402=ORIENTED_EDGE('',*,*,#1401,.T.);
#1403=CARTESIAN_POINT('',(-4.930400096,-8.9694,-6.6428));
#1404=VERTEX_POINT('',#1403);
#1405=CARTESIAN_POINT('',(-4.447800096,-8.9694,-6.6428));
#1406=DIRECTION('',(-1.,-0.,0.));
#1407=VECTOR('',#1406,0.4826);
#1408=LINE('',#1405,#1407);
#1409=EDGE_CURVE('',#1396,#1404,#1408,.T.);
#1410=ORIENTED_EDGE('',*,*,#1409,.T.);
#1411=CARTESIAN_POINT('',(-4.930400096,-7.8264,-6.6428));
#1412=VERTEX_POINT('',#1411);
#1413=CARTESIAN_POINT('',(-4.930400096,-7.8264,-6.6428));
#1414=DIRECTION('',(0.,-1.,0.));
#1415=VECTOR('',#1414,1.143);
#1416=LINE('',#1413,#1415);
#1417=EDGE_CURVE('',#1412,#1404,#1416,.T.);
#1418=ORIENTED_EDGE('',*,*,#1417,.F.);
#1419=CARTESIAN_POINT('',(-2.009400096,-7.8264,-6.6428));
#1420=DIRECTION('',(-1.,-0.,0.));
#1421=VECTOR('',#1420,2.921);
#1422=LINE('',#1419,#1421);
#1423=EDGE_CURVE('',#1300,#1412,#1422,.T.);
#1424=ORIENTED_EDGE('',*,*,#1423,.F.);
#1425=EDGE_LOOP('',(#1386,#1394,#1402,#1410,#1418,#1424));
#1426=FACE_BOUND('',#1425,.T.);
#1427=ADVANCED_FACE('',(#1426),#1385,.F.);
#1428=OVER_RIDING_STYLED_ITEM('',(#1338),#1427,#1291);
#1429=CARTESIAN_POINT('',(-0.,-8.309,-0.75));
#1430=DIRECTION('',(-0.,1.,-0.));
#1431=DIRECTION('',(0.,0.,1.));
#1432=AXIS2_PLACEMENT_3D('',#1429,#1430,#1431);
#1433=PLANE('',#1432);
#1434=ORIENTED_EDGE('',*,*,#1321,.F.);
#1435=CARTESIAN_POINT('',(-3.825500096,-8.309,-2.6296));
#1436=VERTEX_POINT('',#1435);
#1437=CARTESIAN_POINT('',(-2.009400096,-8.309,-2.6296));
#1438=DIRECTION('',(-1.,-0.,0.));
#1439=VECTOR('',#1438,1.8161);
#1440=LINE('',#1437,#1439);
#1441=EDGE_CURVE('',#1308,#1436,#1440,.T.);
#1442=ORIENTED_EDGE('',*,*,#1441,.T.);
#1443=CARTESIAN_POINT('',(-3.825500096,-8.309,-5.1188));
#1444=VERTEX_POINT('',#1443);
#1445=CARTESIAN_POINT('',(-3.825500096,-8.309,-2.6296));
#1446=DIRECTION('',(-0.,-0.,-1.));
#1447=VECTOR('',#1446,2.4892);
#1448=LINE('',#1445,#1447);
#1449=EDGE_CURVE('',#1436,#1444,#1448,.T.);
#1450=ORIENTED_EDGE('',*,*,#1449,.T.);
#1451=CARTESIAN_POINT('',(-4.358900096,-8.309,-5.1188));
#1452=VERTEX_POINT('',#1451);
#1453=CARTESIAN_POINT('',(-3.825500096,-8.309,-5.1188));
#1454=DIRECTION('',(-1.,-0.,0.));
#1455=VECTOR('',#1454,0.5334);
#1456=LINE('',#1453,#1455);
#1457=EDGE_CURVE('',#1444,#1452,#1456,.T.);
#1458=ORIENTED_EDGE('',*,*,#1457,.T.);
#1459=CARTESIAN_POINT('',(-4.358900096,-8.309,-2.6296));
#1460=VERTEX_POINT('',#1459);
#1461=CARTESIAN_POINT('',(-4.358900096,-8.309,-5.1188));
#1462=DIRECTION('',(0.,0.,1.));
#1463=VECTOR('',#1462,2.4892);
#1464=LINE('',#1461,#1463);
#1465=EDGE_CURVE('',#1452,#1460,#1464,.T.);
#1466=ORIENTED_EDGE('',*,*,#1465,.T.);
#1467=CARTESIAN_POINT('',(-4.447800096,-8.309,-2.6296));
#1468=VERTEX_POINT('',#1467);
#1469=CARTESIAN_POINT('',(-4.358900096,-8.309,-2.6296));
#1470=DIRECTION('',(-1.,-0.,0.));
#1471=VECTOR('',#1470,0.0889);
#1472=LINE('',#1469,#1471);
#1473=EDGE_CURVE('',#1460,#1468,#1472,.T.);
#1474=ORIENTED_EDGE('',*,*,#1473,.T.);
#1475=CARTESIAN_POINT('',(-4.447800096,-8.309,-6.6428));
#1476=DIRECTION('',(0.,0.,1.));
#1477=VECTOR('',#1476,4.0132);
#1478=LINE('',#1475,#1477);
#1479=EDGE_CURVE('',#1388,#1468,#1478,.T.);
#1480=ORIENTED_EDGE('',*,*,#1479,.F.);
#1481=ORIENTED_EDGE('',*,*,#1393,.F.);
#1482=EDGE_LOOP('',(#1434,#1442,#1450,#1458,#1466,#1474,#1480,#1481));
#1483=FACE_BOUND('',#1482,.T.);
#1484=ADVANCED_FACE('',(#1483),#1433,.F.);
#1485=OVER_RIDING_STYLED_ITEM('',(#1338),#1484,#1291);
#1486=CARTESIAN_POINT('',(-0.,-8.309,-0.75));
#1487=DIRECTION('',(-0.,1.,-0.));
#1488=DIRECTION('',(0.,0.,1.));
#1489=AXIS2_PLACEMENT_3D('',#1486,#1487,#1488);
#1490=PLANE('',#1489);
#1491=ORIENTED_EDGE('',*,*,#1353,.F.);
#1492=CARTESIAN_POINT('',(4.447800096,-8.309,-6.6428));
#1493=VERTEX_POINT('',#1492);
#1494=CARTESIAN_POINT('',(4.447800096,-8.309,-6.6428));
#1495=DIRECTION('',(-1.,-0.,0.));
#1496=VECTOR('',#1495,2.4384);
#1497=LINE('',#1494,#1496);
#1498=EDGE_CURVE('',#1493,#1346,#1497,.T.);
#1499=ORIENTED_EDGE('',*,*,#1498,.F.);
#1500=CARTESIAN_POINT('',(4.447800096,-8.309,-2.6296));
#1501=VERTEX_POINT('',#1500);
#1502=CARTESIAN_POINT('',(4.447800096,-8.309,-6.6428));
#1503=DIRECTION('',(0.,0.,1.));
#1504=VECTOR('',#1503,4.0132);
#1505=LINE('',#1502,#1504);
#1506=EDGE_CURVE('',#1493,#1501,#1505,.T.);
#1507=ORIENTED_EDGE('',*,*,#1506,.T.);
#1508=CARTESIAN_POINT('',(4.358900096,-8.309,-2.6296));
#1509=VERTEX_POINT('',#1508);
#1510=CARTESIAN_POINT('',(4.447800096,-8.309,-2.6296));
#1511=DIRECTION('',(-1.,-0.,0.));
#1512=VECTOR('',#1511,0.0889);
#1513=LINE('',#1510,#1512);
#1514=EDGE_CURVE('',#1501,#1509,#1513,.T.);
#1515=ORIENTED_EDGE('',*,*,#1514,.T.);
#1516=CARTESIAN_POINT('',(4.358900096,-8.309,-5.1188));
#1517=VERTEX_POINT('',#1516);
#1518=CARTESIAN_POINT('',(4.358900096,-8.309,-2.6296));
#1519=DIRECTION('',(-0.,-0.,-1.));
#1520=VECTOR('',#1519,2.4892);
#1521=LINE('',#1518,#1520);
#1522=EDGE_CURVE('',#1509,#1517,#1521,.T.);
#1523=ORIENTED_EDGE('',*,*,#1522,.T.);
#1524=CARTESIAN_POINT('',(3.825500096,-8.309,-5.1188));
#1525=VERTEX_POINT('',#1524);
#1526=CARTESIAN_POINT('',(4.358900096,-8.309,-5.1188));
#1527=DIRECTION('',(-1.,-0.,0.));
#1528=VECTOR('',#1527,0.5334);
#1529=LINE('',#1526,#1528);
#1530=EDGE_CURVE('',#1517,#1525,#1529,.T.);
#1531=ORIENTED_EDGE('',*,*,#1530,.T.);
#1532=CARTESIAN_POINT('',(3.825500096,-8.309,-2.6296));
#1533=VERTEX_POINT('',#1532);
#1534=CARTESIAN_POINT('',(3.825500096,-8.309,-5.1188));
#1535=DIRECTION('',(0.,0.,1.));
#1536=VECTOR('',#1535,2.4892);
#1537=LINE('',#1534,#1536);
#1538=EDGE_CURVE('',#1525,#1533,#1537,.T.);
#1539=ORIENTED_EDGE('',*,*,#1538,.T.);
#1540=CARTESIAN_POINT('',(3.825500096,-8.309,-2.6296));
#1541=DIRECTION('',(-1.,-0.,0.));
#1542=VECTOR('',#1541,1.8161);
#1543=LINE('',#1540,#1542);
#1544=EDGE_CURVE('',#1533,#1348,#1543,.T.);
#1545=ORIENTED_EDGE('',*,*,#1544,.T.);
#1546=EDGE_LOOP('',(#1491,#1499,#1507,#1515,#1523,#1531,#1539,#1545));
#1547=FACE_BOUND('',#1546,.T.);
#1548=ADVANCED_FACE('',(#1547),#1490,.F.);
#1549=OVER_RIDING_STYLED_ITEM('',(#1338),#1548,#1291);
#1550=CARTESIAN_POINT('',(4.930400096,-7.8264,-2.6296));
#1551=DIRECTION('',(-0.,1.,-0.));
#1552=DIRECTION('',(0.,0.,1.));
#1553=AXIS2_PLACEMENT_3D('',#1550,#1551,#1552);
#1554=PLANE('',#1553);
#1555=CARTESIAN_POINT('',(2.009400096,-7.8264,-2.6296));
#1556=DIRECTION('',(-1.,-0.,0.));
#1557=VECTOR('',#1556,4.018800192);
#1558=LINE('',#1555,#1557);
#1559=EDGE_CURVE('',#1356,#1298,#1558,.T.);
#1560=ORIENTED_EDGE('',*,*,#1559,.T.);
#1561=ORIENTED_EDGE('',*,*,#1305,.T.);
#1562=ORIENTED_EDGE('',*,*,#1423,.T.);
#1563=CARTESIAN_POINT('',(-4.930400096,-7.8264,-0.75));
#1564=VERTEX_POINT('',#1563);
#1565=CARTESIAN_POINT('',(-4.930400096,-7.8264,-6.6428));
#1566=DIRECTION('',(0.,0.,1.));
#1567=VECTOR('',#1566,5.8928);
#1568=LINE('',#1565,#1567);
#1569=EDGE_CURVE('',#1412,#1564,#1568,.T.);
#1570=ORIENTED_EDGE('',*,*,#1569,.T.);
#1571=CARTESIAN_POINT('',(-4.358900096,-7.8264,-0.75));
#1572=VERTEX_POINT('',#1571);
#1573=CARTESIAN_POINT('',(-4.358900096,-7.8264,-0.75));
#1574=DIRECTION('',(-1.,-0.,0.));
#1575=VECTOR('',#1574,0.5715);
#1576=LINE('',#1573,#1575);
#1577=EDGE_CURVE('',#1572,#1564,#1576,.T.);
#1578=ORIENTED_EDGE('',*,*,#1577,.F.);
#1579=CARTESIAN_POINT('',(-4.358900096,-7.8264,-5.1188));
#1580=VERTEX_POINT('',#1579);
#1581=CARTESIAN_POINT('',(-4.358900096,-7.8264,-5.1188));
#1582=DIRECTION('',(0.,0.,1.));
#1583=VECTOR('',#1582,4.3688);
#1584=LINE('',#1581,#1583);
#1585=EDGE_CURVE('',#1580,#1572,#1584,.T.);
#1586=ORIENTED_EDGE('',*,*,#1585,.F.);
#1587=CARTESIAN_POINT('',(-3.825500096,-7.8264,-5.1188));
#1588=VERTEX_POINT('',#1587);
#1589=CARTESIAN_POINT('',(-3.825500096,-7.8264,-5.1188));
#1590=DIRECTION('',(-1.,-0.,0.));
#1591=VECTOR('',#1590,0.5334);
#1592=LINE('',#1589,#1591);
#1593=EDGE_CURVE('',#1588,#1580,#1592,.T.);
#1594=ORIENTED_EDGE('',*,*,#1593,.F.);
#1595=CARTESIAN_POINT('',(-3.825500096,-7.8264,-1.3088));
#1596=VERTEX_POINT('',#1595);
#1597=CARTESIAN_POINT('',(-3.825500096,-7.8264,-1.3088));
#1598=DIRECTION('',(-0.,-0.,-1.));
#1599=VECTOR('',#1598,3.81);
#1600=LINE('',#1597,#1599);
#1601=EDGE_CURVE('',#1596,#1588,#1600,.T.);
#1602=ORIENTED_EDGE('',*,*,#1601,.F.);
#1603=CARTESIAN_POINT('',(-2.174500096,-7.8264,-1.3088));
#1604=VERTEX_POINT('',#1603);
#1605=CARTESIAN_POINT('',(-3.825500096,-7.8264,-1.3088));
#1606=DIRECTION('',(1.,0.,-0.));
#1607=VECTOR('',#1606,1.651);
#1608=LINE('',#1605,#1607);
#1609=EDGE_CURVE('',#1596,#1604,#1608,.T.);
#1610=ORIENTED_EDGE('',*,*,#1609,.T.);
#1611=CARTESIAN_POINT('',(-2.174500096,-7.8264,-0.75));
#1612=VERTEX_POINT('',#1611);
#1613=CARTESIAN_POINT('',(-2.174500096,-7.8264,-1.3088));
#1614=DIRECTION('',(0.,0.,1.));
#1615=VECTOR('',#1614,0.5588);
#1616=LINE('',#1613,#1615);
#1617=EDGE_CURVE('',#1604,#1612,#1616,.T.);
#1618=ORIENTED_EDGE('',*,*,#1617,.T.);
#1619=CARTESIAN_POINT('',(-1.825500032,-7.8264,-0.75));
#1620=VERTEX_POINT('',#1619);
#1621=CARTESIAN_POINT('',(-1.825500032,-7.8264,-0.75));
#1622=DIRECTION('',(-1.,-0.,0.));
#1623=VECTOR('',#1622,0.349000064);
#1624=LINE('',#1621,#1623);
#1625=EDGE_CURVE('',#1620,#1612,#1624,.T.);
#1626=ORIENTED_EDGE('',*,*,#1625,.F.);
#1627=CARTESIAN_POINT('',(-1.825500032,-7.8264,-1.3088));
#1628=VERTEX_POINT('',#1627);
#1629=CARTESIAN_POINT('',(-1.825500032,-7.8264,-1.3088));
#1630=DIRECTION('',(0.,0.,1.));
#1631=VECTOR('',#1630,0.5588);
#1632=LINE('',#1629,#1631);
#1633=EDGE_CURVE('',#1628,#1620,#1632,.T.);
#1634=ORIENTED_EDGE('',*,*,#1633,.F.);
#1635=CARTESIAN_POINT('',(-0.174500032,-7.8264,-1.3088));
#1636=VERTEX_POINT('',#1635);
#1637=CARTESIAN_POINT('',(-1.825500032,-7.8264,-1.3088));
#1638=DIRECTION('',(1.,0.,-0.));
#1639=VECTOR('',#1638,1.651);
#1640=LINE('',#1637,#1639);
#1641=EDGE_CURVE('',#1628,#1636,#1640,.T.);
#1642=ORIENTED_EDGE('',*,*,#1641,.T.);
#1643=CARTESIAN_POINT('',(-0.174500032,-7.8264,-0.75));
#1644=VERTEX_POINT('',#1643);
#1645=CARTESIAN_POINT('',(-0.174500032,-7.8264,-1.3088));
#1646=DIRECTION('',(0.,0.,1.));
#1647=VECTOR('',#1646,0.5588);
#1648=LINE('',#1645,#1647);
#1649=EDGE_CURVE('',#1636,#1644,#1648,.T.);
#1650=ORIENTED_EDGE('',*,*,#1649,.T.);
#1651=CARTESIAN_POINT('',(0.174500032,-7.8264,-0.75));
#1652=VERTEX_POINT('',#1651);
#1653=CARTESIAN_POINT('',(0.174500032,-7.8264,-0.75));
#1654=DIRECTION('',(-1.,-0.,0.));
#1655=VECTOR('',#1654,0.349000064);
#1656=LINE('',#1653,#1655);
#1657=EDGE_CURVE('',#1652,#1644,#1656,.T.);
#1658=ORIENTED_EDGE('',*,*,#1657,.F.);
#1659=CARTESIAN_POINT('',(0.174500032,-7.8264,-1.3088));
#1660=VERTEX_POINT('',#1659);
#1661=CARTESIAN_POINT('',(0.174500032,-7.8264,-1.3088));
#1662=DIRECTION('',(0.,0.,1.));
#1663=VECTOR('',#1662,0.5588);
#1664=LINE('',#1661,#1663);
#1665=EDGE_CURVE('',#1660,#1652,#1664,.T.);
#1666=ORIENTED_EDGE('',*,*,#1665,.F.);
#1667=CARTESIAN_POINT('',(1.825500032,-7.8264,-1.3088));
#1668=VERTEX_POINT('',#1667);
#1669=CARTESIAN_POINT('',(0.174500032,-7.8264,-1.3088));
#1670=DIRECTION('',(1.,0.,-0.));
#1671=VECTOR('',#1670,1.651);
#1672=LINE('',#1669,#1671);
#1673=EDGE_CURVE('',#1660,#1668,#1672,.T.);
#1674=ORIENTED_EDGE('',*,*,#1673,.T.);
#1675=CARTESIAN_POINT('',(1.825500032,-7.8264,-0.75));
#1676=VERTEX_POINT('',#1675);
#1677=CARTESIAN_POINT('',(1.825500032,-7.8264,-1.3088));
#1678=DIRECTION('',(0.,0.,1.));
#1679=VECTOR('',#1678,0.5588);
#1680=LINE('',#1677,#1679);
#1681=EDGE_CURVE('',#1668,#1676,#1680,.T.);
#1682=ORIENTED_EDGE('',*,*,#1681,.T.);
#1683=CARTESIAN_POINT('',(2.174500096,-7.8264,-0.75));
#1684=VERTEX_POINT('',#1683);
#1685=CARTESIAN_POINT('',(2.174500096,-7.8264,-0.75));
#1686=DIRECTION('',(-1.,-0.,0.));
#1687=VECTOR('',#1686,0.349000064);
#1688=LINE('',#1685,#1687);
#1689=EDGE_CURVE('',#1684,#1676,#1688,.T.);
#1690=ORIENTED_EDGE('',*,*,#1689,.F.);
#1691=CARTESIAN_POINT('',(2.174500096,-7.8264,-1.3088));
#1692=VERTEX_POINT('',#1691);
#1693=CARTESIAN_POINT('',(2.174500096,-7.8264,-1.3088));
#1694=DIRECTION('',(0.,0.,1.));
#1695=VECTOR('',#1694,0.5588);
#1696=LINE('',#1693,#1695);
#1697=EDGE_CURVE('',#1692,#1684,#1696,.T.);
#1698=ORIENTED_EDGE('',*,*,#1697,.F.);
#1699=CARTESIAN_POINT('',(3.825500096,-7.8264,-1.3088));
#1700=VERTEX_POINT('',#1699);
#1701=CARTESIAN_POINT('',(2.174500096,-7.8264,-1.3088));
#1702=DIRECTION('',(1.,0.,-0.));
#1703=VECTOR('',#1702,1.651);
#1704=LINE('',#1701,#1703);
#1705=EDGE_CURVE('',#1692,#1700,#1704,.T.);
#1706=ORIENTED_EDGE('',*,*,#1705,.T.);
#1707=CARTESIAN_POINT('',(3.825500096,-7.8264,-5.1188));
#1708=VERTEX_POINT('',#1707);
#1709=CARTESIAN_POINT('',(3.825500096,-7.8264,-5.1188));
#1710=DIRECTION('',(0.,0.,1.));
#1711=VECTOR('',#1710,3.81);
#1712=LINE('',#1709,#1711);
#1713=EDGE_CURVE('',#1708,#1700,#1712,.T.);
#1714=ORIENTED_EDGE('',*,*,#1713,.F.);
#1715=CARTESIAN_POINT('',(4.358900096,-7.8264,-5.1188));
#1716=VERTEX_POINT('',#1715);
#1717=CARTESIAN_POINT('',(4.358900096,-7.8264,-5.1188));
#1718=DIRECTION('',(-1.,-0.,0.));
#1719=VECTOR('',#1718,0.5334);
#1720=LINE('',#1717,#1719);
#1721=EDGE_CURVE('',#1716,#1708,#1720,.T.);
#1722=ORIENTED_EDGE('',*,*,#1721,.F.);
#1723=CARTESIAN_POINT('',(4.358900096,-7.8264,-0.75));
#1724=VERTEX_POINT('',#1723);
#1725=CARTESIAN_POINT('',(4.358900096,-7.8264,-0.75));
#1726=DIRECTION('',(-0.,-0.,-1.));
#1727=VECTOR('',#1726,4.3688);
#1728=LINE('',#1725,#1727);
#1729=EDGE_CURVE('',#1724,#1716,#1728,.T.);
#1730=ORIENTED_EDGE('',*,*,#1729,.F.);
#1731=CARTESIAN_POINT('',(4.930400096,-7.8264,-0.75));
#1732=VERTEX_POINT('',#1731);
#1733=CARTESIAN_POINT('',(4.930400096,-7.8264,-0.75));
#1734=DIRECTION('',(-1.,-0.,0.));
#1735=VECTOR('',#1734,0.5715);
#1736=LINE('',#1733,#1735);
#1737=EDGE_CURVE('',#1732,#1724,#1736,.T.);
#1738=ORIENTED_EDGE('',*,*,#1737,.F.);
#1739=CARTESIAN_POINT('',(4.930400096,-7.8264,-6.6428));
#1740=VERTEX_POINT('',#1739);
#1741=CARTESIAN_POINT('',(4.930400096,-7.8264,-6.6428));
#1742=DIRECTION('',(0.,0.,1.));
#1743=VECTOR('',#1742,5.8928);
#1744=LINE('',#1741,#1743);
#1745=EDGE_CURVE('',#1740,#1732,#1744,.T.);
#1746=ORIENTED_EDGE('',*,*,#1745,.F.);
#1747=CARTESIAN_POINT('',(4.930400096,-7.8264,-6.6428));
#1748=DIRECTION('',(-1.,-0.,0.));
#1749=VECTOR('',#1748,2.921);
#1750=LINE('',#1747,#1749);
#1751=EDGE_CURVE('',#1740,#1364,#1750,.T.);
#1752=ORIENTED_EDGE('',*,*,#1751,.T.);
#1753=ORIENTED_EDGE('',*,*,#1369,.T.);
#1754=EDGE_LOOP('',(#1560,#1561,#1562,#1570,#1578,#1586,#1594,#1602,#1610,#1618,#1626,#1634,#1642,#1650,#1658,#1666,#1674,#1682,#1690,#1698,#1706,#1714,#1722,#1730,#1738,#1746,
#1752,#1753));
#1755=FACE_BOUND('',#1754,.T.);
#1756=ADVANCED_FACE('',(#1755),#1554,.T.);
#1757=OVER_RIDING_STYLED_ITEM('',(#1338),#1756,#1291);
#1758=CARTESIAN_POINT('',(-0.,-9.5264,-6.6428));
#1759=DIRECTION('',(0.,0.,1.));
#1760=DIRECTION('',(-0.,1.,-0.));
#1761=AXIS2_PLACEMENT_3D('',#1758,#1759,#1760);
#1762=PLANE('',#1761);
#1763=ORIENTED_EDGE('',*,*,#1498,.T.);
#1764=ORIENTED_EDGE('',*,*,#1375,.T.);
#1765=ORIENTED_EDGE('',*,*,#1751,.F.);
#1766=CARTESIAN_POINT('',(4.930400096,-8.9694,-6.6428));
#1767=VERTEX_POINT('',#1766);
#1768=CARTESIAN_POINT('',(4.930400096,-8.9694,-6.6428));
#1769=DIRECTION('',(-0.,1.,-0.));
#1770=VECTOR('',#1769,1.143);
#1771=LINE('',#1768,#1770);
#1772=EDGE_CURVE('',#1767,#1740,#1771,.T.);
#1773=ORIENTED_EDGE('',*,*,#1772,.F.);
#1774=CARTESIAN_POINT('',(4.447800096,-8.9694,-6.6428));
#1775=VERTEX_POINT('',#1774);
#1776=CARTESIAN_POINT('',(4.447800096,-8.9694,-6.6428));
#1777=DIRECTION('',(1.,0.,-0.));
#1778=VECTOR('',#1777,0.4826);
#1779=LINE('',#1776,#1778);
#1780=EDGE_CURVE('',#1775,#1767,#1779,.T.);
#1781=ORIENTED_EDGE('',*,*,#1780,.F.);
#1782=CARTESIAN_POINT('',(4.447800096,-8.9694,-6.6428));
#1783=DIRECTION('',(-0.,1.,-0.));
#1784=VECTOR('',#1783,0.6604);
#1785=LINE('',#1782,#1784);
#1786=EDGE_CURVE('',#1775,#1493,#1785,.T.);
#1787=ORIENTED_EDGE('',*,*,#1786,.T.);
#1788=EDGE_LOOP('',(#1763,#1764,#1765,#1773,#1781,#1787));
#1789=FACE_BOUND('',#1788,.T.);
#1790=ADVANCED_FACE('',(#1789),#1762,.F.);
#1791=OVER_RIDING_STYLED_ITEM('',(#1338),#1790,#1291);
#1792=CARTESIAN_POINT('',(4.930400096,-12.5,-2.6296));
#1793=DIRECTION('',(1.,0.,-0.));
#1794=DIRECTION('',(0.,-1.,0.));
#1795=AXIS2_PLACEMENT_3D('',#1792,#1793,#1794);
#1796=PLANE('',#1795);
#1797=CARTESIAN_POINT('',(4.930400096,-10.2394,-4.4584));
#1798=VERTEX_POINT('',#1797);
#1799=CARTESIAN_POINT('',(4.930400096,-8.9694,-4.4584));
#1800=VERTEX_POINT('',#1799);
#1801=CARTESIAN_POINT('',(4.930400096,-10.2394,-4.4584));
#1802=DIRECTION('',(-0.,1.,-0.));
#1803=VECTOR('',#1802,1.27);
#1804=LINE('',#1801,#1803);
#1805=EDGE_CURVE('',#1798,#1800,#1804,.T.);
#1806=ORIENTED_EDGE('',*,*,#1805,.T.);
#1807=CARTESIAN_POINT('',(4.930400096,-8.9694,-4.4584));
#1808=DIRECTION('',(-0.,-0.,-1.));
#1809=VECTOR('',#1808,2.1844);
#1810=LINE('',#1807,#1809);
#1811=EDGE_CURVE('',#1800,#1767,#1810,.T.);
#1812=ORIENTED_EDGE('',*,*,#1811,.T.);
#1813=ORIENTED_EDGE('',*,*,#1772,.T.);
#1814=ORIENTED_EDGE('',*,*,#1745,.T.);
#1815=CARTESIAN_POINT('',(4.930400096,-12.5,-0.75));
#1816=VERTEX_POINT('',#1815);
#1817=CARTESIAN_POINT('',(4.930400096,-12.5,-0.75));
#1818=DIRECTION('',(-0.,1.,-0.));
#1819=VECTOR('',#1818,4.6736);
#1820=LINE('',#1817,#1819);
#1821=EDGE_CURVE('',#1816,#1732,#1820,.T.);
#1822=ORIENTED_EDGE('',*,*,#1821,.F.);
#1823=CARTESIAN_POINT('',(4.930400096,-12.5,-6.6428));
#1824=VERTEX_POINT('',#1823);
#1825=CARTESIAN_POINT('',(4.930400096,-12.5,-6.6428));
#1826=DIRECTION('',(0.,0.,1.));
#1827=VECTOR('',#1826,5.8928);
#1828=LINE('',#1825,#1827);
#1829=EDGE_CURVE('',#1824,#1816,#1828,.T.);
#1830=ORIENTED_EDGE('',*,*,#1829,.F.);
#1831=CARTESIAN_POINT('',(4.930400096,-10.2394,-6.6428));
#1832=VERTEX_POINT('',#1831);
#1833=CARTESIAN_POINT('',(4.930400096,-12.5,-6.6428));
#1834=DIRECTION('',(-0.,1.,-0.));
#1835=VECTOR('',#1834,2.2606);
#1836=LINE('',#1833,#1835);
#1837=EDGE_CURVE('',#1824,#1832,#1836,.T.);
#1838=ORIENTED_EDGE('',*,*,#1837,.T.);
#1839=CARTESIAN_POINT('',(4.930400096,-10.2394,-6.6428));
#1840=DIRECTION('',(0.,0.,1.));
#1841=VECTOR('',#1840,2.1844);
#1842=LINE('',#1839,#1841);
#1843=EDGE_CURVE('',#1832,#1798,#1842,.T.);
#1844=ORIENTED_EDGE('',*,*,#1843,.T.);
#1845=EDGE_LOOP('',(#1806,#1812,#1813,#1814,#1822,#1830,#1838,#1844));
#1846=FACE_BOUND('',#1845,.T.);
#1847=ADVANCED_FACE('',(#1846),#1796,.T.);
#1848=OVER_RIDING_STYLED_ITEM('',(#1338),#1847,#1291);
#1849=CARTESIAN_POINT('',(4.447800096,-12.0174,-6.6428));
#1850=DIRECTION('',(1.,0.,-0.));
#1851=DIRECTION('',(0.,-1.,0.));
#1852=AXIS2_PLACEMENT_3D('',#1849,#1850,#1851);
#1853=PLANE('',#1852);
#1854=CARTESIAN_POINT('',(4.447800096,-8.9694,-4.4584));
#1855=VERTEX_POINT('',#1854);
#1856=CARTESIAN_POINT('',(4.447800096,-8.9694,-4.4584));
#1857=DIRECTION('',(-0.,-0.,-1.));
#1858=VECTOR('',#1857,2.1844);
#1859=LINE('',#1856,#1858);
#1860=EDGE_CURVE('',#1855,#1775,#1859,.T.);
#1861=ORIENTED_EDGE('',*,*,#1860,.F.);
#1862=CARTESIAN_POINT('',(4.447800096,-10.2394,-4.4584));
#1863=VERTEX_POINT('',#1862);
#1864=CARTESIAN_POINT('',(4.447800096,-10.2394,-4.4584));
#1865=DIRECTION('',(-0.,1.,-0.));
#1866=VECTOR('',#1865,1.27);
#1867=LINE('',#1864,#1866);
#1868=EDGE_CURVE('',#1863,#1855,#1867,.T.);
#1869=ORIENTED_EDGE('',*,*,#1868,.F.);
#1870=CARTESIAN_POINT('',(4.447800096,-10.2394,-6.6428));
#1871=VERTEX_POINT('',#1870);
#1872=CARTESIAN_POINT('',(4.447800096,-10.2394,-6.6428));
#1873=DIRECTION('',(0.,0.,1.));
#1874=VECTOR('',#1873,2.1844);
#1875=LINE('',#1872,#1874);
#1876=EDGE_CURVE('',#1871,#1863,#1875,.T.);
#1877=ORIENTED_EDGE('',*,*,#1876,.F.);
#1878=CARTESIAN_POINT('',(4.447800096,-12.0174,-6.6428));
#1879=VERTEX_POINT('',#1878);
#1880=CARTESIAN_POINT('',(4.447800096,-12.0174,-6.6428));
#1881=DIRECTION('',(-0.,1.,-0.));
#1882=VECTOR('',#1881,1.778);
#1883=LINE('',#1880,#1882);
#1884=EDGE_CURVE('',#1879,#1871,#1883,.T.);
#1885=ORIENTED_EDGE('',*,*,#1884,.F.);
#1886=CARTESIAN_POINT('',(4.447800096,-12.0174,-2.6296));
#1887=VERTEX_POINT('',#1886);
#1888=CARTESIAN_POINT('',(4.447800096,-12.0174,-6.6428));
#1889=DIRECTION('',(0.,0.,1.));
#1890=VECTOR('',#1889,4.0132);
#1891=LINE('',#1888,#1890);
#1892=EDGE_CURVE('',#1879,#1887,#1891,.T.);
#1893=ORIENTED_EDGE('',*,*,#1892,.T.);
#1894=CARTESIAN_POINT('',(4.447800096,-12.0174,-2.6296));
#1895=DIRECTION('',(-0.,1.,-0.));
#1896=VECTOR('',#1895,3.7084);
#1897=LINE('',#1894,#1896);
#1898=EDGE_CURVE('',#1887,#1501,#1897,.T.);
#1899=ORIENTED_EDGE('',*,*,#1898,.T.);
#1900=ORIENTED_EDGE('',*,*,#1506,.F.);
#1901=ORIENTED_EDGE('',*,*,#1786,.F.);
#1902=EDGE_LOOP('',(#1861,#1869,#1877,#1885,#1893,#1899,#1900,#1901));
#1903=FACE_BOUND('',#1902,.T.);
#1904=ADVANCED_FACE('',(#1903),#1853,.F.);
#1905=OVER_RIDING_STYLED_ITEM('',(#1338),#1904,#1291);
#1906=CARTESIAN_POINT('',(-0.,-9.5264,-0.75));
#1907=DIRECTION('',(0.,0.,1.));
#1908=DIRECTION('',(-0.,1.,-0.));
#1909=AXIS2_PLACEMENT_3D('',#1906,#1907,#1908);
#1910=PLANE('',#1909);
#1911=CARTESIAN_POINT('',(-4.358900096,-8.309,-0.75));
#1912=VERTEX_POINT('',#1911);
#1913=CARTESIAN_POINT('',(-3.825500096,-8.309,-0.75));
#1914=VERTEX_POINT('',#1913);
#1915=CARTESIAN_POINT('',(-4.358900096,-8.309,-0.75));
#1916=DIRECTION('',(1.,0.,-0.));
#1917=VECTOR('',#1916,0.5334);
#1918=LINE('',#1915,#1917);
#1919=EDGE_CURVE('',#1912,#1914,#1918,.T.);
#1920=ORIENTED_EDGE('',*,*,#1919,.F.);
#1921=CARTESIAN_POINT('',(-4.358900096,-8.309,-0.75));
#1922=DIRECTION('',(-0.,1.,-0.));
#1923=VECTOR('',#1922,0.4826);
#1924=LINE('',#1921,#1923);
#1925=EDGE_CURVE('',#1912,#1572,#1924,.T.);
#1926=ORIENTED_EDGE('',*,*,#1925,.T.);
#1927=ORIENTED_EDGE('',*,*,#1577,.T.);
#1928=CARTESIAN_POINT('',(-4.930400096,-12.5,-0.75));
#1929=VERTEX_POINT('',#1928);
#1930=CARTESIAN_POINT('',(-4.930400096,-7.8264,-0.75));
#1931=DIRECTION('',(0.,-1.,0.));
#1932=VECTOR('',#1931,4.6736);
#1933=LINE('',#1930,#1932);
#1934=EDGE_CURVE('',#1564,#1929,#1933,.T.);
#1935=ORIENTED_EDGE('',*,*,#1934,.T.);
#1936=CARTESIAN_POINT('',(-3.825500096,-12.5,-0.75));
#1937=VERTEX_POINT('',#1936);
#1938=CARTESIAN_POINT('',(-4.930400096,-12.5,-0.75));
#1939=DIRECTION('',(1.,0.,-0.));
#1940=VECTOR('',#1939,1.1049);
#1941=LINE('',#1938,#1940);
#1942=EDGE_CURVE('',#1929,#1937,#1941,.T.);
#1943=ORIENTED_EDGE('',*,*,#1942,.T.);
#1944=CARTESIAN_POINT('',(-3.825500096,-9.7764,-0.75));
#1945=VERTEX_POINT('',#1944);
#1946=CARTESIAN_POINT('',(-3.825500096,-12.5,-0.75));
#1947=DIRECTION('',(-0.,1.,-0.));
#1948=VECTOR('',#1947,2.7236);
#1949=LINE('',#1946,#1948);
#1950=EDGE_CURVE('',#1937,#1945,#1949,.T.);
#1951=ORIENTED_EDGE('',*,*,#1950,.T.);
#1952=CARTESIAN_POINT('',(-3.250000096,-9.7764,-0.75));
#1953=VERTEX_POINT('',#1952);
#1954=CARTESIAN_POINT('',(-3.825500096,-9.7764,-0.75));
#1955=DIRECTION('',(1.,0.,-0.));
#1956=VECTOR('',#1955,0.5755);
#1957=LINE('',#1954,#1956);
#1958=EDGE_CURVE('',#1945,#1953,#1957,.T.);
#1959=ORIENTED_EDGE('',*,*,#1958,.T.);
#1960=CARTESIAN_POINT('',(-3.250000096,-9.2764,-0.75));
#1961=VERTEX_POINT('',#1960);
#1962=CARTESIAN_POINT('',(-3.250000096,-9.7764,-0.75));
#1963=DIRECTION('',(-0.,1.,-0.));
#1964=VECTOR('',#1963,0.5);
#1965=LINE('',#1962,#1964);
#1966=EDGE_CURVE('',#1953,#1961,#1965,.T.);
#1967=ORIENTED_EDGE('',*,*,#1966,.T.);
#1968=CARTESIAN_POINT('',(-3.825500096,-9.2764,-0.75));
#1969=VERTEX_POINT('',#1968);
#1970=CARTESIAN_POINT('',(-3.825500096,-9.2764,-0.75));
#1971=DIRECTION('',(1.,0.,-0.));
#1972=VECTOR('',#1971,0.5755);
#1973=LINE('',#1970,#1972);
#1974=EDGE_CURVE('',#1969,#1961,#1973,.T.);
#1975=ORIENTED_EDGE('',*,*,#1974,.F.);
#1976=CARTESIAN_POINT('',(-3.825500096,-9.2764,-0.75));
#1977=DIRECTION('',(-0.,1.,-0.));
#1978=VECTOR('',#1977,0.9674);
#1979=LINE('',#1976,#1978);
#1980=EDGE_CURVE('',#1969,#1914,#1979,.T.);
#1981=ORIENTED_EDGE('',*,*,#1980,.T.);
#1982=EDGE_LOOP('',(#1920,#1926,#1927,#1935,#1943,#1951,#1959,#1967,#1975,#1981));
#1983=FACE_BOUND('',#1982,.T.);
#1984=ADVANCED_FACE('',(#1983),#1910,.T.);
#1985=OVER_RIDING_STYLED_ITEM('',(#1338),#1984,#1291);
#1986=CARTESIAN_POINT('',(3.825500096,-8.309,-5.1188));
#1987=DIRECTION('',(-1.,-0.,0.));
#1988=DIRECTION('',(-0.,-0.,-1.));
#1989=AXIS2_PLACEMENT_3D('',#1986,#1987,#1988);
#1990=PLANE('',#1989);
#1991=CARTESIAN_POINT('',(3.825500096,-9.7764,-0.75));
#1992=VERTEX_POINT('',#1991);
#1993=CARTESIAN_POINT('',(3.825500096,-12.5,-1.3088));
#1994=VERTEX_POINT('',#1993);
#1995=CARTESIAN_POINT('',(3.825500096,-9.7764,-0.75));
#1996=DIRECTION('',(0.,-0.979594712,-0.200983083));
#1997=VECTOR('',#1996,2.780333505);
#1998=LINE('',#1995,#1997);
#1999=EDGE_CURVE('',#1992,#1994,#1998,.T.);
#2000=ORIENTED_EDGE('',*,*,#1999,.T.);
#2001=CARTESIAN_POINT('',(3.825500096,-12.5,-0.75));
#2002=VERTEX_POINT('',#2001);
#2003=CARTESIAN_POINT('',(3.825500096,-12.5,-1.3088));
#2004=DIRECTION('',(0.,0.,1.));
#2005=VECTOR('',#2004,0.5588);
#2006=LINE('',#2003,#2005);
#2007=EDGE_CURVE('',#1994,#2002,#2006,.T.);
#2008=ORIENTED_EDGE('',*,*,#2007,.T.);
#2009=CARTESIAN_POINT('',(3.825500096,-9.7764,-0.75));
#2010=DIRECTION('',(0.,-1.,0.));
#2011=VECTOR('',#2010,2.7236);
#2012=LINE('',#2009,#2011);
#2013=EDGE_CURVE('',#1992,#2002,#2012,.T.);
#2014=ORIENTED_EDGE('',*,*,#2013,.F.);
#2015=EDGE_LOOP('',(#2000,#2008,#2014));
#2016=FACE_BOUND('',#2015,.T.);
#2017=ADVANCED_FACE('',(#2016),#1990,.T.);
#2018=OVER_RIDING_STYLED_ITEM('',(#1338),#2017,#1291);
#2019=CARTESIAN_POINT('',(2.174500096,-12.5,-1.3088));
#2020=DIRECTION('',(1.,0.,-0.));
#2021=DIRECTION('',(0.,-1.,0.));
#2022=AXIS2_PLACEMENT_3D('',#2019,#2020,#2021);
#2023=PLANE('',#2022);
#2024=CARTESIAN_POINT('',(2.174500096,-9.7764,-0.75));
#2025=VERTEX_POINT('',#2024);
#2026=CARTESIAN_POINT('',(2.174500096,-12.5,-1.3088));
#2027=VERTEX_POINT('',#2026);
#2028=CARTESIAN_POINT('',(2.174500096,-9.7764,-0.75));
#2029=DIRECTION('',(0.,-0.979594712,-0.200983083));
#2030=VECTOR('',#2029,2.780333505);
#2031=LINE('',#2028,#2030);
#2032=EDGE_CURVE('',#2025,#2027,#2031,.T.);
#2033=ORIENTED_EDGE('',*,*,#2032,.F.);
#2034=CARTESIAN_POINT('',(2.174500096,-12.5,-0.75));
#2035=VERTEX_POINT('',#2034);
#2036=CARTESIAN_POINT('',(2.174500096,-12.5,-0.75));
#2037=DIRECTION('',(-0.,1.,-0.));
#2038=VECTOR('',#2037,2.7236);
#2039=LINE('',#2036,#2038);
#2040=EDGE_CURVE('',#2035,#2025,#2039,.T.);
#2041=ORIENTED_EDGE('',*,*,#2040,.F.);
#2042=CARTESIAN_POINT('',(2.174500096,-12.5,-1.3088));
#2043=DIRECTION('',(0.,0.,1.));
#2044=VECTOR('',#2043,0.5588);
#2045=LINE('',#2042,#2044);
#2046=EDGE_CURVE('',#2027,#2035,#2045,.T.);
#2047=ORIENTED_EDGE('',*,*,#2046,.F.);
#2048=EDGE_LOOP('',(#2033,#2041,#2047));
#2049=FACE_BOUND('',#2048,.T.);
#2050=ADVANCED_FACE('',(#2049),#2023,.T.);
#2051=OVER_RIDING_STYLED_ITEM('',(#1338),#2050,#1291);
#2052=CARTESIAN_POINT('',(-0.,-9.5264,-0.75));
#2053=DIRECTION('',(0.,0.,1.));
#2054=DIRECTION('',(-0.,1.,-0.));
#2055=AXIS2_PLACEMENT_3D('',#2052,#2053,#2054);
#2056=PLANE('',#2055);
#2057=CARTESIAN_POINT('',(1.825500032,-12.5,-0.75));
#2058=VERTEX_POINT('',#2057);
#2059=CARTESIAN_POINT('',(1.825500032,-12.5,-0.75));
#2060=DIRECTION('',(1.,0.,-0.));
#2061=VECTOR('',#2060,0.349000064);
#2062=LINE('',#2059,#2061);
#2063=EDGE_CURVE('',#2058,#2035,#2062,.T.);
#2064=ORIENTED_EDGE('',*,*,#2063,.T.);
#2065=ORIENTED_EDGE('',*,*,#2040,.T.);
#2066=CARTESIAN_POINT('',(2.750000096,-9.7764,-0.75));
#2067=VERTEX_POINT('',#2066);
#2068=CARTESIAN_POINT('',(2.174500096,-9.7764,-0.75));
#2069=DIRECTION('',(1.,0.,-0.));
#2070=VECTOR('',#2069,0.5755);
#2071=LINE('',#2068,#2070);
#2072=EDGE_CURVE('',#2025,#2067,#2071,.T.);
#2073=ORIENTED_EDGE('',*,*,#2072,.T.);
#2074=CARTESIAN_POINT('',(2.750000096,-9.2764,-0.75));
#2075=VERTEX_POINT('',#2074);
#2076=CARTESIAN_POINT('',(2.750000096,-9.7764,-0.75));
#2077=DIRECTION('',(-0.,1.,-0.));
#2078=VECTOR('',#2077,0.5);
#2079=LINE('',#2076,#2078);
#2080=EDGE_CURVE('',#2067,#2075,#2079,.T.);
#2081=ORIENTED_EDGE('',*,*,#2080,.T.);
#2082=CARTESIAN_POINT('',(2.174500096,-9.2764,-0.75));
#2083=VERTEX_POINT('',#2082);
#2084=CARTESIAN_POINT('',(2.174500096,-9.2764,-0.75));
#2085=DIRECTION('',(1.,0.,-0.));
#2086=VECTOR('',#2085,0.5755);
#2087=LINE('',#2084,#2086);
#2088=EDGE_CURVE('',#2083,#2075,#2087,.T.);
#2089=ORIENTED_EDGE('',*,*,#2088,.F.);
#2090=CARTESIAN_POINT('',(2.174500096,-9.2764,-0.75));
#2091=DIRECTION('',(-0.,1.,-0.));
#2092=VECTOR('',#2091,1.45);
#2093=LINE('',#2090,#2092);
#2094=EDGE_CURVE('',#2083,#1684,#2093,.T.);
#2095=ORIENTED_EDGE('',*,*,#2094,.T.);
#2096=ORIENTED_EDGE('',*,*,#1689,.T.);
#2097=CARTESIAN_POINT('',(1.825500032,-9.2764,-0.75));
#2098=VERTEX_POINT('',#2097);
#2099=CARTESIAN_POINT('',(1.825500032,-7.8264,-0.75));
#2100=DIRECTION('',(0.,-1.,0.));
#2101=VECTOR('',#2100,1.45);
#2102=LINE('',#2099,#2101);
#2103=EDGE_CURVE('',#1676,#2098,#2102,.T.);
#2104=ORIENTED_EDGE('',*,*,#2103,.T.);
#2105=CARTESIAN_POINT('',(1.250000032,-9.2764,-0.75));
#2106=VERTEX_POINT('',#2105);
#2107=CARTESIAN_POINT('',(1.250000032,-9.2764,-0.75));
#2108=DIRECTION('',(1.,0.,-0.));
#2109=VECTOR('',#2108,0.5755);
#2110=LINE('',#2107,#2109);
#2111=EDGE_CURVE('',#2106,#2098,#2110,.T.);
#2112=ORIENTED_EDGE('',*,*,#2111,.F.);
#2113=CARTESIAN_POINT('',(1.250000032,-9.7764,-0.75));
#2114=VERTEX_POINT('',#2113);
#2115=CARTESIAN_POINT('',(1.250000032,-9.2764,-0.75));
#2116=DIRECTION('',(0.,-1.,0.));
#2117=VECTOR('',#2116,0.5);
#2118=LINE('',#2115,#2117);
#2119=EDGE_CURVE('',#2106,#2114,#2118,.T.);
#2120=ORIENTED_EDGE('',*,*,#2119,.T.);
#2121=CARTESIAN_POINT('',(1.825500032,-9.7764,-0.75));
#2122=VERTEX_POINT('',#2121);
#2123=CARTESIAN_POINT('',(1.250000032,-9.7764,-0.75));
#2124=DIRECTION('',(1.,0.,-0.));
#2125=VECTOR('',#2124,0.5755);
#2126=LINE('',#2123,#2125);
#2127=EDGE_CURVE('',#2114,#2122,#2126,.T.);
#2128=ORIENTED_EDGE('',*,*,#2127,.T.);
#2129=CARTESIAN_POINT('',(1.825500032,-9.7764,-0.75));
#2130=DIRECTION('',(0.,-1.,0.));
#2131=VECTOR('',#2130,2.7236);
#2132=LINE('',#2129,#2131);
#2133=EDGE_CURVE('',#2122,#2058,#2132,.T.);
#2134=ORIENTED_EDGE('',*,*,#2133,.T.);
#2135=EDGE_LOOP('',(#2064,#2065,#2073,#2081,#2089,#2095,#2096,#2104,#2112,#2120,#2128,#2134));
#2136=FACE_BOUND('',#2135,.T.);
#2137=ADVANCED_FACE('',(#2136),#2056,.T.);
#2138=OVER_RIDING_STYLED_ITEM('',(#1338),#2137,#1291);
#2139=CARTESIAN_POINT('',(-0.,-9.5264,-0.75));
#2140=DIRECTION('',(0.,0.,1.));
#2141=DIRECTION('',(-0.,1.,-0.));
#2142=AXIS2_PLACEMENT_3D('',#2139,#2140,#2141);
#2143=PLANE('',#2142);
#2144=CARTESIAN_POINT('',(3.825500096,-8.309,-0.75));
#2145=VERTEX_POINT('',#2144);
#2146=CARTESIAN_POINT('',(4.358900096,-8.309,-0.75));
#2147=VERTEX_POINT('',#2146);
#2148=CARTESIAN_POINT('',(3.825500096,-8.309,-0.75));
#2149=DIRECTION('',(1.,0.,-0.));
#2150=VECTOR('',#2149,0.5334);
#2151=LINE('',#2148,#2150);
#2152=EDGE_CURVE('',#2145,#2147,#2151,.T.);
#2153=ORIENTED_EDGE('',*,*,#2152,.F.);
#2154=CARTESIAN_POINT('',(3.825500096,-9.2764,-0.75));
#2155=VERTEX_POINT('',#2154);
#2156=CARTESIAN_POINT('',(3.825500096,-8.309,-0.75));
#2157=DIRECTION('',(0.,-1.,0.));
#2158=VECTOR('',#2157,0.9674);
#2159=LINE('',#2156,#2158);
#2160=EDGE_CURVE('',#2145,#2155,#2159,.T.);
#2161=ORIENTED_EDGE('',*,*,#2160,.T.);
#2162=CARTESIAN_POINT('',(3.250000096,-9.2764,-0.75));
#2163=VERTEX_POINT('',#2162);
#2164=CARTESIAN_POINT('',(3.250000096,-9.2764,-0.75));
#2165=DIRECTION('',(1.,0.,-0.));
#2166=VECTOR('',#2165,0.5755);
#2167=LINE('',#2164,#2166);
#2168=EDGE_CURVE('',#2163,#2155,#2167,.T.);
#2169=ORIENTED_EDGE('',*,*,#2168,.F.);
#2170=CARTESIAN_POINT('',(3.250000096,-9.7764,-0.75));
#2171=VERTEX_POINT('',#2170);
#2172=CARTESIAN_POINT('',(3.250000096,-9.2764,-0.75));
#2173=DIRECTION('',(0.,-1.,0.));
#2174=VECTOR('',#2173,0.5);
#2175=LINE('',#2172,#2174);
#2176=EDGE_CURVE('',#2163,#2171,#2175,.T.);
#2177=ORIENTED_EDGE('',*,*,#2176,.T.);
#2178=CARTESIAN_POINT('',(3.250000096,-9.7764,-0.75));
#2179=DIRECTION('',(1.,0.,-0.));
#2180=VECTOR('',#2179,0.5755);
#2181=LINE('',#2178,#2180);
#2182=EDGE_CURVE('',#2171,#1992,#2181,.T.);
#2183=ORIENTED_EDGE('',*,*,#2182,.T.);
#2184=ORIENTED_EDGE('',*,*,#2013,.T.);
#2185=CARTESIAN_POINT('',(3.825500096,-12.5,-0.75));
#2186=DIRECTION('',(1.,0.,-0.));
#2187=VECTOR('',#2186,1.1049);
#2188=LINE('',#2185,#2187);
#2189=EDGE_CURVE('',#2002,#1816,#2188,.T.);
#2190=ORIENTED_EDGE('',*,*,#2189,.T.);
#2191=ORIENTED_EDGE('',*,*,#1821,.T.);
#2192=ORIENTED_EDGE('',*,*,#1737,.T.);
#2193=CARTESIAN_POINT('',(4.358900096,-8.309,-0.75));
#2194=DIRECTION('',(-0.,1.,-0.));
#2195=VECTOR('',#2194,0.4826);
#2196=LINE('',#2193,#2195);
#2197=EDGE_CURVE('',#2147,#1724,#2196,.T.);
#2198=ORIENTED_EDGE('',*,*,#2197,.F.);
#2199=EDGE_LOOP('',(#2153,#2161,#2169,#2177,#2183,#2184,#2190,#2191,#2192,#2198));
#2200=FACE_BOUND('',#2199,.T.);
#2201=ADVANCED_FACE('',(#2200),#2143,.T.);
#2202=OVER_RIDING_STYLED_ITEM('',(#1338),#2201,#1291);
#2203=CARTESIAN_POINT('',(-4.930400096,-12.5,-2.6296));
#2204=DIRECTION('',(0.,-1.,0.));
#2205=DIRECTION('',(1.,0.,-0.));
#2206=AXIS2_PLACEMENT_3D('',#2203,#2204,#2205);
#2207=PLANE('',#2206);
#2208=CARTESIAN_POINT('',(-4.930400096,-12.5,-6.6428));
#2209=VERTEX_POINT('',#2208);
#2210=CARTESIAN_POINT('',(-4.930400096,-12.5,-6.6428));
#2211=DIRECTION('',(1.,0.,-0.));
#2212=VECTOR('',#2211,9.860800192);
#2213=LINE('',#2210,#2212);
#2214=EDGE_CURVE('',#2209,#1824,#2213,.T.);
#2215=ORIENTED_EDGE('',*,*,#2214,.T.);
#2216=ORIENTED_EDGE('',*,*,#1829,.T.);
#2217=ORIENTED_EDGE('',*,*,#2189,.F.);
#2218=ORIENTED_EDGE('',*,*,#2007,.F.);
#2219=CARTESIAN_POINT('',(3.825500096,-12.5,-1.3088));
#2220=DIRECTION('',(-1.,-0.,0.));
#2221=VECTOR('',#2220,1.651);
#2222=LINE('',#2219,#2221);
#2223=EDGE_CURVE('',#1994,#2027,#2222,.T.);
#2224=ORIENTED_EDGE('',*,*,#2223,.T.);
#2225=ORIENTED_EDGE('',*,*,#2046,.T.);
#2226=ORIENTED_EDGE('',*,*,#2063,.F.);
#2227=CARTESIAN_POINT('',(1.825500032,-12.5,-1.3088));
#2228=VERTEX_POINT('',#2227);
#2229=CARTESIAN_POINT('',(1.825500032,-12.5,-1.3088));
#2230=DIRECTION('',(0.,0.,1.));
#2231=VECTOR('',#2230,0.5588);
#2232=LINE('',#2229,#2231);
#2233=EDGE_CURVE('',#2228,#2058,#2232,.T.);
#2234=ORIENTED_EDGE('',*,*,#2233,.F.);
#2235=CARTESIAN_POINT('',(0.174500032,-12.5,-1.3088));
#2236=VERTEX_POINT('',#2235);
#2237=CARTESIAN_POINT('',(1.825500032,-12.5,-1.3088));
#2238=DIRECTION('',(-1.,-0.,0.));
#2239=VECTOR('',#2238,1.651);
#2240=LINE('',#2237,#2239);
#2241=EDGE_CURVE('',#2228,#2236,#2240,.T.);
#2242=ORIENTED_EDGE('',*,*,#2241,.T.);
#2243=CARTESIAN_POINT('',(0.174500032,-12.5,-0.75));
#2244=VERTEX_POINT('',#2243);
#2245=CARTESIAN_POINT('',(0.174500032,-12.5,-1.3088));
#2246=DIRECTION('',(0.,0.,1.));
#2247=VECTOR('',#2246,0.5588);
#2248=LINE('',#2245,#2247);
#2249=EDGE_CURVE('',#2236,#2244,#2248,.T.);
#2250=ORIENTED_EDGE('',*,*,#2249,.T.);
#2251=CARTESIAN_POINT('',(-0.174500032,-12.5,-0.75));
#2252=VERTEX_POINT('',#2251);
#2253=CARTESIAN_POINT('',(-0.174500032,-12.5,-0.75));
#2254=DIRECTION('',(1.,0.,-0.));
#2255=VECTOR('',#2254,0.349000064);
#2256=LINE('',#2253,#2255);
#2257=EDGE_CURVE('',#2252,#2244,#2256,.T.);
#2258=ORIENTED_EDGE('',*,*,#2257,.F.);
#2259=CARTESIAN_POINT('',(-0.174500032,-12.5,-1.3088));
#2260=VERTEX_POINT('',#2259);
#2261=CARTESIAN_POINT('',(-0.174500032,-12.5,-1.3088));
#2262=DIRECTION('',(0.,0.,1.));
#2263=VECTOR('',#2262,0.5588);
#2264=LINE('',#2261,#2263);
#2265=EDGE_CURVE('',#2260,#2252,#2264,.T.);
#2266=ORIENTED_EDGE('',*,*,#2265,.F.);
#2267=CARTESIAN_POINT('',(-1.825500032,-12.5,-1.3088));
#2268=VERTEX_POINT('',#2267);
#2269=CARTESIAN_POINT('',(-0.174500032,-12.5,-1.3088));
#2270=DIRECTION('',(-1.,-0.,0.));
#2271=VECTOR('',#2270,1.651);
#2272=LINE('',#2269,#2271);
#2273=EDGE_CURVE('',#2260,#2268,#2272,.T.);
#2274=ORIENTED_EDGE('',*,*,#2273,.T.);
#2275=CARTESIAN_POINT('',(-1.825500032,-12.5,-0.75));
#2276=VERTEX_POINT('',#2275);
#2277=CARTESIAN_POINT('',(-1.825500032,-12.5,-1.3088));
#2278=DIRECTION('',(0.,0.,1.));
#2279=VECTOR('',#2278,0.5588);
#2280=LINE('',#2277,#2279);
#2281=EDGE_CURVE('',#2268,#2276,#2280,.T.);
#2282=ORIENTED_EDGE('',*,*,#2281,.T.);
#2283=CARTESIAN_POINT('',(-2.174500096,-12.5,-0.75));
#2284=VERTEX_POINT('',#2283);
#2285=CARTESIAN_POINT('',(-2.174500096,-12.5,-0.75));
#2286=DIRECTION('',(1.,0.,-0.));
#2287=VECTOR('',#2286,0.349000064);
#2288=LINE('',#2285,#2287);
#2289=EDGE_CURVE('',#2284,#2276,#2288,.T.);
#2290=ORIENTED_EDGE('',*,*,#2289,.F.);
#2291=CARTESIAN_POINT('',(-2.174500096,-12.5,-1.3088));
#2292=VERTEX_POINT('',#2291);
#2293=CARTESIAN_POINT('',(-2.174500096,-12.5,-1.3088));
#2294=DIRECTION('',(0.,0.,1.));
#2295=VECTOR('',#2294,0.5588);
#2296=LINE('',#2293,#2295);
#2297=EDGE_CURVE('',#2292,#2284,#2296,.T.);
#2298=ORIENTED_EDGE('',*,*,#2297,.F.);
#2299=CARTESIAN_POINT('',(-3.825500096,-12.5,-1.3088));
#2300=VERTEX_POINT('',#2299);
#2301=CARTESIAN_POINT('',(-2.174500096,-12.5,-1.3088));
#2302=DIRECTION('',(-1.,-0.,0.));
#2303=VECTOR('',#2302,1.651);
#2304=LINE('',#2301,#2303);
#2305=EDGE_CURVE('',#2292,#2300,#2304,.T.);
#2306=ORIENTED_EDGE('',*,*,#2305,.T.);
#2307=CARTESIAN_POINT('',(-3.825500096,-12.5,-1.3088));
#2308=DIRECTION('',(0.,0.,1.));
#2309=VECTOR('',#2308,0.5588);
#2310=LINE('',#2307,#2309);
#2311=EDGE_CURVE('',#2300,#1937,#2310,.T.);
#2312=ORIENTED_EDGE('',*,*,#2311,.T.);
#2313=ORIENTED_EDGE('',*,*,#1942,.F.);
#2314=CARTESIAN_POINT('',(-4.930400096,-12.5,-6.6428));
#2315=DIRECTION('',(0.,0.,1.));
#2316=VECTOR('',#2315,5.8928);
#2317=LINE('',#2314,#2316);
#2318=EDGE_CURVE('',#2209,#1929,#2317,.T.);
#2319=ORIENTED_EDGE('',*,*,#2318,.F.);
#2320=EDGE_LOOP('',(#2215,#2216,#2217,#2218,#2224,#2225,#2226,#2234,#2242,#2250,#2258,#2266,#2274,#2282,#2290,#2298,#2306,#2312,#2313,#2319));
#2321=FACE_BOUND('',#2320,.T.);
#2322=ADVANCED_FACE('',(#2321),#2207,.T.);
#2323=OVER_RIDING_STYLED_ITEM('',(#1338),#2322,#1291);
#2324=CARTESIAN_POINT('',(1.825500032,-7.8264,-1.3088));
#2325=DIRECTION('',(-1.,-0.,0.));
#2326=DIRECTION('',(-0.,-0.,-1.));
#2327=AXIS2_PLACEMENT_3D('',#2324,#2325,#2326);
#2328=PLANE('',#2327);
#2329=CARTESIAN_POINT('',(1.825500032,-9.7764,-0.75));
#2330=DIRECTION('',(0.,-0.979594712,-0.200983083));
#2331=VECTOR('',#2330,2.780333505);
#2332=LINE('',#2329,#2331);
#2333=EDGE_CURVE('',#2122,#2228,#2332,.T.);
#2334=ORIENTED_EDGE('',*,*,#2333,.T.);
#2335=ORIENTED_EDGE('',*,*,#2233,.T.);
#2336=ORIENTED_EDGE('',*,*,#2133,.F.);
#2337=EDGE_LOOP('',(#2334,#2335,#2336));
#2338=FACE_BOUND('',#2337,.T.);
#2339=ADVANCED_FACE('',(#2338),#2328,.T.);
#2340=OVER_RIDING_STYLED_ITEM('',(#1338),#2339,#1291);
#2341=CARTESIAN_POINT('',(0.174500032,-12.5,-1.3088));
#2342=DIRECTION('',(1.,0.,-0.));
#2343=DIRECTION('',(0.,-1.,0.));
#2344=AXIS2_PLACEMENT_3D('',#2341,#2342,#2343);
#2345=PLANE('',#2344);
#2346=CARTESIAN_POINT('',(0.174500032,-9.7764,-0.75));
#2347=VERTEX_POINT('',#2346);
#2348=CARTESIAN_POINT('',(0.174500032,-9.7764,-0.75));
#2349=DIRECTION('',(0.,-0.979594712,-0.200983083));
#2350=VECTOR('',#2349,2.780333505);
#2351=LINE('',#2348,#2350);
#2352=EDGE_CURVE('',#2347,#2236,#2351,.T.);
#2353=ORIENTED_EDGE('',*,*,#2352,.F.);
#2354=CARTESIAN_POINT('',(0.174500032,-12.5,-0.75));
#2355=DIRECTION('',(-0.,1.,-0.));
#2356=VECTOR('',#2355,2.7236);
#2357=LINE('',#2354,#2356);
#2358=EDGE_CURVE('',#2244,#2347,#2357,.T.);
#2359=ORIENTED_EDGE('',*,*,#2358,.F.);
#2360=ORIENTED_EDGE('',*,*,#2249,.F.);
#2361=EDGE_LOOP('',(#2353,#2359,#2360));
#2362=FACE_BOUND('',#2361,.T.);
#2363=ADVANCED_FACE('',(#2362),#2345,.T.);
#2364=OVER_RIDING_STYLED_ITEM('',(#1338),#2363,#1291);
#2365=CARTESIAN_POINT('',(-0.,-9.5264,-0.75));
#2366=DIRECTION('',(0.,0.,1.));
#2367=DIRECTION('',(-0.,1.,-0.));
#2368=AXIS2_PLACEMENT_3D('',#2365,#2366,#2367);
#2369=PLANE('',#2368);
#2370=ORIENTED_EDGE('',*,*,#2257,.T.);
#2371=ORIENTED_EDGE('',*,*,#2358,.T.);
#2372=CARTESIAN_POINT('',(0.750000032,-9.7764,-0.75));
#2373=VERTEX_POINT('',#2372);
#2374=CARTESIAN_POINT('',(0.174500032,-9.7764,-0.75));
#2375=DIRECTION('',(1.,0.,-0.));
#2376=VECTOR('',#2375,0.5755);
#2377=LINE('',#2374,#2376);
#2378=EDGE_CURVE('',#2347,#2373,#2377,.T.);
#2379=ORIENTED_EDGE('',*,*,#2378,.T.);
#2380=CARTESIAN_POINT('',(0.750000032,-9.2764,-0.75));
#2381=VERTEX_POINT('',#2380);
#2382=CARTESIAN_POINT('',(0.750000032,-9.7764,-0.75));
#2383=DIRECTION('',(-0.,1.,-0.));
#2384=VECTOR('',#2383,0.5);
#2385=LINE('',#2382,#2384);
#2386=EDGE_CURVE('',#2373,#2381,#2385,.T.);
#2387=ORIENTED_EDGE('',*,*,#2386,.T.);
#2388=CARTESIAN_POINT('',(0.174500032,-9.2764,-0.75));
#2389=VERTEX_POINT('',#2388);
#2390=CARTESIAN_POINT('',(0.174500032,-9.2764,-0.75));
#2391=DIRECTION('',(1.,0.,-0.));
#2392=VECTOR('',#2391,0.5755);
#2393=LINE('',#2390,#2392);
#2394=EDGE_CURVE('',#2389,#2381,#2393,.T.);
#2395=ORIENTED_EDGE('',*,*,#2394,.F.);
#2396=CARTESIAN_POINT('',(0.174500032,-9.2764,-0.75));
#2397=DIRECTION('',(-0.,1.,-0.));
#2398=VECTOR('',#2397,1.45);
#2399=LINE('',#2396,#2398);
#2400=EDGE_CURVE('',#2389,#1652,#2399,.T.);
#2401=ORIENTED_EDGE('',*,*,#2400,.T.);
#2402=ORIENTED_EDGE('',*,*,#1657,.T.);
#2403=CARTESIAN_POINT('',(-0.174500032,-9.2764,-0.75));
#2404=VERTEX_POINT('',#2403);
#2405=CARTESIAN_POINT('',(-0.174500032,-7.8264,-0.75));
#2406=DIRECTION('',(0.,-1.,0.));
#2407=VECTOR('',#2406,1.45);
#2408=LINE('',#2405,#2407);
#2409=EDGE_CURVE('',#1644,#2404,#2408,.T.);
#2410=ORIENTED_EDGE('',*,*,#2409,.T.);
#2411=CARTESIAN_POINT('',(-0.750000032,-9.2764,-0.75));
#2412=VERTEX_POINT('',#2411);
#2413=CARTESIAN_POINT('',(-0.750000032,-9.2764,-0.75));
#2414=DIRECTION('',(1.,0.,-0.));
#2415=VECTOR('',#2414,0.5755);
#2416=LINE('',#2413,#2415);
#2417=EDGE_CURVE('',#2412,#2404,#2416,.T.);
#2418=ORIENTED_EDGE('',*,*,#2417,.F.);
#2419=CARTESIAN_POINT('',(-0.750000032,-9.7764,-0.75));
#2420=VERTEX_POINT('',#2419);
#2421=CARTESIAN_POINT('',(-0.750000032,-9.2764,-0.75));
#2422=DIRECTION('',(0.,-1.,0.));
#2423=VECTOR('',#2422,0.5);
#2424=LINE('',#2421,#2423);
#2425=EDGE_CURVE('',#2412,#2420,#2424,.T.);
#2426=ORIENTED_EDGE('',*,*,#2425,.T.);
#2427=CARTESIAN_POINT('',(-0.174500032,-9.7764,-0.75));
#2428=VERTEX_POINT('',#2427);
#2429=CARTESIAN_POINT('',(-0.750000032,-9.7764,-0.75));
#2430=DIRECTION('',(1.,0.,-0.));
#2431=VECTOR('',#2430,0.5755);
#2432=LINE('',#2429,#2431);
#2433=EDGE_CURVE('',#2420,#2428,#2432,.T.);
#2434=ORIENTED_EDGE('',*,*,#2433,.T.);
#2435=CARTESIAN_POINT('',(-0.174500032,-9.7764,-0.75));
#2436=DIRECTION('',(0.,-1.,0.));
#2437=VECTOR('',#2436,2.7236);
#2438=LINE('',#2435,#2437);
#2439=EDGE_CURVE('',#2428,#2252,#2438,.T.);
#2440=ORIENTED_EDGE('',*,*,#2439,.T.);
#2441=EDGE_LOOP('',(#2370,#2371,#2379,#2387,#2395,#2401,#2402,#2410,#2418,#2426,#2434,#2440));
#2442=FACE_BOUND('',#2441,.T.);
#2443=ADVANCED_FACE('',(#2442),#2369,.T.);
#2444=OVER_RIDING_STYLED_ITEM('',(#1338),#2443,#1291);
#2445=CARTESIAN_POINT('',(-0.174500032,-7.8264,-1.3088));
#2446=DIRECTION('',(-1.,-0.,0.));
#2447=DIRECTION('',(-0.,-0.,-1.));
#2448=AXIS2_PLACEMENT_3D('',#2445,#2446,#2447);
#2449=PLANE('',#2448);
#2450=CARTESIAN_POINT('',(-0.174500032,-9.7764,-0.75));
#2451=DIRECTION('',(0.,-0.979594712,-0.200983083));
#2452=VECTOR('',#2451,2.780333505);
#2453=LINE('',#2450,#2452);
#2454=EDGE_CURVE('',#2428,#2260,#2453,.T.);
#2455=ORIENTED_EDGE('',*,*,#2454,.T.);
#2456=ORIENTED_EDGE('',*,*,#2265,.T.);
#2457=ORIENTED_EDGE('',*,*,#2439,.F.);
#2458=EDGE_LOOP('',(#2455,#2456,#2457));
#2459=FACE_BOUND('',#2458,.T.);
#2460=ADVANCED_FACE('',(#2459),#2449,.T.);
#2461=OVER_RIDING_STYLED_ITEM('',(#1338),#2460,#1291);
#2462=CARTESIAN_POINT('',(-1.825500032,-12.5,-1.3088));
#2463=DIRECTION('',(1.,0.,-0.));
#2464=DIRECTION('',(0.,-1.,0.));
#2465=AXIS2_PLACEMENT_3D('',#2462,#2463,#2464);
#2466=PLANE('',#2465);
#2467=CARTESIAN_POINT('',(-1.825500032,-9.7764,-0.75));
#2468=VERTEX_POINT('',#2467);
#2469=CARTESIAN_POINT('',(-1.825500032,-9.7764,-0.75));
#2470=DIRECTION('',(0.,-0.979594712,-0.200983083));
#2471=VECTOR('',#2470,2.780333505);
#2472=LINE('',#2469,#2471);
#2473=EDGE_CURVE('',#2468,#2268,#2472,.T.);
#2474=ORIENTED_EDGE('',*,*,#2473,.F.);
#2475=CARTESIAN_POINT('',(-1.825500032,-12.5,-0.75));
#2476=DIRECTION('',(-0.,1.,-0.));
#2477=VECTOR('',#2476,2.7236);
#2478=LINE('',#2475,#2477);
#2479=EDGE_CURVE('',#2276,#2468,#2478,.T.);
#2480=ORIENTED_EDGE('',*,*,#2479,.F.);
#2481=ORIENTED_EDGE('',*,*,#2281,.F.);
#2482=EDGE_LOOP('',(#2474,#2480,#2481));
#2483=FACE_BOUND('',#2482,.T.);
#2484=ADVANCED_FACE('',(#2483),#2466,.T.);
#2485=OVER_RIDING_STYLED_ITEM('',(#1338),#2484,#1291);
#2486=CARTESIAN_POINT('',(-0.,-9.5264,-0.75));
#2487=DIRECTION('',(0.,0.,1.));
#2488=DIRECTION('',(-0.,1.,-0.));
#2489=AXIS2_PLACEMENT_3D('',#2486,#2487,#2488);
#2490=PLANE('',#2489);
#2491=ORIENTED_EDGE('',*,*,#2289,.T.);
#2492=ORIENTED_EDGE('',*,*,#2479,.T.);
#2493=CARTESIAN_POINT('',(-1.250000032,-9.7764,-0.75));
#2494=VERTEX_POINT('',#2493);
#2495=CARTESIAN_POINT('',(-1.825500032,-9.7764,-0.75));
#2496=DIRECTION('',(1.,0.,-0.));
#2497=VECTOR('',#2496,0.5755);
#2498=LINE('',#2495,#2497);
#2499=EDGE_CURVE('',#2468,#2494,#2498,.T.);
#2500=ORIENTED_EDGE('',*,*,#2499,.T.);
#2501=CARTESIAN_POINT('',(-1.250000032,-9.2764,-0.75));
#2502=VERTEX_POINT('',#2501);
#2503=CARTESIAN_POINT('',(-1.250000032,-9.7764,-0.75));
#2504=DIRECTION('',(-0.,1.,-0.));
#2505=VECTOR('',#2504,0.5);
#2506=LINE('',#2503,#2505);
#2507=EDGE_CURVE('',#2494,#2502,#2506,.T.);
#2508=ORIENTED_EDGE('',*,*,#2507,.T.);
#2509=CARTESIAN_POINT('',(-1.825500032,-9.2764,-0.75));
#2510=VERTEX_POINT('',#2509);
#2511=CARTESIAN_POINT('',(-1.825500032,-9.2764,-0.75));
#2512=DIRECTION('',(1.,0.,-0.));
#2513=VECTOR('',#2512,0.5755);
#2514=LINE('',#2511,#2513);
#2515=EDGE_CURVE('',#2510,#2502,#2514,.T.);
#2516=ORIENTED_EDGE('',*,*,#2515,.F.);
#2517=CARTESIAN_POINT('',(-1.825500032,-9.2764,-0.75));
#2518=DIRECTION('',(-0.,1.,-0.));
#2519=VECTOR('',#2518,1.45);
#2520=LINE('',#2517,#2519);
#2521=EDGE_CURVE('',#2510,#1620,#2520,.T.);
#2522=ORIENTED_EDGE('',*,*,#2521,.T.);
#2523=ORIENTED_EDGE('',*,*,#1625,.T.);
#2524=CARTESIAN_POINT('',(-2.174500096,-9.2764,-0.75));
#2525=VERTEX_POINT('',#2524);
#2526=CARTESIAN_POINT('',(-2.174500096,-7.8264,-0.75));
#2527=DIRECTION('',(0.,-1.,0.));
#2528=VECTOR('',#2527,1.45);
#2529=LINE('',#2526,#2528);
#2530=EDGE_CURVE('',#1612,#2525,#2529,.T.);
#2531=ORIENTED_EDGE('',*,*,#2530,.T.);
#2532=CARTESIAN_POINT('',(-2.750000096,-9.2764,-0.75));
#2533=VERTEX_POINT('',#2532);
#2534=CARTESIAN_POINT('',(-2.750000096,-9.2764,-0.75));
#2535=DIRECTION('',(1.,0.,-0.));
#2536=VECTOR('',#2535,0.5755);
#2537=LINE('',#2534,#2536);
#2538=EDGE_CURVE('',#2533,#2525,#2537,.T.);
#2539=ORIENTED_EDGE('',*,*,#2538,.F.);
#2540=CARTESIAN_POINT('',(-2.750000096,-9.7764,-0.75));
#2541=VERTEX_POINT('',#2540);
#2542=CARTESIAN_POINT('',(-2.750000096,-9.2764,-0.75));
#2543=DIRECTION('',(0.,-1.,0.));
#2544=VECTOR('',#2543,0.5);
#2545=LINE('',#2542,#2544);
#2546=EDGE_CURVE('',#2533,#2541,#2545,.T.);
#2547=ORIENTED_EDGE('',*,*,#2546,.T.);
#2548=CARTESIAN_POINT('',(-2.174500096,-9.7764,-0.75));
#2549=VERTEX_POINT('',#2548);
#2550=CARTESIAN_POINT('',(-2.750000096,-9.7764,-0.75));
#2551=DIRECTION('',(1.,0.,-0.));
#2552=VECTOR('',#2551,0.5755);
#2553=LINE('',#2550,#2552);
#2554=EDGE_CURVE('',#2541,#2549,#2553,.T.);
#2555=ORIENTED_EDGE('',*,*,#2554,.T.);
#2556=CARTESIAN_POINT('',(-2.174500096,-9.7764,-0.75));
#2557=DIRECTION('',(0.,-1.,0.));
#2558=VECTOR('',#2557,2.7236);
#2559=LINE('',#2556,#2558);
#2560=EDGE_CURVE('',#2549,#2284,#2559,.T.);
#2561=ORIENTED_EDGE('',*,*,#2560,.T.);
#2562=EDGE_LOOP('',(#2491,#2492,#2500,#2508,#2516,#2522,#2523,#2531,#2539,#2547,#2555,#2561));
#2563=FACE_BOUND('',#2562,.T.);
#2564=ADVANCED_FACE('',(#2563),#2490,.T.);
#2565=OVER_RIDING_STYLED_ITEM('',(#1338),#2564,#1291);
#2566=CARTESIAN_POINT('',(-2.174500096,-7.8264,-1.3088));
#2567=DIRECTION('',(-1.,-0.,0.));
#2568=DIRECTION('',(-0.,-0.,-1.));
#2569=AXIS2_PLACEMENT_3D('',#2566,#2567,#2568);
#2570=PLANE('',#2569);
#2571=CARTESIAN_POINT('',(-2.174500096,-9.7764,-0.75));
#2572=DIRECTION('',(0.,-0.979594712,-0.200983083));
#2573=VECTOR('',#2572,2.780333505);
#2574=LINE('',#2571,#2573);
#2575=EDGE_CURVE('',#2549,#2292,#2574,.T.);
#2576=ORIENTED_EDGE('',*,*,#2575,.T.);
#2577=ORIENTED_EDGE('',*,*,#2297,.T.);
#2578=ORIENTED_EDGE('',*,*,#2560,.F.);
#2579=EDGE_LOOP('',(#2576,#2577,#2578));
#2580=FACE_BOUND('',#2579,.T.);
#2581=ADVANCED_FACE('',(#2580),#2570,.T.);
#2582=OVER_RIDING_STYLED_ITEM('',(#1338),#2581,#1291);
#2583=CARTESIAN_POINT('',(-3.825500096,-8.309,-0.75));
#2584=DIRECTION('',(1.,0.,-0.));
#2585=DIRECTION('',(0.,-1.,0.));
#2586=AXIS2_PLACEMENT_3D('',#2583,#2584,#2585);
#2587=PLANE('',#2586);
#2588=CARTESIAN_POINT('',(-3.825500096,-9.7764,-0.75));
#2589=DIRECTION('',(0.,-0.979594712,-0.200983083));
#2590=VECTOR('',#2589,2.780333505);
#2591=LINE('',#2588,#2590);
#2592=EDGE_CURVE('',#1945,#2300,#2591,.T.);
#2593=ORIENTED_EDGE('',*,*,#2592,.F.);
#2594=ORIENTED_EDGE('',*,*,#1950,.F.);
#2595=ORIENTED_EDGE('',*,*,#2311,.F.);
#2596=EDGE_LOOP('',(#2593,#2594,#2595));
#2597=FACE_BOUND('',#2596,.T.);
#2598=ADVANCED_FACE('',(#2597),#2587,.T.);
#2599=OVER_RIDING_STYLED_ITEM('',(#1338),#2598,#1291);
#2600=CARTESIAN_POINT('',(-4.930400096,-7.8264,-2.6296));
#2601=DIRECTION('',(-1.,-0.,0.));
#2602=DIRECTION('',(-0.,-0.,-1.));
#2603=AXIS2_PLACEMENT_3D('',#2600,#2601,#2602);
#2604=PLANE('',#2603);
#2605=CARTESIAN_POINT('',(-4.930400096,-8.9694,-4.4584));
#2606=VERTEX_POINT('',#2605);
#2607=CARTESIAN_POINT('',(-4.930400096,-10.2394,-4.4584));
#2608=VERTEX_POINT('',#2607);
#2609=CARTESIAN_POINT('',(-4.930400096,-8.9694,-4.4584));
#2610=DIRECTION('',(0.,-1.,0.));
#2611=VECTOR('',#2610,1.27);
#2612=LINE('',#2609,#2611);
#2613=EDGE_CURVE('',#2606,#2608,#2612,.T.);
#2614=ORIENTED_EDGE('',*,*,#2613,.T.);
#2615=CARTESIAN_POINT('',(-4.930400096,-10.2394,-6.6428));
#2616=VERTEX_POINT('',#2615);
#2617=CARTESIAN_POINT('',(-4.930400096,-10.2394,-4.4584));
#2618=DIRECTION('',(-0.,-0.,-1.));
#2619=VECTOR('',#2618,2.1844);
#2620=LINE('',#2617,#2619);
#2621=EDGE_CURVE('',#2608,#2616,#2620,.T.);
#2622=ORIENTED_EDGE('',*,*,#2621,.T.);
#2623=CARTESIAN_POINT('',(-4.930400096,-10.2394,-6.6428));
#2624=DIRECTION('',(0.,-1.,0.));
#2625=VECTOR('',#2624,2.2606);
#2626=LINE('',#2623,#2625);
#2627=EDGE_CURVE('',#2616,#2209,#2626,.T.);
#2628=ORIENTED_EDGE('',*,*,#2627,.T.);
#2629=ORIENTED_EDGE('',*,*,#2318,.T.);
#2630=ORIENTED_EDGE('',*,*,#1934,.F.);
#2631=ORIENTED_EDGE('',*,*,#1569,.F.);
#2632=ORIENTED_EDGE('',*,*,#1417,.T.);
#2633=CARTESIAN_POINT('',(-4.930400096,-8.9694,-6.6428));
#2634=DIRECTION('',(0.,0.,1.));
#2635=VECTOR('',#2634,2.1844);
#2636=LINE('',#2633,#2635);
#2637=EDGE_CURVE('',#1404,#2606,#2636,.T.);
#2638=ORIENTED_EDGE('',*,*,#2637,.T.);
#2639=EDGE_LOOP('',(#2614,#2622,#2628,#2629,#2630,#2631,#2632,#2638));
#2640=FACE_BOUND('',#2639,.T.);
#2641=ADVANCED_FACE('',(#2640),#2604,.T.);
#2642=OVER_RIDING_STYLED_ITEM('',(#1338),#2641,#1291);
#2643=CARTESIAN_POINT('',(-4.447800096,-8.309,-6.6428));
#2644=DIRECTION('',(-1.,-0.,0.));
#2645=DIRECTION('',(-0.,-0.,-1.));
#2646=AXIS2_PLACEMENT_3D('',#2643,#2644,#2645);
#2647=PLANE('',#2646);
#2648=CARTESIAN_POINT('',(-4.447800096,-8.9694,-4.4584));
#2649=VERTEX_POINT('',#2648);
#2650=CARTESIAN_POINT('',(-4.447800096,-8.9694,-6.6428));
#2651=DIRECTION('',(0.,0.,1.));
#2652=VECTOR('',#2651,2.1844);
#2653=LINE('',#2650,#2652);
#2654=EDGE_CURVE('',#1396,#2649,#2653,.T.);
#2655=ORIENTED_EDGE('',*,*,#2654,.F.);
#2656=ORIENTED_EDGE('',*,*,#1401,.F.);
#2657=ORIENTED_EDGE('',*,*,#1479,.T.);
#2658=CARTESIAN_POINT('',(-4.447800096,-12.0174,-2.6296));
#2659=VERTEX_POINT('',#2658);
#2660=CARTESIAN_POINT('',(-4.447800096,-8.309,-2.6296));
#2661=DIRECTION('',(0.,-1.,0.));
#2662=VECTOR('',#2661,3.7084);
#2663=LINE('',#2660,#2662);
#2664=EDGE_CURVE('',#1468,#2659,#2663,.T.);
#2665=ORIENTED_EDGE('',*,*,#2664,.T.);
#2666=CARTESIAN_POINT('',(-4.447800096,-12.0174,-6.6428));
#2667=VERTEX_POINT('',#2666);
#2668=CARTESIAN_POINT('',(-4.447800096,-12.0174,-6.6428));
#2669=DIRECTION('',(-0.,-0.,1.));
#2670=VECTOR('',#2669,4.0132);
#2671=LINE('',#2668,#2670);
#2672=EDGE_CURVE('',#2667,#2659,#2671,.T.);
#2673=ORIENTED_EDGE('',*,*,#2672,.F.);
#2674=CARTESIAN_POINT('',(-4.447800096,-10.2394,-6.6428));
#2675=VERTEX_POINT('',#2674);
#2676=CARTESIAN_POINT('',(-4.447800096,-10.2394,-6.6428));
#2677=DIRECTION('',(0.,-1.,0.));
#2678=VECTOR('',#2677,1.778);
#2679=LINE('',#2676,#2678);
#2680=EDGE_CURVE('',#2675,#2667,#2679,.T.);
#2681=ORIENTED_EDGE('',*,*,#2680,.F.);
#2682=CARTESIAN_POINT('',(-4.447800096,-10.2394,-4.4584));
#2683=VERTEX_POINT('',#2682);
#2684=CARTESIAN_POINT('',(-4.447800096,-10.2394,-4.4584));
#2685=DIRECTION('',(-0.,-0.,-1.));
#2686=VECTOR('',#2685,2.1844);
#2687=LINE('',#2684,#2686);
#2688=EDGE_CURVE('',#2683,#2675,#2687,.T.);
#2689=ORIENTED_EDGE('',*,*,#2688,.F.);
#2690=CARTESIAN_POINT('',(-4.447800096,-8.9694,-4.4584));
#2691=DIRECTION('',(0.,-1.,0.));
#2692=VECTOR('',#2691,1.27);
#2693=LINE('',#2690,#2692);
#2694=EDGE_CURVE('',#2649,#2683,#2693,.T.);
#2695=ORIENTED_EDGE('',*,*,#2694,.F.);
#2696=EDGE_LOOP('',(#2655,#2656,#2657,#2665,#2673,#2681,#2689,#2695));
#2697=FACE_BOUND('',#2696,.T.);
#2698=ADVANCED_FACE('',(#2697),#2647,.F.);
#2699=OVER_RIDING_STYLED_ITEM('',(#1338),#2698,#1291);
#2700=CARTESIAN_POINT('',(-4.447800096,-12.0174,-6.6428));
#2701=DIRECTION('',(0.,-1.,-0.));
#2702=DIRECTION('',(1.,0.,0.));
#2703=AXIS2_PLACEMENT_3D('',#2700,#2701,#2702);
#2704=PLANE('',#2703);
#2705=CARTESIAN_POINT('',(-4.447800096,-12.0174,-2.6296));
#2706=DIRECTION('',(1.,0.,0.));
#2707=VECTOR('',#2706,8.895600192);
#2708=LINE('',#2705,#2707);
#2709=EDGE_CURVE('',#2659,#1887,#2708,.T.);
#2710=ORIENTED_EDGE('',*,*,#2709,.T.);
#2711=ORIENTED_EDGE('',*,*,#1892,.F.);
#2712=CARTESIAN_POINT('',(-4.447800096,-12.0174,-6.6428));
#2713=DIRECTION('',(1.,0.,-0.));
#2714=VECTOR('',#2713,8.895600192);
#2715=LINE('',#2712,#2714);
#2716=EDGE_CURVE('',#2667,#1879,#2715,.T.);
#2717=ORIENTED_EDGE('',*,*,#2716,.F.);
#2718=ORIENTED_EDGE('',*,*,#2672,.T.);
#2719=EDGE_LOOP('',(#2710,#2711,#2717,#2718));
#2720=FACE_BOUND('',#2719,.T.);
#2721=ADVANCED_FACE('',(#2720),#2704,.F.);
#2722=OVER_RIDING_STYLED_ITEM('',(#1338),#2721,#1291);
#2723=CARTESIAN_POINT('',(-0.,-9.5264,-6.6428));
#2724=DIRECTION('',(0.,0.,1.));
#2725=DIRECTION('',(-0.,1.,-0.));
#2726=AXIS2_PLACEMENT_3D('',#2723,#2724,#2725);
#2727=PLANE('',#2726);
#2728=ORIENTED_EDGE('',*,*,#1884,.T.);
#2729=CARTESIAN_POINT('',(4.447800096,-10.2394,-6.6428));
#2730=DIRECTION('',(1.,0.,-0.));
#2731=VECTOR('',#2730,0.4826);
#2732=LINE('',#2729,#2731);
#2733=EDGE_CURVE('',#1871,#1832,#2732,.T.);
#2734=ORIENTED_EDGE('',*,*,#2733,.T.);
#2735=ORIENTED_EDGE('',*,*,#1837,.F.);
#2736=ORIENTED_EDGE('',*,*,#2214,.F.);
#2737=ORIENTED_EDGE('',*,*,#2627,.F.);
#2738=CARTESIAN_POINT('',(-4.447800096,-10.2394,-6.6428));
#2739=DIRECTION('',(-1.,-0.,0.));
#2740=VECTOR('',#2739,0.4826);
#2741=LINE('',#2738,#2740);
#2742=EDGE_CURVE('',#2675,#2616,#2741,.T.);
#2743=ORIENTED_EDGE('',*,*,#2742,.F.);
#2744=ORIENTED_EDGE('',*,*,#2680,.T.);
#2745=ORIENTED_EDGE('',*,*,#2716,.T.);
#2746=EDGE_LOOP('',(#2728,#2734,#2735,#2736,#2737,#2743,#2744,#2745));
#2747=FACE_BOUND('',#2746,.T.);
#2748=ADVANCED_FACE('',(#2747),#2727,.F.);
#2749=OVER_RIDING_STYLED_ITEM('',(#1338),#2748,#1291);
#2750=CARTESIAN_POINT('',(-0.,-9.5264,-5.749));
#2751=DIRECTION('',(0.,0.,1.));
#2752=DIRECTION('',(-0.,1.,-0.));
#2753=AXIS2_PLACEMENT_3D('',#2750,#2751,#2752);
#2754=PLANE('',#2753);
#2755=CARTESIAN_POINT('',(2.859191166,-9.38559107,-5.749));
#2756=VERTEX_POINT('',#2755);
#2757=CARTESIAN_POINT('',(2.859191166,-9.66720893,-5.749));
#2758=VERTEX_POINT('',#2757);
#2759=CARTESIAN_POINT('',(2.859191166,-9.38559107,-5.749));
#2760=DIRECTION('',(-0.,-1.,-0.));
#2761=VECTOR('',#2760,0.281617859);
#2762=LINE('',#2759,#2761);
#2763=EDGE_CURVE('',#2756,#2758,#2762,.T.);
#2764=ORIENTED_EDGE('',*,*,#2763,.F.);
#2765=CARTESIAN_POINT('',(3.140809026,-9.38559107,-5.749));
#2766=VERTEX_POINT('',#2765);
#2767=CARTESIAN_POINT('',(3.140809026,-9.38559107,-5.749));
#2768=DIRECTION('',(-1.,0.,0.));
#2769=VECTOR('',#2768,0.281617859);
#2770=LINE('',#2767,#2769);
#2771=EDGE_CURVE('',#2766,#2756,#2770,.T.);
#2772=ORIENTED_EDGE('',*,*,#2771,.F.);
#2773=CARTESIAN_POINT('',(3.140809026,-9.66720893,-5.749));
#2774=VERTEX_POINT('',#2773);
#2775=CARTESIAN_POINT('',(3.140809026,-9.66720893,-5.749));
#2776=DIRECTION('',(-0.,1.,-0.));
#2777=VECTOR('',#2776,0.281617859);
#2778=LINE('',#2775,#2777);
#2779=EDGE_CURVE('',#2774,#2766,#2778,.T.);
#2780=ORIENTED_EDGE('',*,*,#2779,.F.);
#2781=CARTESIAN_POINT('',(2.859191166,-9.66720893,-5.749));
#2782=DIRECTION('',(1.,0.,-0.));
#2783=VECTOR('',#2782,0.281617859);
#2784=LINE('',#2781,#2783);
#2785=EDGE_CURVE('',#2758,#2774,#2784,.T.);
#2786=ORIENTED_EDGE('',*,*,#2785,.F.);
#2787=EDGE_LOOP('',(#2764,#2772,#2780,#2786));
#2788=FACE_BOUND('',#2787,.T.);
#2789=ADVANCED_FACE('',(#2788),#2754,.F.);
#2790=CARTESIAN_POINT('',(-0.,-9.5264,-5.749));
#2791=DIRECTION('',(0.,0.,1.));
#2792=DIRECTION('',(-0.,1.,-0.));
#2793=AXIS2_PLACEMENT_3D('',#2790,#2791,#2792);
#2794=PLANE('',#2793);
#2795=CARTESIAN_POINT('',(0.859191102,-9.38559107,-5.749));
#2796=VERTEX_POINT('',#2795);
#2797=CARTESIAN_POINT('',(0.859191102,-9.66720893,-5.749));
#2798=VERTEX_POINT('',#2797);
#2799=CARTESIAN_POINT('',(0.859191102,-9.38559107,-5.749));
#2800=DIRECTION('',(-0.,-1.,-0.));
#2801=VECTOR('',#2800,0.281617859);
#2802=LINE('',#2799,#2801);
#2803=EDGE_CURVE('',#2796,#2798,#2802,.T.);
#2804=ORIENTED_EDGE('',*,*,#2803,.F.);
#2805=CARTESIAN_POINT('',(1.140808962,-9.38559107,-5.749));
#2806=VERTEX_POINT('',#2805);
#2807=CARTESIAN_POINT('',(1.140808962,-9.38559107,-5.749));
#2808=DIRECTION('',(-1.,0.,0.));
#2809=VECTOR('',#2808,0.281617859);
#2810=LINE('',#2807,#2809);
#2811=EDGE_CURVE('',#2806,#2796,#2810,.T.);
#2812=ORIENTED_EDGE('',*,*,#2811,.F.);
#2813=CARTESIAN_POINT('',(1.140808962,-9.66720893,-5.749));
#2814=VERTEX_POINT('',#2813);
#2815=CARTESIAN_POINT('',(1.140808962,-9.66720893,-5.749));
#2816=DIRECTION('',(-0.,1.,-0.));
#2817=VECTOR('',#2816,0.281617859);
#2818=LINE('',#2815,#2817);
#2819=EDGE_CURVE('',#2814,#2806,#2818,.T.);
#2820=ORIENTED_EDGE('',*,*,#2819,.F.);
#2821=CARTESIAN_POINT('',(0.859191102,-9.66720893,-5.749));
#2822=DIRECTION('',(1.,0.,-0.));
#2823=VECTOR('',#2822,0.281617859);
#2824=LINE('',#2821,#2823);
#2825=EDGE_CURVE('',#2798,#2814,#2824,.T.);
#2826=ORIENTED_EDGE('',*,*,#2825,.F.);
#2827=EDGE_LOOP('',(#2804,#2812,#2820,#2826));
#2828=FACE_BOUND('',#2827,.T.);
#2829=ADVANCED_FACE('',(#2828),#2794,.F.);
#2830=CARTESIAN_POINT('',(-0.,-9.5264,-5.749));
#2831=DIRECTION('',(0.,0.,1.));
#2832=DIRECTION('',(-0.,1.,-0.));
#2833=AXIS2_PLACEMENT_3D('',#2830,#2831,#2832);
#2834=PLANE('',#2833);
#2835=CARTESIAN_POINT('',(-1.140808962,-9.38559107,-5.749));
#2836=VERTEX_POINT('',#2835);
#2837=CARTESIAN_POINT('',(-1.140808962,-9.66720893,-5.749));
#2838=VERTEX_POINT('',#2837);
#2839=CARTESIAN_POINT('',(-1.140808962,-9.38559107,-5.749));
#2840=DIRECTION('',(-0.,-1.,-0.));
#2841=VECTOR('',#2840,0.281617859);
#2842=LINE('',#2839,#2841);
#2843=EDGE_CURVE('',#2836,#2838,#2842,.T.);
#2844=ORIENTED_EDGE('',*,*,#2843,.F.);
#2845=CARTESIAN_POINT('',(-0.859191102,-9.38559107,-5.749));
#2846=VERTEX_POINT('',#2845);
#2847=CARTESIAN_POINT('',(-0.859191102,-9.38559107,-5.749));
#2848=DIRECTION('',(-1.,0.,0.));
#2849=VECTOR('',#2848,0.281617859);
#2850=LINE('',#2847,#2849);
#2851=EDGE_CURVE('',#2846,#2836,#2850,.T.);
#2852=ORIENTED_EDGE('',*,*,#2851,.F.);
#2853=CARTESIAN_POINT('',(-0.859191102,-9.66720893,-5.749));
#2854=VERTEX_POINT('',#2853);
#2855=CARTESIAN_POINT('',(-0.859191102,-9.66720893,-5.749));
#2856=DIRECTION('',(-0.,1.,-0.));
#2857=VECTOR('',#2856,0.281617859);
#2858=LINE('',#2855,#2857);
#2859=EDGE_CURVE('',#2854,#2846,#2858,.T.);
#2860=ORIENTED_EDGE('',*,*,#2859,.F.);
#2861=CARTESIAN_POINT('',(-1.140808962,-9.66720893,-5.749));
#2862=DIRECTION('',(1.,0.,-0.));
#2863=VECTOR('',#2862,0.281617859);
#2864=LINE('',#2861,#2863);
#2865=EDGE_CURVE('',#2838,#2854,#2864,.T.);
#2866=ORIENTED_EDGE('',*,*,#2865,.F.);
#2867=EDGE_LOOP('',(#2844,#2852,#2860,#2866));
#2868=FACE_BOUND('',#2867,.T.);
#2869=ADVANCED_FACE('',(#2868),#2834,.F.);
#2870=CARTESIAN_POINT('',(-0.,-9.5264,-5.749));
#2871=DIRECTION('',(0.,0.,1.));
#2872=DIRECTION('',(-0.,1.,-0.));
#2873=AXIS2_PLACEMENT_3D('',#2870,#2871,#2872);
#2874=PLANE('',#2873);
#2875=CARTESIAN_POINT('',(-3.140809026,-9.38559107,-5.749));
#2876=VERTEX_POINT('',#2875);
#2877=CARTESIAN_POINT('',(-3.140809026,-9.66720893,-5.749));
#2878=VERTEX_POINT('',#2877);
#2879=CARTESIAN_POINT('',(-3.140809026,-9.38559107,-5.749));
#2880=DIRECTION('',(-0.,-1.,-0.));
#2881=VECTOR('',#2880,0.281617859);
#2882=LINE('',#2879,#2881);
#2883=EDGE_CURVE('',#2876,#2878,#2882,.T.);
#2884=ORIENTED_EDGE('',*,*,#2883,.F.);
#2885=CARTESIAN_POINT('',(-2.859191166,-9.38559107,-5.749));
#2886=VERTEX_POINT('',#2885);
#2887=CARTESIAN_POINT('',(-2.859191166,-9.38559107,-5.749));
#2888=DIRECTION('',(-1.,0.,0.));
#2889=VECTOR('',#2888,0.281617859);
#2890=LINE('',#2887,#2889);
#2891=EDGE_CURVE('',#2886,#2876,#2890,.T.);
#2892=ORIENTED_EDGE('',*,*,#2891,.F.);
#2893=CARTESIAN_POINT('',(-2.859191166,-9.66720893,-5.749));
#2894=VERTEX_POINT('',#2893);
#2895=CARTESIAN_POINT('',(-2.859191166,-9.66720893,-5.749));
#2896=DIRECTION('',(-0.,1.,-0.));
#2897=VECTOR('',#2896,0.281617859);
#2898=LINE('',#2895,#2897);
#2899=EDGE_CURVE('',#2894,#2886,#2898,.T.);
#2900=ORIENTED_EDGE('',*,*,#2899,.F.);
#2901=CARTESIAN_POINT('',(-3.140809026,-9.66720893,-5.749));
#2902=DIRECTION('',(1.,0.,-0.));
#2903=VECTOR('',#2902,0.281617859);
#2904=LINE('',#2901,#2903);
#2905=EDGE_CURVE('',#2878,#2894,#2904,.T.);
#2906=ORIENTED_EDGE('',*,*,#2905,.F.);
#2907=EDGE_LOOP('',(#2884,#2892,#2900,#2906));
#2908=FACE_BOUND('',#2907,.T.);
#2909=ADVANCED_FACE('',(#2908),#2874,.F.);
#2910=CARTESIAN_POINT('',(3.250000096,-9.5264,-5.449));
#2911=DIRECTION('',(0.939692621,0.,-0.342020143));
#2912=DIRECTION('',(-0.,1.,-0.));
#2913=AXIS2_PLACEMENT_3D('',#2910,#2911,#2912);
#2914=PLANE('',#2913);
#2915=CARTESIAN_POINT('',(3.250000096,-9.7764,-5.449));
#2916=VERTEX_POINT('',#2915);
#2917=CARTESIAN_POINT('',(3.250000096,-9.2764,-5.449));
#2918=VERTEX_POINT('',#2917);
#2919=CARTESIAN_POINT('',(3.250000096,-9.7764,-5.449));
#2920=DIRECTION('',(-0.,1.,-0.));
#2921=VECTOR('',#2920,0.5);
#2922=LINE('',#2919,#2921);
#2923=EDGE_CURVE('',#2916,#2918,#2922,.T.);
#2924=ORIENTED_EDGE('',*,*,#2923,.F.);
#2925=CARTESIAN_POINT('',(3.140809026,-9.66720893,-5.749));
#2926=DIRECTION('',(0.323615577,-0.323615577,0.889126491));
#2927=VECTOR('',#2926,0.33740981);
#2928=LINE('',#2925,#2927);
#2929=EDGE_CURVE('',#2774,#2916,#2928,.T.);
#2930=ORIENTED_EDGE('',*,*,#2929,.F.);
#2931=ORIENTED_EDGE('',*,*,#2779,.T.);
#2932=CARTESIAN_POINT('',(3.140809026,-9.38559107,-5.749));
#2933=DIRECTION('',(0.323615577,0.323615577,0.889126491));
#2934=VECTOR('',#2933,0.33740981);
#2935=LINE('',#2932,#2934);
#2936=EDGE_CURVE('',#2766,#2918,#2935,.T.);
#2937=ORIENTED_EDGE('',*,*,#2936,.T.);
#2938=EDGE_LOOP('',(#2924,#2930,#2931,#2937));
#2939=FACE_BOUND('',#2938,.T.);
#2940=ADVANCED_FACE('',(#2939),#2914,.T.);
#2941=CARTESIAN_POINT('',(-1.25000004,-9.7764,-5.449));
#2942=DIRECTION('',(0.,-0.939692621,-0.342020143));
#2943=DIRECTION('',(1.,0.,-0.));
#2944=AXIS2_PLACEMENT_3D('',#2941,#2942,#2943);
#2945=PLANE('',#2944);
#2946=CARTESIAN_POINT('',(2.750000096,-9.7764,-5.449));
#2947=VERTEX_POINT('',#2946);
#2948=CARTESIAN_POINT('',(2.750000096,-9.7764,-5.449));
#2949=DIRECTION('',(1.,0.,-0.));
#2950=VECTOR('',#2949,0.5);
#2951=LINE('',#2948,#2950);
#2952=EDGE_CURVE('',#2947,#2916,#2951,.T.);
#2953=ORIENTED_EDGE('',*,*,#2952,.F.);
#2954=CARTESIAN_POINT('',(2.859191166,-9.66720893,-5.749));
#2955=DIRECTION('',(-0.323615577,-0.323615577,0.889126491));
#2956=VECTOR('',#2955,0.33740981);
#2957=LINE('',#2954,#2956);
#2958=EDGE_CURVE('',#2758,#2947,#2957,.T.);
#2959=ORIENTED_EDGE('',*,*,#2958,.F.);
#2960=ORIENTED_EDGE('',*,*,#2785,.T.);
#2961=ORIENTED_EDGE('',*,*,#2929,.T.);
#2962=EDGE_LOOP('',(#2953,#2959,#2960,#2961));
#2963=FACE_BOUND('',#2962,.T.);
#2964=ADVANCED_FACE('',(#2963),#2945,.T.);
#2965=CARTESIAN_POINT('',(2.750000096,-9.5264,-5.449));
#2966=DIRECTION('',(-0.939692621,0.,-0.342020143));
#2967=DIRECTION('',(-0.,-1.,-0.));
#2968=AXIS2_PLACEMENT_3D('',#2965,#2966,#2967);
#2969=PLANE('',#2968);
#2970=CARTESIAN_POINT('',(2.750000096,-9.2764,-5.449));
#2971=VERTEX_POINT('',#2970);
#2972=CARTESIAN_POINT('',(2.750000096,-9.2764,-5.449));
#2973=DIRECTION('',(-0.,-1.,0.));
#2974=VECTOR('',#2973,0.5);
#2975=LINE('',#2972,#2974);
#2976=EDGE_CURVE('',#2971,#2947,#2975,.T.);
#2977=ORIENTED_EDGE('',*,*,#2976,.F.);
#2978=CARTESIAN_POINT('',(2.859191166,-9.38559107,-5.749));
#2979=DIRECTION('',(-0.323615577,0.323615577,0.889126491));
#2980=VECTOR('',#2979,0.33740981);
#2981=LINE('',#2978,#2980);
#2982=EDGE_CURVE('',#2756,#2971,#2981,.T.);
#2983=ORIENTED_EDGE('',*,*,#2982,.F.);
#2984=ORIENTED_EDGE('',*,*,#2763,.T.);
#2985=ORIENTED_EDGE('',*,*,#2958,.T.);
#2986=EDGE_LOOP('',(#2977,#2983,#2984,#2985));
#2987=FACE_BOUND('',#2986,.T.);
#2988=ADVANCED_FACE('',(#2987),#2969,.T.);
#2989=CARTESIAN_POINT('',(-1.25000004,-9.2764,-5.449));
#2990=DIRECTION('',(0.,0.939692621,-0.342020143));
#2991=DIRECTION('',(-1.,0.,0.));
#2992=AXIS2_PLACEMENT_3D('',#2989,#2990,#2991);
#2993=PLANE('',#2992);
#2994=CARTESIAN_POINT('',(3.250000096,-9.2764,-5.449));
#2995=DIRECTION('',(-1.,-0.,0.));
#2996=VECTOR('',#2995,0.5);
#2997=LINE('',#2994,#2996);
#2998=EDGE_CURVE('',#2918,#2971,#2997,.T.);
#2999=ORIENTED_EDGE('',*,*,#2998,.F.);
#3000=ORIENTED_EDGE('',*,*,#2936,.F.);
#3001=ORIENTED_EDGE('',*,*,#2771,.T.);
#3002=ORIENTED_EDGE('',*,*,#2982,.T.);
#3003=EDGE_LOOP('',(#2999,#3000,#3001,#3002));
#3004=FACE_BOUND('',#3003,.T.);
#3005=ADVANCED_FACE('',(#3004),#2993,.T.);
#3006=CARTESIAN_POINT('',(1.250000032,-9.5264,-5.449));
#3007=DIRECTION('',(0.939692621,0.,-0.342020143));
#3008=DIRECTION('',(-0.,1.,-0.));
#3009=AXIS2_PLACEMENT_3D('',#3006,#3007,#3008);
#3010=PLANE('',#3009);
#3011=CARTESIAN_POINT('',(1.250000032,-9.7764,-5.449));
#3012=VERTEX_POINT('',#3011);
#3013=CARTESIAN_POINT('',(1.250000032,-9.2764,-5.449));
#3014=VERTEX_POINT('',#3013);
#3015=CARTESIAN_POINT('',(1.250000032,-9.7764,-5.449));
#3016=DIRECTION('',(-0.,1.,-0.));
#3017=VECTOR('',#3016,0.5);
#3018=LINE('',#3015,#3017);
#3019=EDGE_CURVE('',#3012,#3014,#3018,.T.);
#3020=ORIENTED_EDGE('',*,*,#3019,.F.);
#3021=CARTESIAN_POINT('',(1.140808962,-9.66720893,-5.749));
#3022=DIRECTION('',(0.323615577,-0.323615577,0.889126491));
#3023=VECTOR('',#3022,0.33740981);
#3024=LINE('',#3021,#3023);
#3025=EDGE_CURVE('',#2814,#3012,#3024,.T.);
#3026=ORIENTED_EDGE('',*,*,#3025,.F.);
#3027=ORIENTED_EDGE('',*,*,#2819,.T.);
#3028=CARTESIAN_POINT('',(1.140808962,-9.38559107,-5.749));
#3029=DIRECTION('',(0.323615577,0.323615577,0.889126491));
#3030=VECTOR('',#3029,0.33740981);
#3031=LINE('',#3028,#3030);
#3032=EDGE_CURVE('',#2806,#3014,#3031,.T.);
#3033=ORIENTED_EDGE('',*,*,#3032,.T.);
#3034=EDGE_LOOP('',(#3020,#3026,#3027,#3033));
#3035=FACE_BOUND('',#3034,.T.);
#3036=ADVANCED_FACE('',(#3035),#3010,.T.);
#3037=CARTESIAN_POINT('',(-1.25000004,-9.7764,-5.449));
#3038=DIRECTION('',(0.,-0.939692621,-0.342020143));
#3039=DIRECTION('',(1.,0.,-0.));
#3040=AXIS2_PLACEMENT_3D('',#3037,#3038,#3039);
#3041=PLANE('',#3040);
#3042=CARTESIAN_POINT('',(0.750000032,-9.7764,-5.449));
#3043=VERTEX_POINT('',#3042);
#3044=CARTESIAN_POINT('',(0.750000032,-9.7764,-5.449));
#3045=DIRECTION('',(1.,0.,-0.));
#3046=VECTOR('',#3045,0.5);
#3047=LINE('',#3044,#3046);
#3048=EDGE_CURVE('',#3043,#3012,#3047,.T.);
#3049=ORIENTED_EDGE('',*,*,#3048,.F.);
#3050=CARTESIAN_POINT('',(0.859191102,-9.66720893,-5.749));
#3051=DIRECTION('',(-0.323615577,-0.323615577,0.889126491));
#3052=VECTOR('',#3051,0.33740981);
#3053=LINE('',#3050,#3052);
#3054=EDGE_CURVE('',#2798,#3043,#3053,.T.);
#3055=ORIENTED_EDGE('',*,*,#3054,.F.);
#3056=ORIENTED_EDGE('',*,*,#2825,.T.);
#3057=ORIENTED_EDGE('',*,*,#3025,.T.);
#3058=EDGE_LOOP('',(#3049,#3055,#3056,#3057));
#3059=FACE_BOUND('',#3058,.T.);
#3060=ADVANCED_FACE('',(#3059),#3041,.T.);
#3061=CARTESIAN_POINT('',(0.750000032,-9.5264,-5.449));
#3062=DIRECTION('',(-0.939692621,0.,-0.342020143));
#3063=DIRECTION('',(-0.,-1.,-0.));
#3064=AXIS2_PLACEMENT_3D('',#3061,#3062,#3063);
#3065=PLANE('',#3064);
#3066=CARTESIAN_POINT('',(0.750000032,-9.2764,-5.449));
#3067=VERTEX_POINT('',#3066);
#3068=CARTESIAN_POINT('',(0.750000032,-9.2764,-5.449));
#3069=DIRECTION('',(-0.,-1.,0.));
#3070=VECTOR('',#3069,0.5);
#3071=LINE('',#3068,#3070);
#3072=EDGE_CURVE('',#3067,#3043,#3071,.T.);
#3073=ORIENTED_EDGE('',*,*,#3072,.F.);
#3074=CARTESIAN_POINT('',(0.859191102,-9.38559107,-5.749));
#3075=DIRECTION('',(-0.323615577,0.323615577,0.889126491));
#3076=VECTOR('',#3075,0.33740981);
#3077=LINE('',#3074,#3076);
#3078=EDGE_CURVE('',#2796,#3067,#3077,.T.);
#3079=ORIENTED_EDGE('',*,*,#3078,.F.);
#3080=ORIENTED_EDGE('',*,*,#2803,.T.);
#3081=ORIENTED_EDGE('',*,*,#3054,.T.);
#3082=EDGE_LOOP('',(#3073,#3079,#3080,#3081));
#3083=FACE_BOUND('',#3082,.T.);
#3084=ADVANCED_FACE('',(#3083),#3065,.T.);
#3085=CARTESIAN_POINT('',(-1.25000004,-9.2764,-5.449));
#3086=DIRECTION('',(0.,0.939692621,-0.342020143));
#3087=DIRECTION('',(-1.,0.,0.));
#3088=AXIS2_PLACEMENT_3D('',#3085,#3086,#3087);
#3089=PLANE('',#3088);
#3090=CARTESIAN_POINT('',(1.250000032,-9.2764,-5.449));
#3091=DIRECTION('',(-1.,-0.,0.));
#3092=VECTOR('',#3091,0.5);
#3093=LINE('',#3090,#3092);
#3094=EDGE_CURVE('',#3014,#3067,#3093,.T.);
#3095=ORIENTED_EDGE('',*,*,#3094,.F.);
#3096=ORIENTED_EDGE('',*,*,#3032,.F.);
#3097=ORIENTED_EDGE('',*,*,#2811,.T.);
#3098=ORIENTED_EDGE('',*,*,#3078,.T.);
#3099=EDGE_LOOP('',(#3095,#3096,#3097,#3098));
#3100=FACE_BOUND('',#3099,.T.);
#3101=ADVANCED_FACE('',(#3100),#3089,.T.);
#3102=CARTESIAN_POINT('',(-0.750000032,-9.5264,-5.449));
#3103=DIRECTION('',(0.939692621,0.,-0.342020143));
#3104=DIRECTION('',(-0.,1.,-0.));
#3105=AXIS2_PLACEMENT_3D('',#3102,#3103,#3104);
#3106=PLANE('',#3105);
#3107=CARTESIAN_POINT('',(-0.750000032,-9.7764,-5.449));
#3108=VERTEX_POINT('',#3107);
#3109=CARTESIAN_POINT('',(-0.750000032,-9.2764,-5.449));
#3110=VERTEX_POINT('',#3109);
#3111=CARTESIAN_POINT('',(-0.750000032,-9.7764,-5.449));
#3112=DIRECTION('',(-0.,1.,-0.));
#3113=VECTOR('',#3112,0.5);
#3114=LINE('',#3111,#3113);
#3115=EDGE_CURVE('',#3108,#3110,#3114,.T.);
#3116=ORIENTED_EDGE('',*,*,#3115,.F.);
#3117=CARTESIAN_POINT('',(-0.859191102,-9.66720893,-5.749));
#3118=DIRECTION('',(0.323615577,-0.323615577,0.889126491));
#3119=VECTOR('',#3118,0.33740981);
#3120=LINE('',#3117,#3119);
#3121=EDGE_CURVE('',#2854,#3108,#3120,.T.);
#3122=ORIENTED_EDGE('',*,*,#3121,.F.);
#3123=ORIENTED_EDGE('',*,*,#2859,.T.);
#3124=CARTESIAN_POINT('',(-0.859191102,-9.38559107,-5.749));
#3125=DIRECTION('',(0.323615577,0.323615577,0.889126491));
#3126=VECTOR('',#3125,0.33740981);
#3127=LINE('',#3124,#3126);
#3128=EDGE_CURVE('',#2846,#3110,#3127,.T.);
#3129=ORIENTED_EDGE('',*,*,#3128,.T.);
#3130=EDGE_LOOP('',(#3116,#3122,#3123,#3129));
#3131=FACE_BOUND('',#3130,.T.);
#3132=ADVANCED_FACE('',(#3131),#3106,.T.);
#3133=CARTESIAN_POINT('',(-1.25000004,-9.7764,-5.449));
#3134=DIRECTION('',(0.,-0.939692621,-0.342020143));
#3135=DIRECTION('',(1.,0.,-0.));
#3136=AXIS2_PLACEMENT_3D('',#3133,#3134,#3135);
#3137=PLANE('',#3136);
#3138=CARTESIAN_POINT('',(-1.250000032,-9.7764,-5.449));
#3139=VERTEX_POINT('',#3138);
#3140=CARTESIAN_POINT('',(-1.250000032,-9.7764,-5.449));
#3141=DIRECTION('',(1.,0.,-0.));
#3142=VECTOR('',#3141,0.5);
#3143=LINE('',#3140,#3142);
#3144=EDGE_CURVE('',#3139,#3108,#3143,.T.);
#3145=ORIENTED_EDGE('',*,*,#3144,.F.);
#3146=CARTESIAN_POINT('',(-1.140808962,-9.66720893,-5.749));
#3147=DIRECTION('',(-0.323615577,-0.323615577,0.889126491));
#3148=VECTOR('',#3147,0.33740981);
#3149=LINE('',#3146,#3148);
#3150=EDGE_CURVE('',#2838,#3139,#3149,.T.);
#3151=ORIENTED_EDGE('',*,*,#3150,.F.);
#3152=ORIENTED_EDGE('',*,*,#2865,.T.);
#3153=ORIENTED_EDGE('',*,*,#3121,.T.);
#3154=EDGE_LOOP('',(#3145,#3151,#3152,#3153));
#3155=FACE_BOUND('',#3154,.T.);
#3156=ADVANCED_FACE('',(#3155),#3137,.T.);
#3157=CARTESIAN_POINT('',(-1.250000032,-9.5264,-5.449));
#3158=DIRECTION('',(-0.939692621,0.,-0.342020143));
#3159=DIRECTION('',(-0.,-1.,-0.));
#3160=AXIS2_PLACEMENT_3D('',#3157,#3158,#3159);
#3161=PLANE('',#3160);
#3162=CARTESIAN_POINT('',(-1.250000032,-9.2764,-5.449));
#3163=VERTEX_POINT('',#3162);
#3164=CARTESIAN_POINT('',(-1.250000032,-9.2764,-5.449));
#3165=DIRECTION('',(-0.,-1.,0.));
#3166=VECTOR('',#3165,0.5);
#3167=LINE('',#3164,#3166);
#3168=EDGE_CURVE('',#3163,#3139,#3167,.T.);
#3169=ORIENTED_EDGE('',*,*,#3168,.F.);
#3170=CARTESIAN_POINT('',(-1.140808962,-9.38559107,-5.749));
#3171=DIRECTION('',(-0.323615577,0.323615577,0.889126491));
#3172=VECTOR('',#3171,0.33740981);
#3173=LINE('',#3170,#3172);
#3174=EDGE_CURVE('',#2836,#3163,#3173,.T.);
#3175=ORIENTED_EDGE('',*,*,#3174,.F.);
#3176=ORIENTED_EDGE('',*,*,#2843,.T.);
#3177=ORIENTED_EDGE('',*,*,#3150,.T.);
#3178=EDGE_LOOP('',(#3169,#3175,#3176,#3177));
#3179=FACE_BOUND('',#3178,.T.);
#3180=ADVANCED_FACE('',(#3179),#3161,.T.);
#3181=CARTESIAN_POINT('',(-1.25000004,-9.2764,-5.449));
#3182=DIRECTION('',(0.,0.939692621,-0.342020143));
#3183=DIRECTION('',(-1.,0.,0.));
#3184=AXIS2_PLACEMENT_3D('',#3181,#3182,#3183);
#3185=PLANE('',#3184);
#3186=CARTESIAN_POINT('',(-0.750000032,-9.2764,-5.449));
#3187=DIRECTION('',(-1.,-0.,0.));
#3188=VECTOR('',#3187,0.5);
#3189=LINE('',#3186,#3188);
#3190=EDGE_CURVE('',#3110,#3163,#3189,.T.);
#3191=ORIENTED_EDGE('',*,*,#3190,.F.);
#3192=ORIENTED_EDGE('',*,*,#3128,.F.);
#3193=ORIENTED_EDGE('',*,*,#2851,.T.);
#3194=ORIENTED_EDGE('',*,*,#3174,.T.);
#3195=EDGE_LOOP('',(#3191,#3192,#3193,#3194));
#3196=FACE_BOUND('',#3195,.T.);
#3197=ADVANCED_FACE('',(#3196),#3185,.T.);
#3198=CARTESIAN_POINT('',(-1.25000004,-9.2764,-5.449));
#3199=DIRECTION('',(0.,0.939692621,-0.342020143));
#3200=DIRECTION('',(-1.,0.,0.));
#3201=AXIS2_PLACEMENT_3D('',#3198,#3199,#3200);
#3202=PLANE('',#3201);
#3203=CARTESIAN_POINT('',(-2.750000096,-9.2764,-5.449));
#3204=VERTEX_POINT('',#3203);
#3205=CARTESIAN_POINT('',(-3.250000096,-9.2764,-5.449));
#3206=VERTEX_POINT('',#3205);
#3207=CARTESIAN_POINT('',(-2.750000096,-9.2764,-5.449));
#3208=DIRECTION('',(-1.,-0.,0.));
#3209=VECTOR('',#3208,0.5);
#3210=LINE('',#3207,#3209);
#3211=EDGE_CURVE('',#3204,#3206,#3210,.T.);
#3212=ORIENTED_EDGE('',*,*,#3211,.F.);
#3213=CARTESIAN_POINT('',(-2.859191166,-9.38559107,-5.749));
#3214=DIRECTION('',(0.323615577,0.323615577,0.889126491));
#3215=VECTOR('',#3214,0.33740981);
#3216=LINE('',#3213,#3215);
#3217=EDGE_CURVE('',#2886,#3204,#3216,.T.);
#3218=ORIENTED_EDGE('',*,*,#3217,.F.);
#3219=ORIENTED_EDGE('',*,*,#2891,.T.);
#3220=CARTESIAN_POINT('',(-3.140809026,-9.38559107,-5.749));
#3221=DIRECTION('',(-0.323615577,0.323615577,0.889126491));
#3222=VECTOR('',#3221,0.33740981);
#3223=LINE('',#3220,#3222);
#3224=EDGE_CURVE('',#2876,#3206,#3223,.T.);
#3225=ORIENTED_EDGE('',*,*,#3224,.T.);
#3226=EDGE_LOOP('',(#3212,#3218,#3219,#3225));
#3227=FACE_BOUND('',#3226,.T.);
#3228=ADVANCED_FACE('',(#3227),#3202,.T.);
#3229=CARTESIAN_POINT('',(-2.750000096,-9.5264,-5.449));
#3230=DIRECTION('',(0.939692621,0.,-0.342020143));
#3231=DIRECTION('',(-0.,1.,-0.));
#3232=AXIS2_PLACEMENT_3D('',#3229,#3230,#3231);
#3233=PLANE('',#3232);
#3234=CARTESIAN_POINT('',(-2.750000096,-9.7764,-5.449));
#3235=VERTEX_POINT('',#3234);
#3236=CARTESIAN_POINT('',(-2.750000096,-9.7764,-5.449));
#3237=DIRECTION('',(-0.,1.,-0.));
#3238=VECTOR('',#3237,0.5);
#3239=LINE('',#3236,#3238);
#3240=EDGE_CURVE('',#3235,#3204,#3239,.T.);
#3241=ORIENTED_EDGE('',*,*,#3240,.F.);
#3242=CARTESIAN_POINT('',(-2.859191166,-9.66720893,-5.749));
#3243=DIRECTION('',(0.323615577,-0.323615577,0.889126491));
#3244=VECTOR('',#3243,0.33740981);
#3245=LINE('',#3242,#3244);
#3246=EDGE_CURVE('',#2894,#3235,#3245,.T.);
#3247=ORIENTED_EDGE('',*,*,#3246,.F.);
#3248=ORIENTED_EDGE('',*,*,#2899,.T.);
#3249=ORIENTED_EDGE('',*,*,#3217,.T.);
#3250=EDGE_LOOP('',(#3241,#3247,#3248,#3249));
#3251=FACE_BOUND('',#3250,.T.);
#3252=ADVANCED_FACE('',(#3251),#3233,.T.);
#3253=CARTESIAN_POINT('',(-1.25000004,-9.7764,-5.449));
#3254=DIRECTION('',(0.,-0.939692621,-0.342020143));
#3255=DIRECTION('',(1.,0.,-0.));
#3256=AXIS2_PLACEMENT_3D('',#3253,#3254,#3255);
#3257=PLANE('',#3256);
#3258=CARTESIAN_POINT('',(-3.250000096,-9.7764,-5.449));
#3259=VERTEX_POINT('',#3258);
#3260=CARTESIAN_POINT('',(-3.250000096,-9.7764,-5.449));
#3261=DIRECTION('',(1.,0.,-0.));
#3262=VECTOR('',#3261,0.5);
#3263=LINE('',#3260,#3262);
#3264=EDGE_CURVE('',#3259,#3235,#3263,.T.);
#3265=ORIENTED_EDGE('',*,*,#3264,.F.);
#3266=CARTESIAN_POINT('',(-3.140809026,-9.66720893,-5.749));
#3267=DIRECTION('',(-0.323615577,-0.323615577,0.889126491));
#3268=VECTOR('',#3267,0.33740981);
#3269=LINE('',#3266,#3268);
#3270=EDGE_CURVE('',#2878,#3259,#3269,.T.);
#3271=ORIENTED_EDGE('',*,*,#3270,.F.);
#3272=ORIENTED_EDGE('',*,*,#2905,.T.);
#3273=ORIENTED_EDGE('',*,*,#3246,.T.);
#3274=EDGE_LOOP('',(#3265,#3271,#3272,#3273));
#3275=FACE_BOUND('',#3274,.T.);
#3276=ADVANCED_FACE('',(#3275),#3257,.T.);
#3277=CARTESIAN_POINT('',(-3.250000096,-9.5264,-5.449));
#3278=DIRECTION('',(-0.939692621,0.,-0.342020143));
#3279=DIRECTION('',(-0.,-1.,-0.));
#3280=AXIS2_PLACEMENT_3D('',#3277,#3278,#3279);
#3281=PLANE('',#3280);
#3282=CARTESIAN_POINT('',(-3.250000096,-9.2764,-5.449));
#3283=DIRECTION('',(-0.,-1.,0.));
#3284=VECTOR('',#3283,0.5);
#3285=LINE('',#3282,#3284);
#3286=EDGE_CURVE('',#3206,#3259,#3285,.T.);
#3287=ORIENTED_EDGE('',*,*,#3286,.F.);
#3288=ORIENTED_EDGE('',*,*,#3224,.F.);
#3289=ORIENTED_EDGE('',*,*,#2883,.T.);
#3290=ORIENTED_EDGE('',*,*,#3270,.T.);
#3291=EDGE_LOOP('',(#3287,#3288,#3289,#3290));
#3292=FACE_BOUND('',#3291,.T.);
#3293=ADVANCED_FACE('',(#3292),#3281,.T.);
#3294=CARTESIAN_POINT('',(3.250000096,-9.7764,-5.449));
#3295=DIRECTION('',(1.,0.,-0.));
#3296=DIRECTION('',(0.,-1.,0.));
#3297=AXIS2_PLACEMENT_3D('',#3294,#3295,#3296);
#3298=PLANE('',#3297);
#3299=CARTESIAN_POINT('',(3.250000096,-9.2764,-2.6296));
#3300=VERTEX_POINT('',#3299);
#3301=CARTESIAN_POINT('',(3.250000096,-9.2764,-5.449));
#3302=DIRECTION('',(0.,0.,1.));
#3303=VECTOR('',#3302,2.8194);
#3304=LINE('',#3301,#3303);
#3305=EDGE_CURVE('',#2918,#3300,#3304,.T.);
#3306=ORIENTED_EDGE('',*,*,#3305,.T.);
#3307=CARTESIAN_POINT('',(3.250000096,-9.7764,-2.6296));
#3308=VERTEX_POINT('',#3307);
#3309=CARTESIAN_POINT('',(3.250000096,-9.2764,-2.6296));
#3310=DIRECTION('',(0.,-1.,0.));
#3311=VECTOR('',#3310,0.5);
#3312=LINE('',#3309,#3311);
#3313=EDGE_CURVE('',#3300,#3308,#3312,.T.);
#3314=ORIENTED_EDGE('',*,*,#3313,.T.);
#3315=CARTESIAN_POINT('',(3.250000096,-9.7764,-5.449));
#3316=DIRECTION('',(0.,-0.,1.));
#3317=VECTOR('',#3316,2.8194);
#3318=LINE('',#3315,#3317);
#3319=EDGE_CURVE('',#2916,#3308,#3318,.T.);
#3320=ORIENTED_EDGE('',*,*,#3319,.F.);
#3321=ORIENTED_EDGE('',*,*,#2923,.T.);
#3322=EDGE_LOOP('',(#3306,#3314,#3320,#3321));
#3323=FACE_BOUND('',#3322,.T.);
#3324=ADVANCED_FACE('',(#3323),#3298,.T.);
#3325=CARTESIAN_POINT('',(2.750000096,-9.7764,-5.449));
#3326=DIRECTION('',(0.,-1.,-0.));
#3327=DIRECTION('',(1.,0.,-0.));
#3328=AXIS2_PLACEMENT_3D('',#3325,#3326,#3327);
#3329=PLANE('',#3328);
#3330=ORIENTED_EDGE('',*,*,#3319,.T.);
#3331=CARTESIAN_POINT('',(2.750000096,-9.7764,-2.6296));
#3332=VERTEX_POINT('',#3331);
#3333=CARTESIAN_POINT('',(3.250000096,-9.7764,-2.6296));
#3334=DIRECTION('',(-1.,-0.,0.));
#3335=VECTOR('',#3334,0.5);
#3336=LINE('',#3333,#3335);
#3337=EDGE_CURVE('',#3308,#3332,#3336,.T.);
#3338=ORIENTED_EDGE('',*,*,#3337,.T.);
#3339=CARTESIAN_POINT('',(2.750000096,-9.7764,-5.449));
#3340=DIRECTION('',(0.,0.,1.));
#3341=VECTOR('',#3340,2.8194);
#3342=LINE('',#3339,#3341);
#3343=EDGE_CURVE('',#2947,#3332,#3342,.T.);
#3344=ORIENTED_EDGE('',*,*,#3343,.F.);
#3345=ORIENTED_EDGE('',*,*,#2952,.T.);
#3346=EDGE_LOOP('',(#3330,#3338,#3344,#3345));
#3347=FACE_BOUND('',#3346,.T.);
#3348=ADVANCED_FACE('',(#3347),#3329,.T.);
#3349=CARTESIAN_POINT('',(2.750000096,-9.2764,-5.449));
#3350=DIRECTION('',(-1.,0.,0.));
#3351=DIRECTION('',(-0.,-1.,0.));
#3352=AXIS2_PLACEMENT_3D('',#3349,#3350,#3351);
#3353=PLANE('',#3352);
#3354=ORIENTED_EDGE('',*,*,#3343,.T.);
#3355=CARTESIAN_POINT('',(2.750000096,-9.2764,-2.6296));
#3356=VERTEX_POINT('',#3355);
#3357=CARTESIAN_POINT('',(2.750000096,-9.7764,-2.6296));
#3358=DIRECTION('',(0.,1.,-0.));
#3359=VECTOR('',#3358,0.5);
#3360=LINE('',#3357,#3359);
#3361=EDGE_CURVE('',#3332,#3356,#3360,.T.);
#3362=ORIENTED_EDGE('',*,*,#3361,.T.);
#3363=CARTESIAN_POINT('',(2.750000096,-9.2764,-5.449));
#3364=DIRECTION('',(0.,0.,1.));
#3365=VECTOR('',#3364,2.8194);
#3366=LINE('',#3363,#3365);
#3367=EDGE_CURVE('',#2971,#3356,#3366,.T.);
#3368=ORIENTED_EDGE('',*,*,#3367,.F.);
#3369=ORIENTED_EDGE('',*,*,#2976,.T.);
#3370=EDGE_LOOP('',(#3354,#3362,#3368,#3369));
#3371=FACE_BOUND('',#3370,.T.);
#3372=ADVANCED_FACE('',(#3371),#3353,.T.);
#3373=CARTESIAN_POINT('',(-2.750000096,-9.2764,-5.449));
#3374=DIRECTION('',(-0.,1.,0.));
#3375=DIRECTION('',(-1.,-0.,0.));
#3376=AXIS2_PLACEMENT_3D('',#3373,#3374,#3375);
#3377=PLANE('',#3376);
#3378=ORIENTED_EDGE('',*,*,#3367,.T.);
#3379=CARTESIAN_POINT('',(2.750000096,-9.2764,-2.6296));
#3380=DIRECTION('',(1.,0.,-0.));
#3381=VECTOR('',#3380,0.5);
#3382=LINE('',#3379,#3381);
#3383=EDGE_CURVE('',#3356,#3300,#3382,.T.);
#3384=ORIENTED_EDGE('',*,*,#3383,.T.);
#3385=ORIENTED_EDGE('',*,*,#3305,.F.);
#3386=ORIENTED_EDGE('',*,*,#2998,.T.);
#3387=EDGE_LOOP('',(#3378,#3384,#3385,#3386));
#3388=FACE_BOUND('',#3387,.T.);
#3389=ADVANCED_FACE('',(#3388),#3377,.T.);
#3390=CARTESIAN_POINT('',(1.250000032,-9.7764,-5.449));
#3391=DIRECTION('',(1.,0.,-0.));
#3392=DIRECTION('',(0.,-1.,0.));
#3393=AXIS2_PLACEMENT_3D('',#3390,#3391,#3392);
#3394=PLANE('',#3393);
#3395=CARTESIAN_POINT('',(1.250000032,-9.2764,-2.6296));
#3396=VERTEX_POINT('',#3395);
#3397=CARTESIAN_POINT('',(1.250000032,-9.2764,-5.449));
#3398=DIRECTION('',(0.,0.,1.));
#3399=VECTOR('',#3398,2.8194);
#3400=LINE('',#3397,#3399);
#3401=EDGE_CURVE('',#3014,#3396,#3400,.T.);
#3402=ORIENTED_EDGE('',*,*,#3401,.T.);
#3403=CARTESIAN_POINT('',(1.250000032,-9.7764,-2.6296));
#3404=VERTEX_POINT('',#3403);
#3405=CARTESIAN_POINT('',(1.250000032,-9.2764,-2.6296));
#3406=DIRECTION('',(0.,-1.,0.));
#3407=VECTOR('',#3406,0.5);
#3408=LINE('',#3405,#3407);
#3409=EDGE_CURVE('',#3396,#3404,#3408,.T.);
#3410=ORIENTED_EDGE('',*,*,#3409,.T.);
#3411=CARTESIAN_POINT('',(1.250000032,-9.7764,-5.449));
#3412=DIRECTION('',(0.,-0.,1.));
#3413=VECTOR('',#3412,2.8194);
#3414=LINE('',#3411,#3413);
#3415=EDGE_CURVE('',#3012,#3404,#3414,.T.);
#3416=ORIENTED_EDGE('',*,*,#3415,.F.);
#3417=ORIENTED_EDGE('',*,*,#3019,.T.);
#3418=EDGE_LOOP('',(#3402,#3410,#3416,#3417));
#3419=FACE_BOUND('',#3418,.T.);
#3420=ADVANCED_FACE('',(#3419),#3394,.T.);
#3421=CARTESIAN_POINT('',(2.750000096,-9.7764,-5.449));
#3422=DIRECTION('',(0.,-1.,-0.));
#3423=DIRECTION('',(1.,0.,-0.));
#3424=AXIS2_PLACEMENT_3D('',#3421,#3422,#3423);
#3425=PLANE('',#3424);
#3426=ORIENTED_EDGE('',*,*,#3415,.T.);
#3427=CARTESIAN_POINT('',(0.750000032,-9.7764,-2.6296));
#3428=VERTEX_POINT('',#3427);
#3429=CARTESIAN_POINT('',(1.250000032,-9.7764,-2.6296));
#3430=DIRECTION('',(-1.,-0.,0.));
#3431=VECTOR('',#3430,0.5);
#3432=LINE('',#3429,#3431);
#3433=EDGE_CURVE('',#3404,#3428,#3432,.T.);
#3434=ORIENTED_EDGE('',*,*,#3433,.T.);
#3435=CARTESIAN_POINT('',(0.750000032,-9.7764,-5.449));
#3436=DIRECTION('',(0.,0.,1.));
#3437=VECTOR('',#3436,2.8194);
#3438=LINE('',#3435,#3437);
#3439=EDGE_CURVE('',#3043,#3428,#3438,.T.);
#3440=ORIENTED_EDGE('',*,*,#3439,.F.);
#3441=ORIENTED_EDGE('',*,*,#3048,.T.);
#3442=EDGE_LOOP('',(#3426,#3434,#3440,#3441));
#3443=FACE_BOUND('',#3442,.T.);
#3444=ADVANCED_FACE('',(#3443),#3425,.T.);
#3445=CARTESIAN_POINT('',(0.750000032,-9.2764,-5.449));
#3446=DIRECTION('',(-1.,0.,0.));
#3447=DIRECTION('',(-0.,-1.,0.));
#3448=AXIS2_PLACEMENT_3D('',#3445,#3446,#3447);
#3449=PLANE('',#3448);
#3450=ORIENTED_EDGE('',*,*,#3439,.T.);
#3451=CARTESIAN_POINT('',(0.750000032,-9.2764,-2.6296));
#3452=VERTEX_POINT('',#3451);
#3453=CARTESIAN_POINT('',(0.750000032,-9.7764,-2.6296));
#3454=DIRECTION('',(0.,1.,-0.));
#3455=VECTOR('',#3454,0.5);
#3456=LINE('',#3453,#3455);
#3457=EDGE_CURVE('',#3428,#3452,#3456,.T.);
#3458=ORIENTED_EDGE('',*,*,#3457,.T.);
#3459=CARTESIAN_POINT('',(0.750000032,-9.2764,-5.449));
#3460=DIRECTION('',(0.,0.,1.));
#3461=VECTOR('',#3460,2.8194);
#3462=LINE('',#3459,#3461);
#3463=EDGE_CURVE('',#3067,#3452,#3462,.T.);
#3464=ORIENTED_EDGE('',*,*,#3463,.F.);
#3465=ORIENTED_EDGE('',*,*,#3072,.T.);
#3466=EDGE_LOOP('',(#3450,#3458,#3464,#3465));
#3467=FACE_BOUND('',#3466,.T.);
#3468=ADVANCED_FACE('',(#3467),#3449,.T.);
#3469=CARTESIAN_POINT('',(-2.750000096,-9.2764,-5.449));
#3470=DIRECTION('',(-0.,1.,0.));
#3471=DIRECTION('',(-1.,-0.,0.));
#3472=AXIS2_PLACEMENT_3D('',#3469,#3470,#3471);
#3473=PLANE('',#3472);
#3474=ORIENTED_EDGE('',*,*,#3463,.T.);
#3475=CARTESIAN_POINT('',(0.750000032,-9.2764,-2.6296));
#3476=DIRECTION('',(1.,0.,-0.));
#3477=VECTOR('',#3476,0.5);
#3478=LINE('',#3475,#3477);
#3479=EDGE_CURVE('',#3452,#3396,#3478,.T.);
#3480=ORIENTED_EDGE('',*,*,#3479,.T.);
#3481=ORIENTED_EDGE('',*,*,#3401,.F.);
#3482=ORIENTED_EDGE('',*,*,#3094,.T.);
#3483=EDGE_LOOP('',(#3474,#3480,#3481,#3482));
#3484=FACE_BOUND('',#3483,.T.);
#3485=ADVANCED_FACE('',(#3484),#3473,.T.);
#3486=CARTESIAN_POINT('',(-0.750000032,-9.7764,-5.449));
#3487=DIRECTION('',(1.,0.,-0.));
#3488=DIRECTION('',(0.,-1.,0.));
#3489=AXIS2_PLACEMENT_3D('',#3486,#3487,#3488);
#3490=PLANE('',#3489);
#3491=CARTESIAN_POINT('',(-0.750000032,-9.2764,-2.6296));
#3492=VERTEX_POINT('',#3491);
#3493=CARTESIAN_POINT('',(-0.750000032,-9.2764,-5.449));
#3494=DIRECTION('',(0.,0.,1.));
#3495=VECTOR('',#3494,2.8194);
#3496=LINE('',#3493,#3495);
#3497=EDGE_CURVE('',#3110,#3492,#3496,.T.);
#3498=ORIENTED_EDGE('',*,*,#3497,.T.);
#3499=CARTESIAN_POINT('',(-0.750000032,-9.7764,-2.6296));
#3500=VERTEX_POINT('',#3499);
#3501=CARTESIAN_POINT('',(-0.750000032,-9.2764,-2.6296));
#3502=DIRECTION('',(0.,-1.,0.));
#3503=VECTOR('',#3502,0.5);
#3504=LINE('',#3501,#3503);
#3505=EDGE_CURVE('',#3492,#3500,#3504,.T.);
#3506=ORIENTED_EDGE('',*,*,#3505,.T.);
#3507=CARTESIAN_POINT('',(-0.750000032,-9.7764,-5.449));
#3508=DIRECTION('',(0.,-0.,1.));
#3509=VECTOR('',#3508,2.8194);
#3510=LINE('',#3507,#3509);
#3511=EDGE_CURVE('',#3108,#3500,#3510,.T.);
#3512=ORIENTED_EDGE('',*,*,#3511,.F.);
#3513=ORIENTED_EDGE('',*,*,#3115,.T.);
#3514=EDGE_LOOP('',(#3498,#3506,#3512,#3513));
#3515=FACE_BOUND('',#3514,.T.);
#3516=ADVANCED_FACE('',(#3515),#3490,.T.);
#3517=CARTESIAN_POINT('',(2.750000096,-9.7764,-5.449));
#3518=DIRECTION('',(0.,-1.,-0.));
#3519=DIRECTION('',(1.,0.,-0.));
#3520=AXIS2_PLACEMENT_3D('',#3517,#3518,#3519);
#3521=PLANE('',#3520);
#3522=ORIENTED_EDGE('',*,*,#3511,.T.);
#3523=CARTESIAN_POINT('',(-1.250000032,-9.7764,-2.6296));
#3524=VERTEX_POINT('',#3523);
#3525=CARTESIAN_POINT('',(-0.750000032,-9.7764,-2.6296));
#3526=DIRECTION('',(-1.,-0.,0.));
#3527=VECTOR('',#3526,0.5);
#3528=LINE('',#3525,#3527);
#3529=EDGE_CURVE('',#3500,#3524,#3528,.T.);
#3530=ORIENTED_EDGE('',*,*,#3529,.T.);
#3531=CARTESIAN_POINT('',(-1.250000032,-9.7764,-5.449));
#3532=DIRECTION('',(0.,0.,1.));
#3533=VECTOR('',#3532,2.8194);
#3534=LINE('',#3531,#3533);
#3535=EDGE_CURVE('',#3139,#3524,#3534,.T.);
#3536=ORIENTED_EDGE('',*,*,#3535,.F.);
#3537=ORIENTED_EDGE('',*,*,#3144,.T.);
#3538=EDGE_LOOP('',(#3522,#3530,#3536,#3537));
#3539=FACE_BOUND('',#3538,.T.);
#3540=ADVANCED_FACE('',(#3539),#3521,.T.);
#3541=CARTESIAN_POINT('',(-1.250000032,-9.2764,-5.449));
#3542=DIRECTION('',(-1.,0.,0.));
#3543=DIRECTION('',(-0.,-1.,0.));
#3544=AXIS2_PLACEMENT_3D('',#3541,#3542,#3543);
#3545=PLANE('',#3544);
#3546=ORIENTED_EDGE('',*,*,#3535,.T.);
#3547=CARTESIAN_POINT('',(-1.250000032,-9.2764,-2.6296));
#3548=VERTEX_POINT('',#3547);
#3549=CARTESIAN_POINT('',(-1.250000032,-9.7764,-2.6296));
#3550=DIRECTION('',(0.,1.,-0.));
#3551=VECTOR('',#3550,0.5);
#3552=LINE('',#3549,#3551);
#3553=EDGE_CURVE('',#3524,#3548,#3552,.T.);
#3554=ORIENTED_EDGE('',*,*,#3553,.T.);
#3555=CARTESIAN_POINT('',(-1.250000032,-9.2764,-5.449));
#3556=DIRECTION('',(0.,0.,1.));
#3557=VECTOR('',#3556,2.8194);
#3558=LINE('',#3555,#3557);
#3559=EDGE_CURVE('',#3163,#3548,#3558,.T.);
#3560=ORIENTED_EDGE('',*,*,#3559,.F.);
#3561=ORIENTED_EDGE('',*,*,#3168,.T.);
#3562=EDGE_LOOP('',(#3546,#3554,#3560,#3561));
#3563=FACE_BOUND('',#3562,.T.);
#3564=ADVANCED_FACE('',(#3563),#3545,.T.);
#3565=CARTESIAN_POINT('',(-2.750000096,-9.2764,-5.449));
#3566=DIRECTION('',(-0.,1.,0.));
#3567=DIRECTION('',(-1.,-0.,0.));
#3568=AXIS2_PLACEMENT_3D('',#3565,#3566,#3567);
#3569=PLANE('',#3568);
#3570=ORIENTED_EDGE('',*,*,#3559,.T.);
#3571=CARTESIAN_POINT('',(-1.250000032,-9.2764,-2.6296));
#3572=DIRECTION('',(1.,0.,-0.));
#3573=VECTOR('',#3572,0.5);
#3574=LINE('',#3571,#3573);
#3575=EDGE_CURVE('',#3548,#3492,#3574,.T.);
#3576=ORIENTED_EDGE('',*,*,#3575,.T.);
#3577=ORIENTED_EDGE('',*,*,#3497,.F.);
#3578=ORIENTED_EDGE('',*,*,#3190,.T.);
#3579=EDGE_LOOP('',(#3570,#3576,#3577,#3578));
#3580=FACE_BOUND('',#3579,.T.);
#3581=ADVANCED_FACE('',(#3580),#3569,.T.);
#3582=CARTESIAN_POINT('',(-2.750000096,-9.2764,-5.449));
#3583=DIRECTION('',(-0.,1.,0.));
#3584=DIRECTION('',(-1.,-0.,0.));
#3585=AXIS2_PLACEMENT_3D('',#3582,#3583,#3584);
#3586=PLANE('',#3585);
#3587=CARTESIAN_POINT('',(-3.250000096,-9.2764,-2.6296));
#3588=VERTEX_POINT('',#3587);
#3589=CARTESIAN_POINT('',(-3.250000096,-9.2764,-5.449));
#3590=DIRECTION('',(0.,0.,1.));
#3591=VECTOR('',#3590,2.8194);
#3592=LINE('',#3589,#3591);
#3593=EDGE_CURVE('',#3206,#3588,#3592,.T.);
#3594=ORIENTED_EDGE('',*,*,#3593,.T.);
#3595=CARTESIAN_POINT('',(-2.750000096,-9.2764,-2.6296));
#3596=VERTEX_POINT('',#3595);
#3597=CARTESIAN_POINT('',(-3.250000096,-9.2764,-2.6296));
#3598=DIRECTION('',(1.,0.,-0.));
#3599=VECTOR('',#3598,0.5);
#3600=LINE('',#3597,#3599);
#3601=EDGE_CURVE('',#3588,#3596,#3600,.T.);
#3602=ORIENTED_EDGE('',*,*,#3601,.T.);
#3603=CARTESIAN_POINT('',(-2.750000096,-9.2764,-5.449));
#3604=DIRECTION('',(0.,0.,1.));
#3605=VECTOR('',#3604,2.8194);
#3606=LINE('',#3603,#3605);
#3607=EDGE_CURVE('',#3204,#3596,#3606,.T.);
#3608=ORIENTED_EDGE('',*,*,#3607,.F.);
#3609=ORIENTED_EDGE('',*,*,#3211,.T.);
#3610=EDGE_LOOP('',(#3594,#3602,#3608,#3609));
#3611=FACE_BOUND('',#3610,.T.);
#3612=ADVANCED_FACE('',(#3611),#3586,.T.);
#3613=CARTESIAN_POINT('',(-2.750000096,-9.7764,-5.449));
#3614=DIRECTION('',(1.,0.,-0.));
#3615=DIRECTION('',(0.,-1.,0.));
#3616=AXIS2_PLACEMENT_3D('',#3613,#3614,#3615);
#3617=PLANE('',#3616);
#3618=ORIENTED_EDGE('',*,*,#3607,.T.);
#3619=CARTESIAN_POINT('',(-2.750000096,-9.7764,-2.6296));
#3620=VERTEX_POINT('',#3619);
#3621=CARTESIAN_POINT('',(-2.750000096,-9.2764,-2.6296));
#3622=DIRECTION('',(0.,-1.,0.));
#3623=VECTOR('',#3622,0.5);
#3624=LINE('',#3621,#3623);
#3625=EDGE_CURVE('',#3596,#3620,#3624,.T.);
#3626=ORIENTED_EDGE('',*,*,#3625,.T.);
#3627=CARTESIAN_POINT('',(-2.750000096,-9.7764,-5.449));
#3628=DIRECTION('',(0.,-0.,1.));
#3629=VECTOR('',#3628,2.8194);
#3630=LINE('',#3627,#3629);
#3631=EDGE_CURVE('',#3235,#3620,#3630,.T.);
#3632=ORIENTED_EDGE('',*,*,#3631,.F.);
#3633=ORIENTED_EDGE('',*,*,#3240,.T.);
#3634=EDGE_LOOP('',(#3618,#3626,#3632,#3633));
#3635=FACE_BOUND('',#3634,.T.);
#3636=ADVANCED_FACE('',(#3635),#3617,.T.);
#3637=CARTESIAN_POINT('',(2.750000096,-9.7764,-5.449));
#3638=DIRECTION('',(0.,-1.,-0.));
#3639=DIRECTION('',(1.,0.,-0.));
#3640=AXIS2_PLACEMENT_3D('',#3637,#3638,#3639);
#3641=PLANE('',#3640);
#3642=ORIENTED_EDGE('',*,*,#3631,.T.);
#3643=CARTESIAN_POINT('',(-3.250000096,-9.7764,-2.6296));
#3644=VERTEX_POINT('',#3643);
#3645=CARTESIAN_POINT('',(-2.750000096,-9.7764,-2.6296));
#3646=DIRECTION('',(-1.,-0.,0.));
#3647=VECTOR('',#3646,0.5);
#3648=LINE('',#3645,#3647);
#3649=EDGE_CURVE('',#3620,#3644,#3648,.T.);
#3650=ORIENTED_EDGE('',*,*,#3649,.T.);
#3651=CARTESIAN_POINT('',(-3.250000096,-9.7764,-5.449));
#3652=DIRECTION('',(0.,0.,1.));
#3653=VECTOR('',#3652,2.8194);
#3654=LINE('',#3651,#3653);
#3655=EDGE_CURVE('',#3259,#3644,#3654,.T.);
#3656=ORIENTED_EDGE('',*,*,#3655,.F.);
#3657=ORIENTED_EDGE('',*,*,#3264,.T.);
#3658=EDGE_LOOP('',(#3642,#3650,#3656,#3657));
#3659=FACE_BOUND('',#3658,.T.);
#3660=ADVANCED_FACE('',(#3659),#3641,.T.);
#3661=CARTESIAN_POINT('',(-3.250000096,-9.2764,-5.449));
#3662=DIRECTION('',(-1.,0.,0.));
#3663=DIRECTION('',(-0.,-1.,0.));
#3664=AXIS2_PLACEMENT_3D('',#3661,#3662,#3663);
#3665=PLANE('',#3664);
#3666=ORIENTED_EDGE('',*,*,#3655,.T.);
#3667=CARTESIAN_POINT('',(-3.250000096,-9.7764,-2.6296));
#3668=DIRECTION('',(0.,1.,-0.));
#3669=VECTOR('',#3668,0.5);
#3670=LINE('',#3667,#3669);
#3671=EDGE_CURVE('',#3644,#3588,#3670,.T.);
#3672=ORIENTED_EDGE('',*,*,#3671,.T.);
#3673=ORIENTED_EDGE('',*,*,#3593,.F.);
#3674=ORIENTED_EDGE('',*,*,#3286,.T.);
#3675=EDGE_LOOP('',(#3666,#3672,#3673,#3674));
#3676=FACE_BOUND('',#3675,.T.);
#3677=ADVANCED_FACE('',(#3676),#3665,.T.);
#3678=CARTESIAN_POINT('',(-0.,-9.5264,-2.6296));
#3679=DIRECTION('',(0.,0.,1.));
#3680=DIRECTION('',(-0.,1.,-0.));
#3681=AXIS2_PLACEMENT_3D('',#3678,#3679,#3680);
#3682=PLANE('',#3681);
#3683=ORIENTED_EDGE('',*,*,#3383,.F.);
#3684=ORIENTED_EDGE('',*,*,#3361,.F.);
#3685=ORIENTED_EDGE('',*,*,#3337,.F.);
#3686=ORIENTED_EDGE('',*,*,#3313,.F.);
#3687=EDGE_LOOP('',(#3683,#3684,#3685,#3686));
#3688=FACE_BOUND('',#3687,.T.);
#3689=ORIENTED_EDGE('',*,*,#3479,.F.);
#3690=ORIENTED_EDGE('',*,*,#3457,.F.);
#3691=ORIENTED_EDGE('',*,*,#3433,.F.);
#3692=ORIENTED_EDGE('',*,*,#3409,.F.);
#3693=EDGE_LOOP('',(#3689,#3690,#3691,#3692));
#3694=FACE_BOUND('',#3693,.T.);
#3695=ORIENTED_EDGE('',*,*,#3575,.F.);
#3696=ORIENTED_EDGE('',*,*,#3553,.F.);
#3697=ORIENTED_EDGE('',*,*,#3529,.F.);
#3698=ORIENTED_EDGE('',*,*,#3505,.F.);
#3699=EDGE_LOOP('',(#3695,#3696,#3697,#3698));
#3700=FACE_BOUND('',#3699,.T.);
#3701=ORIENTED_EDGE('',*,*,#3671,.F.);
#3702=ORIENTED_EDGE('',*,*,#3649,.F.);
#3703=ORIENTED_EDGE('',*,*,#3625,.F.);
#3704=ORIENTED_EDGE('',*,*,#3601,.F.);
#3705=EDGE_LOOP('',(#3701,#3702,#3703,#3704));
#3706=FACE_BOUND('',#3705,.T.);
#3707=ORIENTED_EDGE('',*,*,#2664,.F.);
#3708=ORIENTED_EDGE('',*,*,#1473,.F.);
#3709=CARTESIAN_POINT('',(-3.825500096,-8.309,-2.6296));
#3710=DIRECTION('',(-1.,-0.,0.));
#3711=VECTOR('',#3710,0.5334);
#3712=LINE('',#3709,#3711);
#3713=EDGE_CURVE('',#1436,#1460,#3712,.T.);
#3714=ORIENTED_EDGE('',*,*,#3713,.F.);
#3715=ORIENTED_EDGE('',*,*,#1441,.F.);
#3716=ORIENTED_EDGE('',*,*,#1313,.F.);
#3717=ORIENTED_EDGE('',*,*,#1559,.F.);
#3718=ORIENTED_EDGE('',*,*,#1361,.F.);
#3719=ORIENTED_EDGE('',*,*,#1544,.F.);
#3720=CARTESIAN_POINT('',(4.358900096,-8.309,-2.6296));
#3721=DIRECTION('',(-1.,-0.,0.));
#3722=VECTOR('',#3721,0.5334);
#3723=LINE('',#3720,#3722);
#3724=EDGE_CURVE('',#1509,#1533,#3723,.T.);
#3725=ORIENTED_EDGE('',*,*,#3724,.F.);
#3726=ORIENTED_EDGE('',*,*,#1514,.F.);
#3727=ORIENTED_EDGE('',*,*,#1898,.F.);
#3728=ORIENTED_EDGE('',*,*,#2709,.F.);
#3729=EDGE_LOOP('',(#3707,#3708,#3714,#3715,#3716,#3717,#3718,#3719,#3725,#3726,#3727,#3728));
#3730=FACE_BOUND('',#3729,.T.);
#3731=ADVANCED_FACE('',(#3688,#3694,#3700,#3706,#3730),#3682,.F.);
#3732=OVER_RIDING_STYLED_ITEM('',(#1338),#3731,#1291);
#3733=CARTESIAN_POINT('',(4.447800096,-8.9694,-4.4584));
#3734=DIRECTION('',(0.,-1.,0.));
#3735=DIRECTION('',(1.,0.,-0.));
#3736=AXIS2_PLACEMENT_3D('',#3733,#3734,#3735);
#3737=PLANE('',#3736);
#3738=ORIENTED_EDGE('',*,*,#2637,.F.);
#3739=ORIENTED_EDGE('',*,*,#1409,.F.);
#3740=ORIENTED_EDGE('',*,*,#2654,.T.);
#3741=CARTESIAN_POINT('',(-4.447800096,-8.9694,-4.4584));
#3742=DIRECTION('',(-1.,-0.,0.));
#3743=VECTOR('',#3742,0.4826);
#3744=LINE('',#3741,#3743);
#3745=EDGE_CURVE('',#2649,#2606,#3744,.T.);
#3746=ORIENTED_EDGE('',*,*,#3745,.T.);
#3747=EDGE_LOOP('',(#3738,#3739,#3740,#3746));
#3748=FACE_BOUND('',#3747,.T.);
#3749=ADVANCED_FACE('',(#3748),#3737,.T.);
#3750=OVER_RIDING_STYLED_ITEM('',(#1338),#3749,#1291);
#3751=CARTESIAN_POINT('',(4.447800096,-10.2394,-4.4584));
#3752=DIRECTION('',(-0.,-0.,-1.));
#3753=DIRECTION('',(1.,0.,-0.));
#3754=AXIS2_PLACEMENT_3D('',#3751,#3752,#3753);
#3755=PLANE('',#3754);
#3756=ORIENTED_EDGE('',*,*,#2613,.F.);
#3757=ORIENTED_EDGE('',*,*,#3745,.F.);
#3758=ORIENTED_EDGE('',*,*,#2694,.T.);
#3759=CARTESIAN_POINT('',(-4.447800096,-10.2394,-4.4584));
#3760=DIRECTION('',(-1.,-0.,0.));
#3761=VECTOR('',#3760,0.4826);
#3762=LINE('',#3759,#3761);
#3763=EDGE_CURVE('',#2683,#2608,#3762,.T.);
#3764=ORIENTED_EDGE('',*,*,#3763,.T.);
#3765=EDGE_LOOP('',(#3756,#3757,#3758,#3764));
#3766=FACE_BOUND('',#3765,.T.);
#3767=ADVANCED_FACE('',(#3766),#3755,.T.);
#3768=OVER_RIDING_STYLED_ITEM('',(#1338),#3767,#1291);
#3769=CARTESIAN_POINT('',(4.447800096,-10.2394,-6.6428));
#3770=DIRECTION('',(-0.,1.,-0.));
#3771=DIRECTION('',(0.,0.,1.));
#3772=AXIS2_PLACEMENT_3D('',#3769,#3770,#3771);
#3773=PLANE('',#3772);
#3774=ORIENTED_EDGE('',*,*,#2621,.F.);
#3775=ORIENTED_EDGE('',*,*,#3763,.F.);
#3776=ORIENTED_EDGE('',*,*,#2688,.T.);
#3777=ORIENTED_EDGE('',*,*,#2742,.T.);
#3778=EDGE_LOOP('',(#3774,#3775,#3776,#3777));
#3779=FACE_BOUND('',#3778,.T.);
#3780=ADVANCED_FACE('',(#3779),#3773,.T.);
#3781=OVER_RIDING_STYLED_ITEM('',(#1338),#3780,#1291);
#3782=CARTESIAN_POINT('',(-2.174500096,-7.8264,-1.3088));
#3783=DIRECTION('',(-1.,-0.,0.));
#3784=DIRECTION('',(-0.,-0.,-1.));
#3785=AXIS2_PLACEMENT_3D('',#3782,#3783,#3784);
#3786=PLANE('',#3785);
#3787=CARTESIAN_POINT('',(-2.174500096,-7.8264,-1.3088));
#3788=DIRECTION('',(0.,-0.933106567,0.359599965));
#3789=VECTOR('',#3788,1.553948982);
#3790=LINE('',#3787,#3789);
#3791=EDGE_CURVE('',#1604,#2525,#3790,.T.);
#3792=ORIENTED_EDGE('',*,*,#3791,.T.);
#3793=ORIENTED_EDGE('',*,*,#2530,.F.);
#3794=ORIENTED_EDGE('',*,*,#1617,.F.);
#3795=EDGE_LOOP('',(#3792,#3793,#3794));
#3796=FACE_BOUND('',#3795,.T.);
#3797=ADVANCED_FACE('',(#3796),#3786,.T.);
#3798=OVER_RIDING_STYLED_ITEM('',(#1338),#3797,#1291);
#3799=CARTESIAN_POINT('',(-3.825500096,-8.309,-0.75));
#3800=DIRECTION('',(1.,0.,-0.));
#3801=DIRECTION('',(0.,-1.,0.));
#3802=AXIS2_PLACEMENT_3D('',#3799,#3800,#3801);
#3803=PLANE('',#3802);
#3804=CARTESIAN_POINT('',(-3.825500096,-8.309,-1.122815945));
#3805=VERTEX_POINT('',#3804);
#3806=CARTESIAN_POINT('',(-3.825500096,-8.309,-0.75));
#3807=DIRECTION('',(-0.,-0.,-1.));
#3808=VECTOR('',#3807,0.372815945);
#3809=LINE('',#3806,#3808);
#3810=EDGE_CURVE('',#1914,#3805,#3809,.T.);
#3811=ORIENTED_EDGE('',*,*,#3810,.F.);
#3812=ORIENTED_EDGE('',*,*,#1980,.F.);
#3813=CARTESIAN_POINT('',(-3.825500096,-8.309,-1.122815945));
#3814=DIRECTION('',(0.,-0.933106567,0.359599965));
#3815=VECTOR('',#3814,1.036751894);
#3816=LINE('',#3813,#3815);
#3817=EDGE_CURVE('',#3805,#1969,#3816,.T.);
#3818=ORIENTED_EDGE('',*,*,#3817,.F.);
#3819=EDGE_LOOP('',(#3811,#3812,#3818));
#3820=FACE_BOUND('',#3819,.T.);
#3821=ADVANCED_FACE('',(#3820),#3803,.T.);
#3822=OVER_RIDING_STYLED_ITEM('',(#1338),#3821,#1291);
#3823=CARTESIAN_POINT('',(2.174500096,-9.7764,-0.75));
#3824=DIRECTION('',(0.,-0.200983083,0.979594712));
#3825=DIRECTION('',(-1.,-0.,0.));
#3826=AXIS2_PLACEMENT_3D('',#3823,#3824,#3825);
#3827=PLANE('',#3826);
#3828=ORIENTED_EDGE('',*,*,#2575,.F.);
#3829=ORIENTED_EDGE('',*,*,#2554,.F.);
#3830=CARTESIAN_POINT('',(-2.750000096,-9.7764,-0.75));
#3831=DIRECTION('',(-1.,-0.,0.));
#3832=VECTOR('',#3831,0.5);
#3833=LINE('',#3830,#3832);
#3834=EDGE_CURVE('',#2541,#1953,#3833,.T.);
#3835=ORIENTED_EDGE('',*,*,#3834,.T.);
#3836=ORIENTED_EDGE('',*,*,#1958,.F.);
#3837=ORIENTED_EDGE('',*,*,#2592,.T.);
#3838=ORIENTED_EDGE('',*,*,#2305,.F.);
#3839=EDGE_LOOP('',(#3828,#3829,#3835,#3836,#3837,#3838));
#3840=FACE_BOUND('',#3839,.T.);
#3841=ADVANCED_FACE('',(#3840),#3827,.T.);
#3842=OVER_RIDING_STYLED_ITEM('',(#1338),#3841,#1291);
#3843=CARTESIAN_POINT('',(2.174500096,-7.8264,-1.3088));
#3844=DIRECTION('',(-0.,0.359599965,0.933106567));
#3845=DIRECTION('',(-0.,0.933106567,-0.359599965));
#3846=AXIS2_PLACEMENT_3D('',#3843,#3844,#3845);
#3847=PLANE('',#3846);
#3848=ORIENTED_EDGE('',*,*,#3791,.F.);
#3849=ORIENTED_EDGE('',*,*,#1609,.F.);
#3850=CARTESIAN_POINT('',(-3.825500096,-7.8264,-1.3088));
#3851=DIRECTION('',(0.,-0.933106567,0.359599965));
#3852=VECTOR('',#3851,0.517197089);
#3853=LINE('',#3850,#3852);
#3854=EDGE_CURVE('',#1596,#3805,#3853,.T.);
#3855=ORIENTED_EDGE('',*,*,#3854,.T.);
#3856=ORIENTED_EDGE('',*,*,#3817,.T.);
#3857=ORIENTED_EDGE('',*,*,#1974,.T.);
#3858=CARTESIAN_POINT('',(-3.250000096,-9.2764,-0.75));
#3859=DIRECTION('',(1.,0.,-0.));
#3860=VECTOR('',#3859,0.5);
#3861=LINE('',#3858,#3860);
#3862=EDGE_CURVE('',#1961,#2533,#3861,.T.);
#3863=ORIENTED_EDGE('',*,*,#3862,.T.);
#3864=ORIENTED_EDGE('',*,*,#2538,.T.);
#3865=EDGE_LOOP('',(#3848,#3849,#3855,#3856,#3857,#3863,#3864));
#3866=FACE_BOUND('',#3865,.T.);
#3867=ADVANCED_FACE('',(#3866),#3847,.T.);
#3868=OVER_RIDING_STYLED_ITEM('',(#1338),#3867,#1291);
#3869=CARTESIAN_POINT('',(6.000000192,-9.5264,2.298));
#3870=DIRECTION('',(-0.,-0.,-1.));
#3871=DIRECTION('',(1.,0.,-0.));
#3872=AXIS2_PLACEMENT_3D('',#3869,#3870,#3871);
#3873=PLANE('',#3872);
#3874=CARTESIAN_POINT('',(-3.139061969,-9.665461873,2.298));
#3875=VERTEX_POINT('',#3874);
#3876=CARTESIAN_POINT('',(-3.139061969,-9.387338127,2.298));
#3877=VERTEX_POINT('',#3876);
#3878=CARTESIAN_POINT('',(-3.139061969,-9.665461873,2.298));
#3879=DIRECTION('',(-0.,1.,-0.));
#3880=VECTOR('',#3879,0.278123745);
#3881=LINE('',#3878,#3880);
#3882=EDGE_CURVE('',#3875,#3877,#3881,.T.);
#3883=ORIENTED_EDGE('',*,*,#3882,.F.);
#3884=CARTESIAN_POINT('',(-2.860938223,-9.665461873,2.298));
#3885=VERTEX_POINT('',#3884);
#3886=CARTESIAN_POINT('',(-2.860938223,-9.665461873,2.298));
#3887=DIRECTION('',(-1.,-0.,0.));
#3888=VECTOR('',#3887,0.278123745);
#3889=LINE('',#3886,#3888);
#3890=EDGE_CURVE('',#3885,#3875,#3889,.T.);
#3891=ORIENTED_EDGE('',*,*,#3890,.F.);
#3892=CARTESIAN_POINT('',(-2.860938223,-9.387338127,2.298));
#3893=VERTEX_POINT('',#3892);
#3894=CARTESIAN_POINT('',(-2.860938223,-9.387338127,2.298));
#3895=DIRECTION('',(0.,-1.,-0.));
#3896=VECTOR('',#3895,0.278123745);
#3897=LINE('',#3894,#3896);
#3898=EDGE_CURVE('',#3893,#3885,#3897,.T.);
#3899=ORIENTED_EDGE('',*,*,#3898,.F.);
#3900=CARTESIAN_POINT('',(-3.139061969,-9.387338127,2.298));
#3901=DIRECTION('',(1.,-0.,-0.));
#3902=VECTOR('',#3901,0.278123745);
#3903=LINE('',#3900,#3902);
#3904=EDGE_CURVE('',#3877,#3893,#3903,.T.);
#3905=ORIENTED_EDGE('',*,*,#3904,.F.);
#3906=EDGE_LOOP('',(#3883,#3891,#3899,#3905));
#3907=FACE_BOUND('',#3906,.T.);
#3908=ADVANCED_FACE('',(#3907),#3873,.F.);
#3909=CARTESIAN_POINT('',(4.750000152,-9.7764,1.9932));
#3910=DIRECTION('',(0.,-0.939692621,0.342020143));
#3911=DIRECTION('',(-1.,-0.,0.));
#3912=AXIS2_PLACEMENT_3D('',#3909,#3910,#3911);
#3913=PLANE('',#3912);
#3914=CARTESIAN_POINT('',(-3.250000096,-9.7764,1.9932));
#3915=VERTEX_POINT('',#3914);
#3916=CARTESIAN_POINT('',(-2.750000096,-9.7764,1.9932));
#3917=VERTEX_POINT('',#3916);
#3918=CARTESIAN_POINT('',(-3.250000096,-9.7764,1.9932));
#3919=DIRECTION('',(1.,0.,-0.));
#3920=VECTOR('',#3919,0.5);
#3921=LINE('',#3918,#3920);
#3922=EDGE_CURVE('',#3915,#3917,#3921,.T.);
#3923=ORIENTED_EDGE('',*,*,#3922,.T.);
#3924=CARTESIAN_POINT('',(-2.860938223,-9.665461873,2.298));
#3925=DIRECTION('',(0.323615577,-0.323615577,-0.889126491));
#3926=VECTOR('',#3925,0.342808367);
#3927=LINE('',#3924,#3926);
#3928=EDGE_CURVE('',#3885,#3917,#3927,.T.);
#3929=ORIENTED_EDGE('',*,*,#3928,.F.);
#3930=ORIENTED_EDGE('',*,*,#3890,.T.);
#3931=CARTESIAN_POINT('',(-3.139061969,-9.665461873,2.298));
#3932=DIRECTION('',(-0.323615577,-0.323615577,-0.889126491));
#3933=VECTOR('',#3932,0.342808367);
#3934=LINE('',#3931,#3933);
#3935=EDGE_CURVE('',#3875,#3915,#3934,.T.);
#3936=ORIENTED_EDGE('',*,*,#3935,.T.);
#3937=EDGE_LOOP('',(#3923,#3929,#3930,#3936));
#3938=FACE_BOUND('',#3937,.T.);
#3939=ADVANCED_FACE('',(#3938),#3913,.T.);
#3940=CARTESIAN_POINT('',(-3.250000096,-9.5264,1.9932));
#3941=DIRECTION('',(-0.939692621,-0.,0.342020143));
#3942=DIRECTION('',(-0.342020143,-0.,-0.939692621));
#3943=AXIS2_PLACEMENT_3D('',#3940,#3941,#3942);
#3944=PLANE('',#3943);
#3945=CARTESIAN_POINT('',(-3.250000096,-9.2764,1.9932));
#3946=VERTEX_POINT('',#3945);
#3947=CARTESIAN_POINT('',(-3.250000096,-9.2764,1.9932));
#3948=DIRECTION('',(0.,-1.,0.));
#3949=VECTOR('',#3948,0.5);
#3950=LINE('',#3947,#3949);
#3951=EDGE_CURVE('',#3946,#3915,#3950,.T.);
#3952=ORIENTED_EDGE('',*,*,#3951,.T.);
#3953=ORIENTED_EDGE('',*,*,#3935,.F.);
#3954=ORIENTED_EDGE('',*,*,#3882,.T.);
#3955=CARTESIAN_POINT('',(-3.139061969,-9.387338127,2.298));
#3956=DIRECTION('',(-0.323615577,0.323615577,-0.889126491));
#3957=VECTOR('',#3956,0.342808367);
#3958=LINE('',#3955,#3957);
#3959=EDGE_CURVE('',#3877,#3946,#3958,.T.);
#3960=ORIENTED_EDGE('',*,*,#3959,.T.);
#3961=EDGE_LOOP('',(#3952,#3953,#3954,#3960));
#3962=FACE_BOUND('',#3961,.T.);
#3963=ADVANCED_FACE('',(#3962),#3944,.T.);
#3964=CARTESIAN_POINT('',(4.750000152,-9.2764,1.9932));
#3965=DIRECTION('',(0.,0.939692621,0.342020143));
#3966=DIRECTION('',(0.,-0.342020143,0.939692621));
#3967=AXIS2_PLACEMENT_3D('',#3964,#3965,#3966);
#3968=PLANE('',#3967);
#3969=CARTESIAN_POINT('',(-2.750000096,-9.2764,1.9932));
#3970=VERTEX_POINT('',#3969);
#3971=CARTESIAN_POINT('',(-2.750000096,-9.2764,1.9932));
#3972=DIRECTION('',(-1.,0.,0.));
#3973=VECTOR('',#3972,0.5);
#3974=LINE('',#3971,#3973);
#3975=EDGE_CURVE('',#3970,#3946,#3974,.T.);
#3976=ORIENTED_EDGE('',*,*,#3975,.T.);
#3977=ORIENTED_EDGE('',*,*,#3959,.F.);
#3978=ORIENTED_EDGE('',*,*,#3904,.T.);
#3979=CARTESIAN_POINT('',(-2.860938223,-9.387338127,2.298));
#3980=DIRECTION('',(0.323615577,0.323615577,-0.889126491));
#3981=VECTOR('',#3980,0.342808367);
#3982=LINE('',#3979,#3981);
#3983=EDGE_CURVE('',#3893,#3970,#3982,.T.);
#3984=ORIENTED_EDGE('',*,*,#3983,.T.);
#3985=EDGE_LOOP('',(#3976,#3977,#3978,#3984));
#3986=FACE_BOUND('',#3985,.T.);
#3987=ADVANCED_FACE('',(#3986),#3968,.T.);
#3988=CARTESIAN_POINT('',(-2.750000096,-9.5264,1.9932));
#3989=DIRECTION('',(0.939692621,0.,0.342020143));
#3990=DIRECTION('',(-0.,1.,0.));
#3991=AXIS2_PLACEMENT_3D('',#3988,#3989,#3990);
#3992=PLANE('',#3991);
#3993=CARTESIAN_POINT('',(-2.750000096,-9.7764,1.9932));
#3994=DIRECTION('',(-0.,1.,0.));
#3995=VECTOR('',#3994,0.5);
#3996=LINE('',#3993,#3995);
#3997=EDGE_CURVE('',#3917,#3970,#3996,.T.);
#3998=ORIENTED_EDGE('',*,*,#3997,.T.);
#3999=ORIENTED_EDGE('',*,*,#3983,.F.);
#4000=ORIENTED_EDGE('',*,*,#3898,.T.);
#4001=ORIENTED_EDGE('',*,*,#3928,.T.);
#4002=EDGE_LOOP('',(#3998,#3999,#4000,#4001));
#4003=FACE_BOUND('',#4002,.T.);
#4004=ADVANCED_FACE('',(#4003),#3992,.T.);
#4005=CARTESIAN_POINT('',(-2.750000096,-9.7764,-5.449));
#4006=DIRECTION('',(1.,0.,-0.));
#4007=DIRECTION('',(0.,-1.,0.));
#4008=AXIS2_PLACEMENT_3D('',#4005,#4006,#4007);
#4009=PLANE('',#4008);
#4010=ORIENTED_EDGE('',*,*,#2546,.F.);
#4011=CARTESIAN_POINT('',(-2.750000096,-9.2764,-0.75));
#4012=DIRECTION('',(0.,0.,1.));
#4013=VECTOR('',#4012,2.7432);
#4014=LINE('',#4011,#4013);
#4015=EDGE_CURVE('',#2533,#3970,#4014,.T.);
#4016=ORIENTED_EDGE('',*,*,#4015,.T.);
#4017=ORIENTED_EDGE('',*,*,#3997,.F.);
#4018=CARTESIAN_POINT('',(-2.750000096,-9.7764,-0.75));
#4019=DIRECTION('',(0.,-0.,1.));
#4020=VECTOR('',#4019,2.7432);
#4021=LINE('',#4018,#4020);
#4022=EDGE_CURVE('',#2541,#3917,#4021,.T.);
#4023=ORIENTED_EDGE('',*,*,#4022,.F.);
#4024=EDGE_LOOP('',(#4010,#4016,#4017,#4023));
#4025=FACE_BOUND('',#4024,.T.);
#4026=ADVANCED_FACE('',(#4025),#4009,.T.);
#4027=CARTESIAN_POINT('',(-2.750000096,-9.2764,-5.449));
#4028=DIRECTION('',(-0.,1.,0.));
#4029=DIRECTION('',(-1.,-0.,0.));
#4030=AXIS2_PLACEMENT_3D('',#4027,#4028,#4029);
#4031=PLANE('',#4030);
#4032=ORIENTED_EDGE('',*,*,#3862,.F.);
#4033=CARTESIAN_POINT('',(-3.250000096,-9.2764,-0.75));
#4034=DIRECTION('',(0.,0.,1.));
#4035=VECTOR('',#4034,2.7432);
#4036=LINE('',#4033,#4035);
#4037=EDGE_CURVE('',#1961,#3946,#4036,.T.);
#4038=ORIENTED_EDGE('',*,*,#4037,.T.);
#4039=ORIENTED_EDGE('',*,*,#3975,.F.);
#4040=ORIENTED_EDGE('',*,*,#4015,.F.);
#4041=EDGE_LOOP('',(#4032,#4038,#4039,#4040));
#4042=FACE_BOUND('',#4041,.T.);
#4043=ADVANCED_FACE('',(#4042),#4031,.T.);
#4044=CARTESIAN_POINT('',(-3.250000096,-9.2764,-5.449));
#4045=DIRECTION('',(-1.,0.,0.));
#4046=DIRECTION('',(-0.,-1.,0.));
#4047=AXIS2_PLACEMENT_3D('',#4044,#4045,#4046);
#4048=PLANE('',#4047);
#4049=ORIENTED_EDGE('',*,*,#1966,.F.);
#4050=CARTESIAN_POINT('',(-3.250000096,-9.7764,-0.75));
#4051=DIRECTION('',(0.,0.,1.));
#4052=VECTOR('',#4051,2.7432);
#4053=LINE('',#4050,#4052);
#4054=EDGE_CURVE('',#1953,#3915,#4053,.T.);
#4055=ORIENTED_EDGE('',*,*,#4054,.T.);
#4056=ORIENTED_EDGE('',*,*,#3951,.F.);
#4057=ORIENTED_EDGE('',*,*,#4037,.F.);
#4058=EDGE_LOOP('',(#4049,#4055,#4056,#4057));
#4059=FACE_BOUND('',#4058,.T.);
#4060=ADVANCED_FACE('',(#4059),#4048,.T.);
#4061=CARTESIAN_POINT('',(2.750000096,-9.7764,-5.449));
#4062=DIRECTION('',(0.,-1.,-0.));
#4063=DIRECTION('',(1.,0.,-0.));
#4064=AXIS2_PLACEMENT_3D('',#4061,#4062,#4063);
#4065=PLANE('',#4064);
#4066=ORIENTED_EDGE('',*,*,#3834,.F.);
#4067=ORIENTED_EDGE('',*,*,#4022,.T.);
#4068=ORIENTED_EDGE('',*,*,#3922,.F.);
#4069=ORIENTED_EDGE('',*,*,#4054,.F.);
#4070=EDGE_LOOP('',(#4066,#4067,#4068,#4069));
#4071=FACE_BOUND('',#4070,.T.);
#4072=ADVANCED_FACE('',(#4071),#4065,.T.);
#4073=CARTESIAN_POINT('',(-0.174500032,-7.8264,-1.3088));
#4074=DIRECTION('',(-1.,-0.,0.));
#4075=DIRECTION('',(-0.,-0.,-1.));
#4076=AXIS2_PLACEMENT_3D('',#4073,#4074,#4075);
#4077=PLANE('',#4076);
#4078=CARTESIAN_POINT('',(-0.174500032,-7.8264,-1.3088));
#4079=DIRECTION('',(0.,-0.933106567,0.359599965));
#4080=VECTOR('',#4079,1.553948982);
#4081=LINE('',#4078,#4080);
#4082=EDGE_CURVE('',#1636,#2404,#4081,.T.);
#4083=ORIENTED_EDGE('',*,*,#4082,.T.);
#4084=ORIENTED_EDGE('',*,*,#2409,.F.);
#4085=ORIENTED_EDGE('',*,*,#1649,.F.);
#4086=EDGE_LOOP('',(#4083,#4084,#4085));
#4087=FACE_BOUND('',#4086,.T.);
#4088=ADVANCED_FACE('',(#4087),#4077,.T.);
#4089=OVER_RIDING_STYLED_ITEM('',(#1338),#4088,#1291);
#4090=CARTESIAN_POINT('',(-1.825500032,-12.5,-1.3088));
#4091=DIRECTION('',(1.,0.,-0.));
#4092=DIRECTION('',(0.,-1.,0.));
#4093=AXIS2_PLACEMENT_3D('',#4090,#4091,#4092);
#4094=PLANE('',#4093);
#4095=CARTESIAN_POINT('',(-1.825500032,-7.8264,-1.3088));
#4096=DIRECTION('',(0.,-0.933106567,0.359599965));
#4097=VECTOR('',#4096,1.553948982);
#4098=LINE('',#4095,#4097);
#4099=EDGE_CURVE('',#1628,#2510,#4098,.T.);
#4100=ORIENTED_EDGE('',*,*,#4099,.F.);
#4101=ORIENTED_EDGE('',*,*,#1633,.T.);
#4102=ORIENTED_EDGE('',*,*,#2521,.F.);
#4103=EDGE_LOOP('',(#4100,#4101,#4102));
#4104=FACE_BOUND('',#4103,.T.);
#4105=ADVANCED_FACE('',(#4104),#4094,.T.);
#4106=OVER_RIDING_STYLED_ITEM('',(#1338),#4105,#1291);
#4107=CARTESIAN_POINT('',(2.174500096,-9.7764,-0.75));
#4108=DIRECTION('',(0.,-0.200983083,0.979594712));
#4109=DIRECTION('',(-1.,-0.,0.));
#4110=AXIS2_PLACEMENT_3D('',#4107,#4108,#4109);
#4111=PLANE('',#4110);
#4112=ORIENTED_EDGE('',*,*,#2454,.F.);
#4113=ORIENTED_EDGE('',*,*,#2433,.F.);
#4114=CARTESIAN_POINT('',(-1.250000032,-9.7764,-0.75));
#4115=DIRECTION('',(1.,0.,-0.));
#4116=VECTOR('',#4115,0.5);
#4117=LINE('',#4114,#4116);
#4118=EDGE_CURVE('',#2494,#2420,#4117,.T.);
#4119=ORIENTED_EDGE('',*,*,#4118,.F.);
#4120=ORIENTED_EDGE('',*,*,#2499,.F.);
#4121=ORIENTED_EDGE('',*,*,#2473,.T.);
#4122=ORIENTED_EDGE('',*,*,#2273,.F.);
#4123=EDGE_LOOP('',(#4112,#4113,#4119,#4120,#4121,#4122));
#4124=FACE_BOUND('',#4123,.T.);
#4125=ADVANCED_FACE('',(#4124),#4111,.T.);
#4126=OVER_RIDING_STYLED_ITEM('',(#1338),#4125,#1291);
#4127=CARTESIAN_POINT('',(2.174500096,-7.8264,-1.3088));
#4128=DIRECTION('',(-0.,0.359599965,0.933106567));
#4129=DIRECTION('',(-0.,0.933106567,-0.359599965));
#4130=AXIS2_PLACEMENT_3D('',#4127,#4128,#4129);
#4131=PLANE('',#4130);
#4132=ORIENTED_EDGE('',*,*,#4082,.F.);
#4133=ORIENTED_EDGE('',*,*,#1641,.F.);
#4134=ORIENTED_EDGE('',*,*,#4099,.T.);
#4135=ORIENTED_EDGE('',*,*,#2515,.T.);
#4136=CARTESIAN_POINT('',(-1.250000032,-9.2764,-0.75));
#4137=DIRECTION('',(1.,0.,-0.));
#4138=VECTOR('',#4137,0.5);
#4139=LINE('',#4136,#4138);
#4140=EDGE_CURVE('',#2502,#2412,#4139,.T.);
#4141=ORIENTED_EDGE('',*,*,#4140,.T.);
#4142=ORIENTED_EDGE('',*,*,#2417,.T.);
#4143=EDGE_LOOP('',(#4132,#4133,#4134,#4135,#4141,#4142));
#4144=FACE_BOUND('',#4143,.T.);
#4145=ADVANCED_FACE('',(#4144),#4131,.T.);
#4146=OVER_RIDING_STYLED_ITEM('',(#1338),#4145,#1291);
#4147=CARTESIAN_POINT('',(6.000000192,-9.5264,2.298));
#4148=DIRECTION('',(-0.,-0.,-1.));
#4149=DIRECTION('',(1.,0.,-0.));
#4150=AXIS2_PLACEMENT_3D('',#4147,#4148,#4149);
#4151=PLANE('',#4150);
#4152=CARTESIAN_POINT('',(-1.139061905,-9.665461873,2.298));
#4153=VERTEX_POINT('',#4152);
#4154=CARTESIAN_POINT('',(-1.139061905,-9.387338127,2.298));
#4155=VERTEX_POINT('',#4154);
#4156=CARTESIAN_POINT('',(-1.139061905,-9.665461873,2.298));
#4157=DIRECTION('',(-0.,1.,-0.));
#4158=VECTOR('',#4157,0.278123745);
#4159=LINE('',#4156,#4158);
#4160=EDGE_CURVE('',#4153,#4155,#4159,.T.);
#4161=ORIENTED_EDGE('',*,*,#4160,.F.);
#4162=CARTESIAN_POINT('',(-0.860938159,-9.665461873,2.298));
#4163=VERTEX_POINT('',#4162);
#4164=CARTESIAN_POINT('',(-0.860938159,-9.665461873,2.298));
#4165=DIRECTION('',(-1.,-0.,0.));
#4166=VECTOR('',#4165,0.278123745);
#4167=LINE('',#4164,#4166);
#4168=EDGE_CURVE('',#4163,#4153,#4167,.T.);
#4169=ORIENTED_EDGE('',*,*,#4168,.F.);
#4170=CARTESIAN_POINT('',(-0.860938159,-9.387338127,2.298));
#4171=VERTEX_POINT('',#4170);
#4172=CARTESIAN_POINT('',(-0.860938159,-9.387338127,2.298));
#4173=DIRECTION('',(0.,-1.,-0.));
#4174=VECTOR('',#4173,0.278123745);
#4175=LINE('',#4172,#4174);
#4176=EDGE_CURVE('',#4171,#4163,#4175,.T.);
#4177=ORIENTED_EDGE('',*,*,#4176,.F.);
#4178=CARTESIAN_POINT('',(-1.139061905,-9.387338127,2.298));
#4179=DIRECTION('',(1.,-0.,-0.));
#4180=VECTOR('',#4179,0.278123745);
#4181=LINE('',#4178,#4180);
#4182=EDGE_CURVE('',#4155,#4171,#4181,.T.);
#4183=ORIENTED_EDGE('',*,*,#4182,.F.);
#4184=EDGE_LOOP('',(#4161,#4169,#4177,#4183));
#4185=FACE_BOUND('',#4184,.T.);
#4186=ADVANCED_FACE('',(#4185),#4151,.F.);
#4187=CARTESIAN_POINT('',(-1.250000032,-9.5264,1.9932));
#4188=DIRECTION('',(-0.939692621,-0.,0.342020143));
#4189=DIRECTION('',(-0.342020143,-0.,-0.939692621));
#4190=AXIS2_PLACEMENT_3D('',#4187,#4188,#4189);
#4191=PLANE('',#4190);
#4192=CARTESIAN_POINT('',(-1.250000032,-9.2764,1.9932));
#4193=VERTEX_POINT('',#4192);
#4194=CARTESIAN_POINT('',(-1.250000032,-9.7764,1.9932));
#4195=VERTEX_POINT('',#4194);
#4196=CARTESIAN_POINT('',(-1.250000032,-9.2764,1.9932));
#4197=DIRECTION('',(0.,-1.,0.));
#4198=VECTOR('',#4197,0.5);
#4199=LINE('',#4196,#4198);
#4200=EDGE_CURVE('',#4193,#4195,#4199,.T.);
#4201=ORIENTED_EDGE('',*,*,#4200,.T.);
#4202=CARTESIAN_POINT('',(-1.139061905,-9.665461873,2.298));
#4203=DIRECTION('',(-0.323615577,-0.323615577,-0.889126491));
#4204=VECTOR('',#4203,0.342808367);
#4205=LINE('',#4202,#4204);
#4206=EDGE_CURVE('',#4153,#4195,#4205,.T.);
#4207=ORIENTED_EDGE('',*,*,#4206,.F.);
#4208=ORIENTED_EDGE('',*,*,#4160,.T.);
#4209=CARTESIAN_POINT('',(-1.139061905,-9.387338127,2.298));
#4210=DIRECTION('',(-0.323615577,0.323615577,-0.889126491));
#4211=VECTOR('',#4210,0.342808367);
#4212=LINE('',#4209,#4211);
#4213=EDGE_CURVE('',#4155,#4193,#4212,.T.);
#4214=ORIENTED_EDGE('',*,*,#4213,.T.);
#4215=EDGE_LOOP('',(#4201,#4207,#4208,#4214));
#4216=FACE_BOUND('',#4215,.T.);
#4217=ADVANCED_FACE('',(#4216),#4191,.T.);
#4218=CARTESIAN_POINT('',(4.750000152,-9.2764,1.9932));
#4219=DIRECTION('',(0.,0.939692621,0.342020143));
#4220=DIRECTION('',(0.,-0.342020143,0.939692621));
#4221=AXIS2_PLACEMENT_3D('',#4218,#4219,#4220);
#4222=PLANE('',#4221);
#4223=CARTESIAN_POINT('',(-0.750000032,-9.2764,1.9932));
#4224=VERTEX_POINT('',#4223);
#4225=CARTESIAN_POINT('',(-0.750000032,-9.2764,1.9932));
#4226=DIRECTION('',(-1.,0.,0.));
#4227=VECTOR('',#4226,0.5);
#4228=LINE('',#4225,#4227);
#4229=EDGE_CURVE('',#4224,#4193,#4228,.T.);
#4230=ORIENTED_EDGE('',*,*,#4229,.T.);
#4231=ORIENTED_EDGE('',*,*,#4213,.F.);
#4232=ORIENTED_EDGE('',*,*,#4182,.T.);
#4233=CARTESIAN_POINT('',(-0.860938159,-9.387338127,2.298));
#4234=DIRECTION('',(0.323615577,0.323615577,-0.889126491));
#4235=VECTOR('',#4234,0.342808367);
#4236=LINE('',#4233,#4235);
#4237=EDGE_CURVE('',#4171,#4224,#4236,.T.);
#4238=ORIENTED_EDGE('',*,*,#4237,.T.);
#4239=EDGE_LOOP('',(#4230,#4231,#4232,#4238));
#4240=FACE_BOUND('',#4239,.T.);
#4241=ADVANCED_FACE('',(#4240),#4222,.T.);
#4242=CARTESIAN_POINT('',(-0.750000032,-9.5264,1.9932));
#4243=DIRECTION('',(0.939692621,0.,0.342020143));
#4244=DIRECTION('',(-0.,1.,0.));
#4245=AXIS2_PLACEMENT_3D('',#4242,#4243,#4244);
#4246=PLANE('',#4245);
#4247=CARTESIAN_POINT('',(-0.750000032,-9.7764,1.9932));
#4248=VERTEX_POINT('',#4247);
#4249=CARTESIAN_POINT('',(-0.750000032,-9.7764,1.9932));
#4250=DIRECTION('',(-0.,1.,0.));
#4251=VECTOR('',#4250,0.5);
#4252=LINE('',#4249,#4251);
#4253=EDGE_CURVE('',#4248,#4224,#4252,.T.);
#4254=ORIENTED_EDGE('',*,*,#4253,.T.);
#4255=ORIENTED_EDGE('',*,*,#4237,.F.);
#4256=ORIENTED_EDGE('',*,*,#4176,.T.);
#4257=CARTESIAN_POINT('',(-0.860938159,-9.665461873,2.298));
#4258=DIRECTION('',(0.323615577,-0.323615577,-0.889126491));
#4259=VECTOR('',#4258,0.342808367);
#4260=LINE('',#4257,#4259);
#4261=EDGE_CURVE('',#4163,#4248,#4260,.T.);
#4262=ORIENTED_EDGE('',*,*,#4261,.T.);
#4263=EDGE_LOOP('',(#4254,#4255,#4256,#4262));
#4264=FACE_BOUND('',#4263,.T.);
#4265=ADVANCED_FACE('',(#4264),#4246,.T.);
#4266=CARTESIAN_POINT('',(4.750000152,-9.7764,1.9932));
#4267=DIRECTION('',(0.,-0.939692621,0.342020143));
#4268=DIRECTION('',(-1.,-0.,0.));
#4269=AXIS2_PLACEMENT_3D('',#4266,#4267,#4268);
#4270=PLANE('',#4269);
#4271=CARTESIAN_POINT('',(-1.250000032,-9.7764,1.9932));
#4272=DIRECTION('',(1.,0.,-0.));
#4273=VECTOR('',#4272,0.5);
#4274=LINE('',#4271,#4273);
#4275=EDGE_CURVE('',#4195,#4248,#4274,.T.);
#4276=ORIENTED_EDGE('',*,*,#4275,.T.);
#4277=ORIENTED_EDGE('',*,*,#4261,.F.);
#4278=ORIENTED_EDGE('',*,*,#4168,.T.);
#4279=ORIENTED_EDGE('',*,*,#4206,.T.);
#4280=EDGE_LOOP('',(#4276,#4277,#4278,#4279));
#4281=FACE_BOUND('',#4280,.T.);
#4282=ADVANCED_FACE('',(#4281),#4270,.T.);
#4283=CARTESIAN_POINT('',(2.750000096,-9.7764,-5.449));
#4284=DIRECTION('',(0.,-1.,-0.));
#4285=DIRECTION('',(1.,0.,-0.));
#4286=AXIS2_PLACEMENT_3D('',#4283,#4284,#4285);
#4287=PLANE('',#4286);
#4288=ORIENTED_EDGE('',*,*,#4118,.T.);
#4289=CARTESIAN_POINT('',(-0.750000032,-9.7764,-0.75));
#4290=DIRECTION('',(0.,-0.,1.));
#4291=VECTOR('',#4290,2.7432);
#4292=LINE('',#4289,#4291);
#4293=EDGE_CURVE('',#2420,#4248,#4292,.T.);
#4294=ORIENTED_EDGE('',*,*,#4293,.T.);
#4295=ORIENTED_EDGE('',*,*,#4275,.F.);
#4296=CARTESIAN_POINT('',(-1.250000032,-9.7764,-0.75));
#4297=DIRECTION('',(0.,0.,1.));
#4298=VECTOR('',#4297,2.7432);
#4299=LINE('',#4296,#4298);
#4300=EDGE_CURVE('',#2494,#4195,#4299,.T.);
#4301=ORIENTED_EDGE('',*,*,#4300,.F.);
#4302=EDGE_LOOP('',(#4288,#4294,#4295,#4301));
#4303=FACE_BOUND('',#4302,.T.);
#4304=ADVANCED_FACE('',(#4303),#4287,.T.);
#4305=CARTESIAN_POINT('',(-0.750000032,-9.7764,-5.449));
#4306=DIRECTION('',(1.,0.,-0.));
#4307=DIRECTION('',(0.,-1.,0.));
#4308=AXIS2_PLACEMENT_3D('',#4305,#4306,#4307);
#4309=PLANE('',#4308);
#4310=ORIENTED_EDGE('',*,*,#2425,.F.);
#4311=CARTESIAN_POINT('',(-0.750000032,-9.2764,-0.75));
#4312=DIRECTION('',(0.,0.,1.));
#4313=VECTOR('',#4312,2.7432);
#4314=LINE('',#4311,#4313);
#4315=EDGE_CURVE('',#2412,#4224,#4314,.T.);
#4316=ORIENTED_EDGE('',*,*,#4315,.T.);
#4317=ORIENTED_EDGE('',*,*,#4253,.F.);
#4318=ORIENTED_EDGE('',*,*,#4293,.F.);
#4319=EDGE_LOOP('',(#4310,#4316,#4317,#4318));
#4320=FACE_BOUND('',#4319,.T.);
#4321=ADVANCED_FACE('',(#4320),#4309,.T.);
#4322=CARTESIAN_POINT('',(-2.750000096,-9.2764,-5.449));
#4323=DIRECTION('',(-0.,1.,0.));
#4324=DIRECTION('',(-1.,-0.,0.));
#4325=AXIS2_PLACEMENT_3D('',#4322,#4323,#4324);
#4326=PLANE('',#4325);
#4327=ORIENTED_EDGE('',*,*,#4140,.F.);
#4328=CARTESIAN_POINT('',(-1.250000032,-9.2764,-0.75));
#4329=DIRECTION('',(0.,0.,1.));
#4330=VECTOR('',#4329,2.7432);
#4331=LINE('',#4328,#4330);
#4332=EDGE_CURVE('',#2502,#4193,#4331,.T.);
#4333=ORIENTED_EDGE('',*,*,#4332,.T.);
#4334=ORIENTED_EDGE('',*,*,#4229,.F.);
#4335=ORIENTED_EDGE('',*,*,#4315,.F.);
#4336=EDGE_LOOP('',(#4327,#4333,#4334,#4335));
#4337=FACE_BOUND('',#4336,.T.);
#4338=ADVANCED_FACE('',(#4337),#4326,.T.);
#4339=CARTESIAN_POINT('',(-1.250000032,-9.2764,-5.449));
#4340=DIRECTION('',(-1.,0.,0.));
#4341=DIRECTION('',(-0.,-1.,0.));
#4342=AXIS2_PLACEMENT_3D('',#4339,#4340,#4341);
#4343=PLANE('',#4342);
#4344=ORIENTED_EDGE('',*,*,#2507,.F.);
#4345=ORIENTED_EDGE('',*,*,#4300,.T.);
#4346=ORIENTED_EDGE('',*,*,#4200,.F.);
#4347=ORIENTED_EDGE('',*,*,#4332,.F.);
#4348=EDGE_LOOP('',(#4344,#4345,#4346,#4347));
#4349=FACE_BOUND('',#4348,.T.);
#4350=ADVANCED_FACE('',(#4349),#4343,.T.);
#4351=CARTESIAN_POINT('',(1.825500032,-7.8264,-1.3088));
#4352=DIRECTION('',(-1.,-0.,0.));
#4353=DIRECTION('',(-0.,-0.,-1.));
#4354=AXIS2_PLACEMENT_3D('',#4351,#4352,#4353);
#4355=PLANE('',#4354);
#4356=CARTESIAN_POINT('',(1.825500032,-7.8264,-1.3088));
#4357=DIRECTION('',(0.,-0.933106567,0.359599965));
#4358=VECTOR('',#4357,1.553948982);
#4359=LINE('',#4356,#4358);
#4360=EDGE_CURVE('',#1668,#2098,#4359,.T.);
#4361=ORIENTED_EDGE('',*,*,#4360,.T.);
#4362=ORIENTED_EDGE('',*,*,#2103,.F.);
#4363=ORIENTED_EDGE('',*,*,#1681,.F.);
#4364=EDGE_LOOP('',(#4361,#4362,#4363));
#4365=FACE_BOUND('',#4364,.T.);
#4366=ADVANCED_FACE('',(#4365),#4355,.T.);
#4367=OVER_RIDING_STYLED_ITEM('',(#1338),#4366,#1291);
#4368=CARTESIAN_POINT('',(0.174500032,-12.5,-1.3088));
#4369=DIRECTION('',(1.,0.,-0.));
#4370=DIRECTION('',(0.,-1.,0.));
#4371=AXIS2_PLACEMENT_3D('',#4368,#4369,#4370);
#4372=PLANE('',#4371);
#4373=CARTESIAN_POINT('',(0.174500032,-7.8264,-1.3088));
#4374=DIRECTION('',(0.,-0.933106567,0.359599965));
#4375=VECTOR('',#4374,1.553948982);
#4376=LINE('',#4373,#4375);
#4377=EDGE_CURVE('',#1660,#2389,#4376,.T.);
#4378=ORIENTED_EDGE('',*,*,#4377,.F.);
#4379=ORIENTED_EDGE('',*,*,#1665,.T.);
#4380=ORIENTED_EDGE('',*,*,#2400,.F.);
#4381=EDGE_LOOP('',(#4378,#4379,#4380));
#4382=FACE_BOUND('',#4381,.T.);
#4383=ADVANCED_FACE('',(#4382),#4372,.T.);
#4384=OVER_RIDING_STYLED_ITEM('',(#1338),#4383,#1291);
#4385=CARTESIAN_POINT('',(2.174500096,-9.7764,-0.75));
#4386=DIRECTION('',(0.,-0.200983083,0.979594712));
#4387=DIRECTION('',(-1.,-0.,0.));
#4388=AXIS2_PLACEMENT_3D('',#4385,#4386,#4387);
#4389=PLANE('',#4388);
#4390=ORIENTED_EDGE('',*,*,#2333,.F.);
#4391=ORIENTED_EDGE('',*,*,#2127,.F.);
#4392=CARTESIAN_POINT('',(0.750000032,-9.7764,-0.75));
#4393=DIRECTION('',(1.,0.,-0.));
#4394=VECTOR('',#4393,0.5);
#4395=LINE('',#4392,#4394);
#4396=EDGE_CURVE('',#2373,#2114,#4395,.T.);
#4397=ORIENTED_EDGE('',*,*,#4396,.F.);
#4398=ORIENTED_EDGE('',*,*,#2378,.F.);
#4399=ORIENTED_EDGE('',*,*,#2352,.T.);
#4400=ORIENTED_EDGE('',*,*,#2241,.F.);
#4401=EDGE_LOOP('',(#4390,#4391,#4397,#4398,#4399,#4400));
#4402=FACE_BOUND('',#4401,.T.);
#4403=ADVANCED_FACE('',(#4402),#4389,.T.);
#4404=OVER_RIDING_STYLED_ITEM('',(#1338),#4403,#1291);
#4405=CARTESIAN_POINT('',(2.174500096,-7.8264,-1.3088));
#4406=DIRECTION('',(-0.,0.359599965,0.933106567));
#4407=DIRECTION('',(-0.,0.933106567,-0.359599965));
#4408=AXIS2_PLACEMENT_3D('',#4405,#4406,#4407);
#4409=PLANE('',#4408);
#4410=ORIENTED_EDGE('',*,*,#4360,.F.);
#4411=ORIENTED_EDGE('',*,*,#1673,.F.);
#4412=ORIENTED_EDGE('',*,*,#4377,.T.);
#4413=ORIENTED_EDGE('',*,*,#2394,.T.);
#4414=CARTESIAN_POINT('',(0.750000032,-9.2764,-0.75));
#4415=DIRECTION('',(1.,0.,-0.));
#4416=VECTOR('',#4415,0.5);
#4417=LINE('',#4414,#4416);
#4418=EDGE_CURVE('',#2381,#2106,#4417,.T.);
#4419=ORIENTED_EDGE('',*,*,#4418,.T.);
#4420=ORIENTED_EDGE('',*,*,#2111,.T.);
#4421=EDGE_LOOP('',(#4410,#4411,#4412,#4413,#4419,#4420));
#4422=FACE_BOUND('',#4421,.T.);
#4423=ADVANCED_FACE('',(#4422),#4409,.T.);
#4424=OVER_RIDING_STYLED_ITEM('',(#1338),#4423,#1291);
#4425=CARTESIAN_POINT('',(6.000000192,-9.5264,2.298));
#4426=DIRECTION('',(-0.,-0.,-1.));
#4427=DIRECTION('',(1.,0.,-0.));
#4428=AXIS2_PLACEMENT_3D('',#4425,#4426,#4427);
#4429=PLANE('',#4428);
#4430=CARTESIAN_POINT('',(0.860938159,-9.665461873,2.298));
#4431=VERTEX_POINT('',#4430);
#4432=CARTESIAN_POINT('',(0.860938159,-9.387338127,2.298));
#4433=VERTEX_POINT('',#4432);
#4434=CARTESIAN_POINT('',(0.860938159,-9.665461873,2.298));
#4435=DIRECTION('',(-0.,1.,-0.));
#4436=VECTOR('',#4435,0.278123745);
#4437=LINE('',#4434,#4436);
#4438=EDGE_CURVE('',#4431,#4433,#4437,.T.);
#4439=ORIENTED_EDGE('',*,*,#4438,.F.);
#4440=CARTESIAN_POINT('',(1.139061905,-9.665461873,2.298));
#4441=VERTEX_POINT('',#4440);
#4442=CARTESIAN_POINT('',(1.139061905,-9.665461873,2.298));
#4443=DIRECTION('',(-1.,-0.,0.));
#4444=VECTOR('',#4443,0.278123745);
#4445=LINE('',#4442,#4444);
#4446=EDGE_CURVE('',#4441,#4431,#4445,.T.);
#4447=ORIENTED_EDGE('',*,*,#4446,.F.);
#4448=CARTESIAN_POINT('',(1.139061905,-9.387338127,2.298));
#4449=VERTEX_POINT('',#4448);
#4450=CARTESIAN_POINT('',(1.139061905,-9.387338127,2.298));
#4451=DIRECTION('',(0.,-1.,-0.));
#4452=VECTOR('',#4451,0.278123745);
#4453=LINE('',#4450,#4452);
#4454=EDGE_CURVE('',#4449,#4441,#4453,.T.);
#4455=ORIENTED_EDGE('',*,*,#4454,.F.);
#4456=CARTESIAN_POINT('',(0.860938159,-9.387338127,2.298));
#4457=DIRECTION('',(1.,-0.,-0.));
#4458=VECTOR('',#4457,0.278123745);
#4459=LINE('',#4456,#4458);
#4460=EDGE_CURVE('',#4433,#4449,#4459,.T.);
#4461=ORIENTED_EDGE('',*,*,#4460,.F.);
#4462=EDGE_LOOP('',(#4439,#4447,#4455,#4461));
#4463=FACE_BOUND('',#4462,.T.);
#4464=ADVANCED_FACE('',(#4463),#4429,.F.);
#4465=CARTESIAN_POINT('',(0.750000032,-9.5264,1.9932));
#4466=DIRECTION('',(-0.939692621,-0.,0.342020143));
#4467=DIRECTION('',(-0.342020143,-0.,-0.939692621));
#4468=AXIS2_PLACEMENT_3D('',#4465,#4466,#4467);
#4469=PLANE('',#4468);
#4470=CARTESIAN_POINT('',(0.750000032,-9.2764,1.9932));
#4471=VERTEX_POINT('',#4470);
#4472=CARTESIAN_POINT('',(0.750000032,-9.7764,1.9932));
#4473=VERTEX_POINT('',#4472);
#4474=CARTESIAN_POINT('',(0.750000032,-9.2764,1.9932));
#4475=DIRECTION('',(0.,-1.,0.));
#4476=VECTOR('',#4475,0.5);
#4477=LINE('',#4474,#4476);
#4478=EDGE_CURVE('',#4471,#4473,#4477,.T.);
#4479=ORIENTED_EDGE('',*,*,#4478,.T.);
#4480=CARTESIAN_POINT('',(0.860938159,-9.665461873,2.298));
#4481=DIRECTION('',(-0.323615577,-0.323615577,-0.889126491));
#4482=VECTOR('',#4481,0.342808367);
#4483=LINE('',#4480,#4482);
#4484=EDGE_CURVE('',#4431,#4473,#4483,.T.);
#4485=ORIENTED_EDGE('',*,*,#4484,.F.);
#4486=ORIENTED_EDGE('',*,*,#4438,.T.);
#4487=CARTESIAN_POINT('',(0.860938159,-9.387338127,2.298));
#4488=DIRECTION('',(-0.323615577,0.323615577,-0.889126491));
#4489=VECTOR('',#4488,0.342808367);
#4490=LINE('',#4487,#4489);
#4491=EDGE_CURVE('',#4433,#4471,#4490,.T.);
#4492=ORIENTED_EDGE('',*,*,#4491,.T.);
#4493=EDGE_LOOP('',(#4479,#4485,#4486,#4492));
#4494=FACE_BOUND('',#4493,.T.);
#4495=ADVANCED_FACE('',(#4494),#4469,.T.);
#4496=CARTESIAN_POINT('',(4.750000152,-9.2764,1.9932));
#4497=DIRECTION('',(0.,0.939692621,0.342020143));
#4498=DIRECTION('',(0.,-0.342020143,0.939692621));
#4499=AXIS2_PLACEMENT_3D('',#4496,#4497,#4498);
#4500=PLANE('',#4499);
#4501=CARTESIAN_POINT('',(1.250000032,-9.2764,1.9932));
#4502=VERTEX_POINT('',#4501);
#4503=CARTESIAN_POINT('',(1.250000032,-9.2764,1.9932));
#4504=DIRECTION('',(-1.,0.,0.));
#4505=VECTOR('',#4504,0.5);
#4506=LINE('',#4503,#4505);
#4507=EDGE_CURVE('',#4502,#4471,#4506,.T.);
#4508=ORIENTED_EDGE('',*,*,#4507,.T.);
#4509=ORIENTED_EDGE('',*,*,#4491,.F.);
#4510=ORIENTED_EDGE('',*,*,#4460,.T.);
#4511=CARTESIAN_POINT('',(1.139061905,-9.387338127,2.298));
#4512=DIRECTION('',(0.323615577,0.323615577,-0.889126491));
#4513=VECTOR('',#4512,0.342808367);
#4514=LINE('',#4511,#4513);
#4515=EDGE_CURVE('',#4449,#4502,#4514,.T.);
#4516=ORIENTED_EDGE('',*,*,#4515,.T.);
#4517=EDGE_LOOP('',(#4508,#4509,#4510,#4516));
#4518=FACE_BOUND('',#4517,.T.);
#4519=ADVANCED_FACE('',(#4518),#4500,.T.);
#4520=CARTESIAN_POINT('',(1.250000032,-9.5264,1.9932));
#4521=DIRECTION('',(0.939692621,0.,0.342020143));
#4522=DIRECTION('',(-0.,1.,0.));
#4523=AXIS2_PLACEMENT_3D('',#4520,#4521,#4522);
#4524=PLANE('',#4523);
#4525=CARTESIAN_POINT('',(1.250000032,-9.7764,1.9932));
#4526=VERTEX_POINT('',#4525);
#4527=CARTESIAN_POINT('',(1.250000032,-9.7764,1.9932));
#4528=DIRECTION('',(-0.,1.,0.));
#4529=VECTOR('',#4528,0.5);
#4530=LINE('',#4527,#4529);
#4531=EDGE_CURVE('',#4526,#4502,#4530,.T.);
#4532=ORIENTED_EDGE('',*,*,#4531,.T.);
#4533=ORIENTED_EDGE('',*,*,#4515,.F.);
#4534=ORIENTED_EDGE('',*,*,#4454,.T.);
#4535=CARTESIAN_POINT('',(1.139061905,-9.665461873,2.298));
#4536=DIRECTION('',(0.323615577,-0.323615577,-0.889126491));
#4537=VECTOR('',#4536,0.342808367);
#4538=LINE('',#4535,#4537);
#4539=EDGE_CURVE('',#4441,#4526,#4538,.T.);
#4540=ORIENTED_EDGE('',*,*,#4539,.T.);
#4541=EDGE_LOOP('',(#4532,#4533,#4534,#4540));
#4542=FACE_BOUND('',#4541,.T.);
#4543=ADVANCED_FACE('',(#4542),#4524,.T.);
#4544=CARTESIAN_POINT('',(4.750000152,-9.7764,1.9932));
#4545=DIRECTION('',(0.,-0.939692621,0.342020143));
#4546=DIRECTION('',(-1.,-0.,0.));
#4547=AXIS2_PLACEMENT_3D('',#4544,#4545,#4546);
#4548=PLANE('',#4547);
#4549=CARTESIAN_POINT('',(0.750000032,-9.7764,1.9932));
#4550=DIRECTION('',(1.,0.,-0.));
#4551=VECTOR('',#4550,0.5);
#4552=LINE('',#4549,#4551);
#4553=EDGE_CURVE('',#4473,#4526,#4552,.T.);
#4554=ORIENTED_EDGE('',*,*,#4553,.T.);
#4555=ORIENTED_EDGE('',*,*,#4539,.F.);
#4556=ORIENTED_EDGE('',*,*,#4446,.T.);
#4557=ORIENTED_EDGE('',*,*,#4484,.T.);
#4558=EDGE_LOOP('',(#4554,#4555,#4556,#4557));
#4559=FACE_BOUND('',#4558,.T.);
#4560=ADVANCED_FACE('',(#4559),#4548,.T.);
#4561=CARTESIAN_POINT('',(2.750000096,-9.7764,-5.449));
#4562=DIRECTION('',(0.,-1.,-0.));
#4563=DIRECTION('',(1.,0.,-0.));
#4564=AXIS2_PLACEMENT_3D('',#4561,#4562,#4563);
#4565=PLANE('',#4564);
#4566=ORIENTED_EDGE('',*,*,#4396,.T.);
#4567=CARTESIAN_POINT('',(1.250000032,-9.7764,-0.75));
#4568=DIRECTION('',(0.,-0.,1.));
#4569=VECTOR('',#4568,2.7432);
#4570=LINE('',#4567,#4569);
#4571=EDGE_CURVE('',#2114,#4526,#4570,.T.);
#4572=ORIENTED_EDGE('',*,*,#4571,.T.);
#4573=ORIENTED_EDGE('',*,*,#4553,.F.);
#4574=CARTESIAN_POINT('',(0.750000032,-9.7764,-0.75));
#4575=DIRECTION('',(0.,0.,1.));
#4576=VECTOR('',#4575,2.7432);
#4577=LINE('',#4574,#4576);
#4578=EDGE_CURVE('',#2373,#4473,#4577,.T.);
#4579=ORIENTED_EDGE('',*,*,#4578,.F.);
#4580=EDGE_LOOP('',(#4566,#4572,#4573,#4579));
#4581=FACE_BOUND('',#4580,.T.);
#4582=ADVANCED_FACE('',(#4581),#4565,.T.);
#4583=CARTESIAN_POINT('',(1.250000032,-9.7764,-5.449));
#4584=DIRECTION('',(1.,0.,-0.));
#4585=DIRECTION('',(0.,-1.,0.));
#4586=AXIS2_PLACEMENT_3D('',#4583,#4584,#4585);
#4587=PLANE('',#4586);
#4588=ORIENTED_EDGE('',*,*,#2119,.F.);
#4589=CARTESIAN_POINT('',(1.250000032,-9.2764,-0.75));
#4590=DIRECTION('',(0.,0.,1.));
#4591=VECTOR('',#4590,2.7432);
#4592=LINE('',#4589,#4591);
#4593=EDGE_CURVE('',#2106,#4502,#4592,.T.);
#4594=ORIENTED_EDGE('',*,*,#4593,.T.);
#4595=ORIENTED_EDGE('',*,*,#4531,.F.);
#4596=ORIENTED_EDGE('',*,*,#4571,.F.);
#4597=EDGE_LOOP('',(#4588,#4594,#4595,#4596));
#4598=FACE_BOUND('',#4597,.T.);
#4599=ADVANCED_FACE('',(#4598),#4587,.T.);
#4600=CARTESIAN_POINT('',(-2.750000096,-9.2764,-5.449));
#4601=DIRECTION('',(-0.,1.,0.));
#4602=DIRECTION('',(-1.,-0.,0.));
#4603=AXIS2_PLACEMENT_3D('',#4600,#4601,#4602);
#4604=PLANE('',#4603);
#4605=ORIENTED_EDGE('',*,*,#4418,.F.);
#4606=CARTESIAN_POINT('',(0.750000032,-9.2764,-0.75));
#4607=DIRECTION('',(0.,0.,1.));
#4608=VECTOR('',#4607,2.7432);
#4609=LINE('',#4606,#4608);
#4610=EDGE_CURVE('',#2381,#4471,#4609,.T.);
#4611=ORIENTED_EDGE('',*,*,#4610,.T.);
#4612=ORIENTED_EDGE('',*,*,#4507,.F.);
#4613=ORIENTED_EDGE('',*,*,#4593,.F.);
#4614=EDGE_LOOP('',(#4605,#4611,#4612,#4613));
#4615=FACE_BOUND('',#4614,.T.);
#4616=ADVANCED_FACE('',(#4615),#4604,.T.);
#4617=CARTESIAN_POINT('',(0.750000032,-9.2764,-5.449));
#4618=DIRECTION('',(-1.,0.,0.));
#4619=DIRECTION('',(-0.,-1.,0.));
#4620=AXIS2_PLACEMENT_3D('',#4617,#4618,#4619);
#4621=PLANE('',#4620);
#4622=ORIENTED_EDGE('',*,*,#2386,.F.);
#4623=ORIENTED_EDGE('',*,*,#4578,.T.);
#4624=ORIENTED_EDGE('',*,*,#4478,.F.);
#4625=ORIENTED_EDGE('',*,*,#4610,.F.);
#4626=EDGE_LOOP('',(#4622,#4623,#4624,#4625));
#4627=FACE_BOUND('',#4626,.T.);
#4628=ADVANCED_FACE('',(#4627),#4621,.T.);
#4629=CARTESIAN_POINT('',(3.825500096,-8.309,-5.1188));
#4630=DIRECTION('',(-1.,-0.,0.));
#4631=DIRECTION('',(-0.,-0.,-1.));
#4632=AXIS2_PLACEMENT_3D('',#4629,#4630,#4631);
#4633=PLANE('',#4632);
#4634=CARTESIAN_POINT('',(3.825500096,-8.309,-1.122815945));
#4635=VERTEX_POINT('',#4634);
#4636=CARTESIAN_POINT('',(3.825500096,-8.309,-1.122815945));
#4637=DIRECTION('',(0.,0.,1.));
#4638=VECTOR('',#4637,0.372815945);
#4639=LINE('',#4636,#4638);
#4640=EDGE_CURVE('',#4635,#2145,#4639,.T.);
#4641=ORIENTED_EDGE('',*,*,#4640,.F.);
#4642=CARTESIAN_POINT('',(3.825500096,-8.309,-1.122815945));
#4643=DIRECTION('',(0.,-0.933106567,0.359599965));
#4644=VECTOR('',#4643,1.036751894);
#4645=LINE('',#4642,#4644);
#4646=EDGE_CURVE('',#4635,#2155,#4645,.T.);
#4647=ORIENTED_EDGE('',*,*,#4646,.T.);
#4648=ORIENTED_EDGE('',*,*,#2160,.F.);
#4649=EDGE_LOOP('',(#4641,#4647,#4648));
#4650=FACE_BOUND('',#4649,.T.);
#4651=ADVANCED_FACE('',(#4650),#4633,.T.);
#4652=OVER_RIDING_STYLED_ITEM('',(#1338),#4651,#1291);
#4653=CARTESIAN_POINT('',(2.174500096,-12.5,-1.3088));
#4654=DIRECTION('',(1.,0.,-0.));
#4655=DIRECTION('',(0.,-1.,0.));
#4656=AXIS2_PLACEMENT_3D('',#4653,#4654,#4655);
#4657=PLANE('',#4656);
#4658=CARTESIAN_POINT('',(2.174500096,-7.8264,-1.3088));
#4659=DIRECTION('',(0.,-0.933106567,0.359599965));
#4660=VECTOR('',#4659,1.553948982);
#4661=LINE('',#4658,#4660);
#4662=EDGE_CURVE('',#1692,#2083,#4661,.T.);
#4663=ORIENTED_EDGE('',*,*,#4662,.F.);
#4664=ORIENTED_EDGE('',*,*,#1697,.T.);
#4665=ORIENTED_EDGE('',*,*,#2094,.F.);
#4666=EDGE_LOOP('',(#4663,#4664,#4665));
#4667=FACE_BOUND('',#4666,.T.);
#4668=ADVANCED_FACE('',(#4667),#4657,.T.);
#4669=OVER_RIDING_STYLED_ITEM('',(#1338),#4668,#1291);
#4670=CARTESIAN_POINT('',(2.174500096,-9.7764,-0.75));
#4671=DIRECTION('',(0.,-0.200983083,0.979594712));
#4672=DIRECTION('',(-1.,-0.,0.));
#4673=AXIS2_PLACEMENT_3D('',#4670,#4671,#4672);
#4674=PLANE('',#4673);
#4675=ORIENTED_EDGE('',*,*,#1999,.F.);
#4676=ORIENTED_EDGE('',*,*,#2182,.F.);
#4677=CARTESIAN_POINT('',(2.750000096,-9.7764,-0.75));
#4678=DIRECTION('',(1.,0.,-0.));
#4679=VECTOR('',#4678,0.5);
#4680=LINE('',#4677,#4679);
#4681=EDGE_CURVE('',#2067,#2171,#4680,.T.);
#4682=ORIENTED_EDGE('',*,*,#4681,.F.);
#4683=ORIENTED_EDGE('',*,*,#2072,.F.);
#4684=ORIENTED_EDGE('',*,*,#2032,.T.);
#4685=ORIENTED_EDGE('',*,*,#2223,.F.);
#4686=EDGE_LOOP('',(#4675,#4676,#4682,#4683,#4684,#4685));
#4687=FACE_BOUND('',#4686,.T.);
#4688=ADVANCED_FACE('',(#4687),#4674,.T.);
#4689=OVER_RIDING_STYLED_ITEM('',(#1338),#4688,#1291);
#4690=CARTESIAN_POINT('',(2.174500096,-7.8264,-1.3088));
#4691=DIRECTION('',(-0.,0.359599965,0.933106567));
#4692=DIRECTION('',(-0.,0.933106567,-0.359599965));
#4693=AXIS2_PLACEMENT_3D('',#4690,#4691,#4692);
#4694=PLANE('',#4693);
#4695=CARTESIAN_POINT('',(3.825500096,-7.8264,-1.3088));
#4696=DIRECTION('',(0.,-0.933106567,0.359599965));
#4697=VECTOR('',#4696,0.517197089);
#4698=LINE('',#4695,#4697);
#4699=EDGE_CURVE('',#1700,#4635,#4698,.T.);
#4700=ORIENTED_EDGE('',*,*,#4699,.F.);
#4701=ORIENTED_EDGE('',*,*,#1705,.F.);
#4702=ORIENTED_EDGE('',*,*,#4662,.T.);
#4703=ORIENTED_EDGE('',*,*,#2088,.T.);
#4704=CARTESIAN_POINT('',(2.750000096,-9.2764,-0.75));
#4705=DIRECTION('',(1.,0.,-0.));
#4706=VECTOR('',#4705,0.5);
#4707=LINE('',#4704,#4706);
#4708=EDGE_CURVE('',#2075,#2163,#4707,.T.);
#4709=ORIENTED_EDGE('',*,*,#4708,.T.);
#4710=ORIENTED_EDGE('',*,*,#2168,.T.);
#4711=ORIENTED_EDGE('',*,*,#4646,.F.);
#4712=EDGE_LOOP('',(#4700,#4701,#4702,#4703,#4709,#4710,#4711));
#4713=FACE_BOUND('',#4712,.T.);
#4714=ADVANCED_FACE('',(#4713),#4694,.T.);
#4715=OVER_RIDING_STYLED_ITEM('',(#1338),#4714,#1291);
#4716=CARTESIAN_POINT('',(6.000000192,-9.5264,2.298));
#4717=DIRECTION('',(-0.,-0.,-1.));
#4718=DIRECTION('',(1.,0.,-0.));
#4719=AXIS2_PLACEMENT_3D('',#4716,#4717,#4718);
#4720=PLANE('',#4719);
#4721=CARTESIAN_POINT('',(2.860938223,-9.665461873,2.298));
#4722=VERTEX_POINT('',#4721);
#4723=CARTESIAN_POINT('',(2.860938223,-9.387338127,2.298));
#4724=VERTEX_POINT('',#4723);
#4725=CARTESIAN_POINT('',(2.860938223,-9.665461873,2.298));
#4726=DIRECTION('',(-0.,1.,-0.));
#4727=VECTOR('',#4726,0.278123745);
#4728=LINE('',#4725,#4727);
#4729=EDGE_CURVE('',#4722,#4724,#4728,.T.);
#4730=ORIENTED_EDGE('',*,*,#4729,.F.);
#4731=CARTESIAN_POINT('',(3.139061969,-9.665461873,2.298));
#4732=VERTEX_POINT('',#4731);
#4733=CARTESIAN_POINT('',(3.139061969,-9.665461873,2.298));
#4734=DIRECTION('',(-1.,-0.,0.));
#4735=VECTOR('',#4734,0.278123745);
#4736=LINE('',#4733,#4735);
#4737=EDGE_CURVE('',#4732,#4722,#4736,.T.);
#4738=ORIENTED_EDGE('',*,*,#4737,.F.);
#4739=CARTESIAN_POINT('',(3.139061969,-9.387338127,2.298));
#4740=VERTEX_POINT('',#4739);
#4741=CARTESIAN_POINT('',(3.139061969,-9.387338127,2.298));
#4742=DIRECTION('',(0.,-1.,-0.));
#4743=VECTOR('',#4742,0.278123745);
#4744=LINE('',#4741,#4743);
#4745=EDGE_CURVE('',#4740,#4732,#4744,.T.);
#4746=ORIENTED_EDGE('',*,*,#4745,.F.);
#4747=CARTESIAN_POINT('',(2.860938223,-9.387338127,2.298));
#4748=DIRECTION('',(1.,-0.,-0.));
#4749=VECTOR('',#4748,0.278123745);
#4750=LINE('',#4747,#4749);
#4751=EDGE_CURVE('',#4724,#4740,#4750,.T.);
#4752=ORIENTED_EDGE('',*,*,#4751,.F.);
#4753=EDGE_LOOP('',(#4730,#4738,#4746,#4752));
#4754=FACE_BOUND('',#4753,.T.);
#4755=ADVANCED_FACE('',(#4754),#4720,.F.);
#4756=CARTESIAN_POINT('',(2.750000096,-9.5264,1.9932));
#4757=DIRECTION('',(-0.939692621,-0.,0.342020143));
#4758=DIRECTION('',(-0.342020143,-0.,-0.939692621));
#4759=AXIS2_PLACEMENT_3D('',#4756,#4757,#4758);
#4760=PLANE('',#4759);
#4761=CARTESIAN_POINT('',(2.750000096,-9.2764,1.9932));
#4762=VERTEX_POINT('',#4761);
#4763=CARTESIAN_POINT('',(2.750000096,-9.7764,1.9932));
#4764=VERTEX_POINT('',#4763);
#4765=CARTESIAN_POINT('',(2.750000096,-9.2764,1.9932));
#4766=DIRECTION('',(0.,-1.,0.));
#4767=VECTOR('',#4766,0.5);
#4768=LINE('',#4765,#4767);
#4769=EDGE_CURVE('',#4762,#4764,#4768,.T.);
#4770=ORIENTED_EDGE('',*,*,#4769,.T.);
#4771=CARTESIAN_POINT('',(2.860938223,-9.665461873,2.298));
#4772=DIRECTION('',(-0.323615577,-0.323615577,-0.889126491));
#4773=VECTOR('',#4772,0.342808367);
#4774=LINE('',#4771,#4773);
#4775=EDGE_CURVE('',#4722,#4764,#4774,.T.);
#4776=ORIENTED_EDGE('',*,*,#4775,.F.);
#4777=ORIENTED_EDGE('',*,*,#4729,.T.);
#4778=CARTESIAN_POINT('',(2.860938223,-9.387338127,2.298));
#4779=DIRECTION('',(-0.323615577,0.323615577,-0.889126491));
#4780=VECTOR('',#4779,0.342808367);
#4781=LINE('',#4778,#4780);
#4782=EDGE_CURVE('',#4724,#4762,#4781,.T.);
#4783=ORIENTED_EDGE('',*,*,#4782,.T.);
#4784=EDGE_LOOP('',(#4770,#4776,#4777,#4783));
#4785=FACE_BOUND('',#4784,.T.);
#4786=ADVANCED_FACE('',(#4785),#4760,.T.);
#4787=CARTESIAN_POINT('',(4.750000152,-9.2764,1.9932));
#4788=DIRECTION('',(0.,0.939692621,0.342020143));
#4789=DIRECTION('',(0.,-0.342020143,0.939692621));
#4790=AXIS2_PLACEMENT_3D('',#4787,#4788,#4789);
#4791=PLANE('',#4790);
#4792=CARTESIAN_POINT('',(3.250000096,-9.2764,1.9932));
#4793=VERTEX_POINT('',#4792);
#4794=CARTESIAN_POINT('',(3.250000096,-9.2764,1.9932));
#4795=DIRECTION('',(-1.,0.,0.));
#4796=VECTOR('',#4795,0.5);
#4797=LINE('',#4794,#4796);
#4798=EDGE_CURVE('',#4793,#4762,#4797,.T.);
#4799=ORIENTED_EDGE('',*,*,#4798,.T.);
#4800=ORIENTED_EDGE('',*,*,#4782,.F.);
#4801=ORIENTED_EDGE('',*,*,#4751,.T.);
#4802=CARTESIAN_POINT('',(3.139061969,-9.387338127,2.298));
#4803=DIRECTION('',(0.323615577,0.323615577,-0.889126491));
#4804=VECTOR('',#4803,0.342808367);
#4805=LINE('',#4802,#4804);
#4806=EDGE_CURVE('',#4740,#4793,#4805,.T.);
#4807=ORIENTED_EDGE('',*,*,#4806,.T.);
#4808=EDGE_LOOP('',(#4799,#4800,#4801,#4807));
#4809=FACE_BOUND('',#4808,.T.);
#4810=ADVANCED_FACE('',(#4809),#4791,.T.);
#4811=CARTESIAN_POINT('',(3.250000096,-9.5264,1.9932));
#4812=DIRECTION('',(0.939692621,0.,0.342020143));
#4813=DIRECTION('',(-0.,1.,0.));
#4814=AXIS2_PLACEMENT_3D('',#4811,#4812,#4813);
#4815=PLANE('',#4814);
#4816=CARTESIAN_POINT('',(3.250000096,-9.7764,1.9932));
#4817=VERTEX_POINT('',#4816);
#4818=CARTESIAN_POINT('',(3.250000096,-9.7764,1.9932));
#4819=DIRECTION('',(-0.,1.,0.));
#4820=VECTOR('',#4819,0.5);
#4821=LINE('',#4818,#4820);
#4822=EDGE_CURVE('',#4817,#4793,#4821,.T.);
#4823=ORIENTED_EDGE('',*,*,#4822,.T.);
#4824=ORIENTED_EDGE('',*,*,#4806,.F.);
#4825=ORIENTED_EDGE('',*,*,#4745,.T.);
#4826=CARTESIAN_POINT('',(3.139061969,-9.665461873,2.298));
#4827=DIRECTION('',(0.323615577,-0.323615577,-0.889126491));
#4828=VECTOR('',#4827,0.342808367);
#4829=LINE('',#4826,#4828);
#4830=EDGE_CURVE('',#4732,#4817,#4829,.T.);
#4831=ORIENTED_EDGE('',*,*,#4830,.T.);
#4832=EDGE_LOOP('',(#4823,#4824,#4825,#4831));
#4833=FACE_BOUND('',#4832,.T.);
#4834=ADVANCED_FACE('',(#4833),#4815,.T.);
#4835=CARTESIAN_POINT('',(4.750000152,-9.7764,1.9932));
#4836=DIRECTION('',(0.,-0.939692621,0.342020143));
#4837=DIRECTION('',(-1.,-0.,0.));
#4838=AXIS2_PLACEMENT_3D('',#4835,#4836,#4837);
#4839=PLANE('',#4838);
#4840=CARTESIAN_POINT('',(2.750000096,-9.7764,1.9932));
#4841=DIRECTION('',(1.,0.,-0.));
#4842=VECTOR('',#4841,0.5);
#4843=LINE('',#4840,#4842);
#4844=EDGE_CURVE('',#4764,#4817,#4843,.T.);
#4845=ORIENTED_EDGE('',*,*,#4844,.T.);
#4846=ORIENTED_EDGE('',*,*,#4830,.F.);
#4847=ORIENTED_EDGE('',*,*,#4737,.T.);
#4848=ORIENTED_EDGE('',*,*,#4775,.T.);
#4849=EDGE_LOOP('',(#4845,#4846,#4847,#4848));
#4850=FACE_BOUND('',#4849,.T.);
#4851=ADVANCED_FACE('',(#4850),#4839,.T.);
#4852=CARTESIAN_POINT('',(2.750000096,-9.7764,-5.449));
#4853=DIRECTION('',(0.,-1.,-0.));
#4854=DIRECTION('',(1.,0.,-0.));
#4855=AXIS2_PLACEMENT_3D('',#4852,#4853,#4854);
#4856=PLANE('',#4855);
#4857=ORIENTED_EDGE('',*,*,#4681,.T.);
#4858=CARTESIAN_POINT('',(3.250000096,-9.7764,-0.75));
#4859=DIRECTION('',(0.,-0.,1.));
#4860=VECTOR('',#4859,2.7432);
#4861=LINE('',#4858,#4860);
#4862=EDGE_CURVE('',#2171,#4817,#4861,.T.);
#4863=ORIENTED_EDGE('',*,*,#4862,.T.);
#4864=ORIENTED_EDGE('',*,*,#4844,.F.);
#4865=CARTESIAN_POINT('',(2.750000096,-9.7764,-0.75));
#4866=DIRECTION('',(0.,0.,1.));
#4867=VECTOR('',#4866,2.7432);
#4868=LINE('',#4865,#4867);
#4869=EDGE_CURVE('',#2067,#4764,#4868,.T.);
#4870=ORIENTED_EDGE('',*,*,#4869,.F.);
#4871=EDGE_LOOP('',(#4857,#4863,#4864,#4870));
#4872=FACE_BOUND('',#4871,.T.);
#4873=ADVANCED_FACE('',(#4872),#4856,.T.);
#4874=CARTESIAN_POINT('',(3.250000096,-9.7764,-5.449));
#4875=DIRECTION('',(1.,0.,-0.));
#4876=DIRECTION('',(0.,-1.,0.));
#4877=AXIS2_PLACEMENT_3D('',#4874,#4875,#4876);
#4878=PLANE('',#4877);
#4879=ORIENTED_EDGE('',*,*,#2176,.F.);
#4880=CARTESIAN_POINT('',(3.250000096,-9.2764,-0.75));
#4881=DIRECTION('',(0.,0.,1.));
#4882=VECTOR('',#4881,2.7432);
#4883=LINE('',#4880,#4882);
#4884=EDGE_CURVE('',#2163,#4793,#4883,.T.);
#4885=ORIENTED_EDGE('',*,*,#4884,.T.);
#4886=ORIENTED_EDGE('',*,*,#4822,.F.);
#4887=ORIENTED_EDGE('',*,*,#4862,.F.);
#4888=EDGE_LOOP('',(#4879,#4885,#4886,#4887));
#4889=FACE_BOUND('',#4888,.T.);
#4890=ADVANCED_FACE('',(#4889),#4878,.T.);
#4891=CARTESIAN_POINT('',(-2.750000096,-9.2764,-5.449));
#4892=DIRECTION('',(-0.,1.,0.));
#4893=DIRECTION('',(-1.,-0.,0.));
#4894=AXIS2_PLACEMENT_3D('',#4891,#4892,#4893);
#4895=PLANE('',#4894);
#4896=ORIENTED_EDGE('',*,*,#4708,.F.);
#4897=CARTESIAN_POINT('',(2.750000096,-9.2764,-0.75));
#4898=DIRECTION('',(0.,0.,1.));
#4899=VECTOR('',#4898,2.7432);
#4900=LINE('',#4897,#4899);
#4901=EDGE_CURVE('',#2075,#4762,#4900,.T.);
#4902=ORIENTED_EDGE('',*,*,#4901,.T.);
#4903=ORIENTED_EDGE('',*,*,#4798,.F.);
#4904=ORIENTED_EDGE('',*,*,#4884,.F.);
#4905=EDGE_LOOP('',(#4896,#4902,#4903,#4904));
#4906=FACE_BOUND('',#4905,.T.);
#4907=ADVANCED_FACE('',(#4906),#4895,.T.);
#4908=CARTESIAN_POINT('',(2.750000096,-9.2764,-5.449));
#4909=DIRECTION('',(-1.,0.,0.));
#4910=DIRECTION('',(-0.,-1.,0.));
#4911=AXIS2_PLACEMENT_3D('',#4908,#4909,#4910);
#4912=PLANE('',#4911);
#4913=ORIENTED_EDGE('',*,*,#2080,.F.);
#4914=ORIENTED_EDGE('',*,*,#4869,.T.);
#4915=ORIENTED_EDGE('',*,*,#4769,.F.);
#4916=ORIENTED_EDGE('',*,*,#4901,.F.);
#4917=EDGE_LOOP('',(#4913,#4914,#4915,#4916));
#4918=FACE_BOUND('',#4917,.T.);
#4919=ADVANCED_FACE('',(#4918),#4912,.T.);
#4920=CARTESIAN_POINT('',(-3.825500096,-8.309,-0.75));
#4921=DIRECTION('',(1.,0.,-0.));
#4922=DIRECTION('',(0.,-1.,0.));
#4923=AXIS2_PLACEMENT_3D('',#4920,#4921,#4922);
#4924=PLANE('',#4923);
#4925=ORIENTED_EDGE('',*,*,#1601,.T.);
#4926=CARTESIAN_POINT('',(-3.825500096,-8.309,-5.1188));
#4927=DIRECTION('',(-0.,1.,-0.));
#4928=VECTOR('',#4927,0.4826);
#4929=LINE('',#4926,#4928);
#4930=EDGE_CURVE('',#1444,#1588,#4929,.T.);
#4931=ORIENTED_EDGE('',*,*,#4930,.F.);
#4932=ORIENTED_EDGE('',*,*,#1449,.F.);
#4933=CARTESIAN_POINT('',(-3.825500096,-8.309,-1.122815945));
#4934=DIRECTION('',(-0.,-0.,-1.));
#4935=VECTOR('',#4934,1.506784055);
#4936=LINE('',#4933,#4935);
#4937=EDGE_CURVE('',#3805,#1436,#4936,.T.);
#4938=ORIENTED_EDGE('',*,*,#4937,.F.);
#4939=ORIENTED_EDGE('',*,*,#3854,.F.);
#4940=EDGE_LOOP('',(#4925,#4931,#4932,#4938,#4939));
#4941=FACE_BOUND('',#4940,.T.);
#4942=ADVANCED_FACE('',(#4941),#4924,.F.);
#4943=OVER_RIDING_STYLED_ITEM('',(#1338),#4942,#1291);
#4944=CARTESIAN_POINT('',(-0.,-8.309,-0.75));
#4945=DIRECTION('',(-0.,1.,-0.));
#4946=DIRECTION('',(0.,0.,1.));
#4947=AXIS2_PLACEMENT_3D('',#4944,#4945,#4946);
#4948=PLANE('',#4947);
#4949=ORIENTED_EDGE('',*,*,#3713,.T.);
#4950=CARTESIAN_POINT('',(-4.358900096,-8.309,-2.6296));
#4951=DIRECTION('',(0.,0.,1.));
#4952=VECTOR('',#4951,1.8796);
#4953=LINE('',#4950,#4952);
#4954=EDGE_CURVE('',#1460,#1912,#4953,.T.);
#4955=ORIENTED_EDGE('',*,*,#4954,.T.);
#4956=ORIENTED_EDGE('',*,*,#1919,.T.);
#4957=ORIENTED_EDGE('',*,*,#3810,.T.);
#4958=ORIENTED_EDGE('',*,*,#4937,.T.);
#4959=EDGE_LOOP('',(#4949,#4955,#4956,#4957,#4958));
#4960=FACE_BOUND('',#4959,.T.);
#4961=ADVANCED_FACE('',(#4960),#4948,.T.);
#4962=OVER_RIDING_STYLED_ITEM('',(#1338),#4961,#1291);
#4963=CARTESIAN_POINT('',(4.358900096,-8.309,-5.1188));
#4964=DIRECTION('',(-0.,-0.,-1.));
#4965=DIRECTION('',(1.,0.,-0.));
#4966=AXIS2_PLACEMENT_3D('',#4963,#4964,#4965);
#4967=PLANE('',#4966);
#4968=ORIENTED_EDGE('',*,*,#1593,.T.);
#4969=CARTESIAN_POINT('',(-4.358900096,-8.309,-5.1188));
#4970=DIRECTION('',(-0.,1.,-0.));
#4971=VECTOR('',#4970,0.4826);
#4972=LINE('',#4969,#4971);
#4973=EDGE_CURVE('',#1452,#1580,#4972,.T.);
#4974=ORIENTED_EDGE('',*,*,#4973,.F.);
#4975=ORIENTED_EDGE('',*,*,#1457,.F.);
#4976=ORIENTED_EDGE('',*,*,#4930,.T.);
#4977=EDGE_LOOP('',(#4968,#4974,#4975,#4976));
#4978=FACE_BOUND('',#4977,.T.);
#4979=ADVANCED_FACE('',(#4978),#4967,.F.);
#4980=OVER_RIDING_STYLED_ITEM('',(#1338),#4979,#1291);
#4981=CARTESIAN_POINT('',(-4.358900096,-8.309,-5.1188));
#4982=DIRECTION('',(-1.,-0.,0.));
#4983=DIRECTION('',(-0.,-0.,-1.));
#4984=AXIS2_PLACEMENT_3D('',#4981,#4982,#4983);
#4985=PLANE('',#4984);
#4986=ORIENTED_EDGE('',*,*,#1585,.T.);
#4987=ORIENTED_EDGE('',*,*,#1925,.F.);
#4988=ORIENTED_EDGE('',*,*,#4954,.F.);
#4989=ORIENTED_EDGE('',*,*,#1465,.F.);
#4990=ORIENTED_EDGE('',*,*,#4973,.T.);
#4991=EDGE_LOOP('',(#4986,#4987,#4988,#4989,#4990));
#4992=FACE_BOUND('',#4991,.T.);
#4993=ADVANCED_FACE('',(#4992),#4985,.F.);
#4994=OVER_RIDING_STYLED_ITEM('',(#1338),#4993,#1291);
#4995=CARTESIAN_POINT('',(-0.,-8.309,-0.75));
#4996=DIRECTION('',(-0.,1.,-0.));
#4997=DIRECTION('',(0.,0.,1.));
#4998=AXIS2_PLACEMENT_3D('',#4995,#4996,#4997);
#4999=PLANE('',#4998);
#5000=ORIENTED_EDGE('',*,*,#3724,.T.);
#5001=CARTESIAN_POINT('',(3.825500096,-8.309,-2.6296));
#5002=DIRECTION('',(0.,0.,1.));
#5003=VECTOR('',#5002,1.506784055);
#5004=LINE('',#5001,#5003);
#5005=EDGE_CURVE('',#1533,#4635,#5004,.T.);
#5006=ORIENTED_EDGE('',*,*,#5005,.T.);
#5007=ORIENTED_EDGE('',*,*,#4640,.T.);
#5008=ORIENTED_EDGE('',*,*,#2152,.T.);
#5009=CARTESIAN_POINT('',(4.358900096,-8.309,-0.75));
#5010=DIRECTION('',(-0.,-0.,-1.));
#5011=VECTOR('',#5010,1.8796);
#5012=LINE('',#5009,#5011);
#5013=EDGE_CURVE('',#2147,#1509,#5012,.T.);
#5014=ORIENTED_EDGE('',*,*,#5013,.T.);
#5015=EDGE_LOOP('',(#5000,#5006,#5007,#5008,#5014));
#5016=FACE_BOUND('',#5015,.T.);
#5017=ADVANCED_FACE('',(#5016),#4999,.T.);
#5018=OVER_RIDING_STYLED_ITEM('',(#1338),#5017,#1291);
#5019=CARTESIAN_POINT('',(3.825500096,-8.309,-5.1188));
#5020=DIRECTION('',(-1.,-0.,0.));
#5021=DIRECTION('',(-0.,-0.,-1.));
#5022=AXIS2_PLACEMENT_3D('',#5019,#5020,#5021);
#5023=PLANE('',#5022);
#5024=ORIENTED_EDGE('',*,*,#4699,.T.);
#5025=ORIENTED_EDGE('',*,*,#5005,.F.);
#5026=ORIENTED_EDGE('',*,*,#1538,.F.);
#5027=CARTESIAN_POINT('',(3.825500096,-8.309,-5.1188));
#5028=DIRECTION('',(-0.,1.,-0.));
#5029=VECTOR('',#5028,0.4826);
#5030=LINE('',#5027,#5029);
#5031=EDGE_CURVE('',#1525,#1708,#5030,.T.);
#5032=ORIENTED_EDGE('',*,*,#5031,.T.);
#5033=ORIENTED_EDGE('',*,*,#1713,.T.);
#5034=EDGE_LOOP('',(#5024,#5025,#5026,#5032,#5033));
#5035=FACE_BOUND('',#5034,.T.);
#5036=ADVANCED_FACE('',(#5035),#5023,.F.);
#5037=OVER_RIDING_STYLED_ITEM('',(#1338),#5036,#1291);
#5038=CARTESIAN_POINT('',(4.358900096,-8.309,-0.75));
#5039=DIRECTION('',(1.,0.,-0.));
#5040=DIRECTION('',(0.,-1.,0.));
#5041=AXIS2_PLACEMENT_3D('',#5038,#5039,#5040);
#5042=PLANE('',#5041);
#5043=ORIENTED_EDGE('',*,*,#1729,.T.);
#5044=CARTESIAN_POINT('',(4.358900096,-8.309,-5.1188));
#5045=DIRECTION('',(-0.,1.,-0.));
#5046=VECTOR('',#5045,0.4826);
#5047=LINE('',#5044,#5046);
#5048=EDGE_CURVE('',#1517,#1716,#5047,.T.);
#5049=ORIENTED_EDGE('',*,*,#5048,.F.);
#5050=ORIENTED_EDGE('',*,*,#1522,.F.);
#5051=ORIENTED_EDGE('',*,*,#5013,.F.);
#5052=ORIENTED_EDGE('',*,*,#2197,.T.);
#5053=EDGE_LOOP('',(#5043,#5049,#5050,#5051,#5052));
#5054=FACE_BOUND('',#5053,.T.);
#5055=ADVANCED_FACE('',(#5054),#5042,.F.);
#5056=OVER_RIDING_STYLED_ITEM('',(#1338),#5055,#1291);
#5057=CARTESIAN_POINT('',(4.358900096,-8.309,-5.1188));
#5058=DIRECTION('',(-0.,-0.,-1.));
#5059=DIRECTION('',(1.,0.,-0.));
#5060=AXIS2_PLACEMENT_3D('',#5057,#5058,#5059);
#5061=PLANE('',#5060);
#5062=ORIENTED_EDGE('',*,*,#1721,.T.);
#5063=ORIENTED_EDGE('',*,*,#5031,.F.);
#5064=ORIENTED_EDGE('',*,*,#1530,.F.);
#5065=ORIENTED_EDGE('',*,*,#5048,.T.);
#5066=EDGE_LOOP('',(#5062,#5063,#5064,#5065));
#5067=FACE_BOUND('',#5066,.T.);
#5068=ADVANCED_FACE('',(#5067),#5061,.F.);
#5069=OVER_RIDING_STYLED_ITEM('',(#1338),#5068,#1291);
#5070=CARTESIAN_POINT('',(4.447800096,-8.9694,-4.4584));
#5071=DIRECTION('',(0.,-1.,0.));
#5072=DIRECTION('',(1.,0.,-0.));
#5073=AXIS2_PLACEMENT_3D('',#5070,#5071,#5072);
#5074=PLANE('',#5073);
#5075=ORIENTED_EDGE('',*,*,#1811,.F.);
#5076=CARTESIAN_POINT('',(4.447800096,-8.9694,-4.4584));
#5077=DIRECTION('',(1.,0.,-0.));
#5078=VECTOR('',#5077,0.4826);
#5079=LINE('',#5076,#5078);
#5080=EDGE_CURVE('',#1855,#1800,#5079,.T.);
#5081=ORIENTED_EDGE('',*,*,#5080,.F.);
#5082=ORIENTED_EDGE('',*,*,#1860,.T.);
#5083=ORIENTED_EDGE('',*,*,#1780,.T.);
#5084=EDGE_LOOP('',(#5075,#5081,#5082,#5083));
#5085=FACE_BOUND('',#5084,.T.);
#5086=ADVANCED_FACE('',(#5085),#5074,.T.);
#5087=OVER_RIDING_STYLED_ITEM('',(#1338),#5086,#1291);
#5088=CARTESIAN_POINT('',(4.447800096,-10.2394,-6.6428));
#5089=DIRECTION('',(-0.,1.,-0.));
#5090=DIRECTION('',(0.,0.,1.));
#5091=AXIS2_PLACEMENT_3D('',#5088,#5089,#5090);
#5092=PLANE('',#5091);
#5093=ORIENTED_EDGE('',*,*,#1843,.F.);
#5094=ORIENTED_EDGE('',*,*,#2733,.F.);
#5095=ORIENTED_EDGE('',*,*,#1876,.T.);
#5096=CARTESIAN_POINT('',(4.447800096,-10.2394,-4.4584));
#5097=DIRECTION('',(1.,0.,-0.));
#5098=VECTOR('',#5097,0.4826);
#5099=LINE('',#5096,#5098);
#5100=EDGE_CURVE('',#1863,#1798,#5099,.T.);
#5101=ORIENTED_EDGE('',*,*,#5100,.T.);
#5102=EDGE_LOOP('',(#5093,#5094,#5095,#5101));
#5103=FACE_BOUND('',#5102,.T.);
#5104=ADVANCED_FACE('',(#5103),#5092,.T.);
#5105=OVER_RIDING_STYLED_ITEM('',(#1338),#5104,#1291);
#5106=CARTESIAN_POINT('',(4.447800096,-10.2394,-4.4584));
#5107=DIRECTION('',(-0.,-0.,-1.));
#5108=DIRECTION('',(1.,0.,-0.));
#5109=AXIS2_PLACEMENT_3D('',#5106,#5107,#5108);
#5110=PLANE('',#5109);
#5111=ORIENTED_EDGE('',*,*,#1805,.F.);
#5112=ORIENTED_EDGE('',*,*,#5100,.F.);
#5113=ORIENTED_EDGE('',*,*,#1868,.T.);
#5114=ORIENTED_EDGE('',*,*,#5080,.T.);
#5115=EDGE_LOOP('',(#5111,#5112,#5113,#5114));
#5116=FACE_BOUND('',#5115,.T.);
#5117=ADVANCED_FACE('',(#5116),#5110,.T.);
#5118=OVER_RIDING_STYLED_ITEM('',(#1338),#5117,#1291);
#5119=CLOSED_SHELL('',(#1331,#1379,#1427,#1484,#1548,#1756,#1790,#1847,#1904,#1984,#2017,#2050,#2137,#2201,#2322,#2339,#2363,#2443,#2460,#2484,#2564,#2581,#2598,#2641,#2698,#2721,
#2748,#2789,#2829,#2869,#2909,#2940,#2964,#2988,#3005,#3036,#3060,#3084,#3101,#3132,#3156,#3180,#3197,#3228,#3252,#3276,#3293,#3324,#3348,#3372,#3389,
#3420,#3444,#3468,#3485,#3516,#3540,#3564,#3581,#3612,#3636,#3660,#3677,#3731,#3749,#3767,#3780,#3797,#3821,#3841,#3867,#3908,#3939,#3963,#3987,#4004,
#4026,#4043,#4060,#4072,#4088,#4105,#4125,#4145,#4186,#4217,#4241,#4265,#4282,#4304,#4321,#4338,#4350,#4366,#4383,#4403,#4423,#4464,#4495,#4519,#4543,
#4560,#4582,#4599,#4616,#4628,#4651,#4668,#4688,#4714,#4755,#4786,#4810,#4834,#4851,#4873,#4890,#4907,#4919,#4942,#4961,#4979,#4993,#5017,#5036,#5055,
#5068,#5086,#5104,#5117));
#5120=MANIFOLD_SOLID_BREP('ELP-USBFHD01M-L21',#5119);
#5121=COLOUR_RGB('',0.960784316,0.835294127,0.470588237);
#5122=FILL_AREA_STYLE_COLOUR('',#5121);
#5123=FILL_AREA_STYLE('',(#5122));
#5124=SURFACE_STYLE_FILL_AREA(#5123);
#5125=SURFACE_SIDE_STYLE('',(#5124));
#5126=SURFACE_STYLE_USAGE(.BOTH.,#5125);
#5127=PRESENTATION_STYLE_ASSIGNMENT((#5126));
#1291=STYLED_ITEM('',(#5127),#5120);
#1272=SHAPE_REPRESENTATION('ELP-USBFHD01M-L21',(#15),#1270);
#1273=ADVANCED_BREP_SHAPE_REPRESENTATION('ELP-USBFHD01M-L21',(#5120),#1270);
#5135=SHAPE_REPRESENTATION_RELATIONSHIP('','',#1272,#1273);
#1280=PRODUCT('ELP-USBFHD01M-L21','ELP-USBFHD01M-L21','',(#661));
#5136=PRODUCT_RELATED_PRODUCT_CATEGORY('part','',(#1280));
#5137=PRODUCT_DEFINITION_FORMATION_WITH_SPECIFIED_SOURCE('','',#1280,.NOT_KNOWN.);
#1281=PRODUCT_DEFINITION('design','',#5137,#662);
#1279=PRODUCT_DEFINITION_SHAPE('','',#1281);
#5138=SHAPE_DEFINITION_REPRESENTATION(#1279,#1272);
#1271=DRAUGHTING_MODEL('',(),#1270);
#5139=(NAMED_UNIT(*)PLANE_ANGLE_UNIT()SI_UNIT($,.RADIAN.));
#5140=PLANE_ANGLE_MEASURE_WITH_UNIT(PLANE_ANGLE_MEASURE(0.0174532925),#5139);
#5141=(CONVERSION_BASED_UNIT('DEGREE',#5140)NAMED_UNIT(#5142)PLANE_ANGLE_UNIT());
#5142=DIMENSIONAL_EXPONENTS(0.,0.,0.,0.,0.,0.,0.);
#5143=(NAMED_UNIT(*)SI_UNIT($,.STERADIAN.)SOLID_ANGLE_UNIT());
#5144=(LENGTH_UNIT()NAMED_UNIT(*)SI_UNIT(.MILLI.,.METRE.));
#5145=UNCERTAINTY_MEASURE_WITH_UNIT(LENGTH_MEASURE(1.000000E-05),#5144,'DISTANCE_ACCURACY_VALUE','Maximum Tolerance applied to model');
#5146=(GEOMETRIC_REPRESENTATION_CONTEXT(3)GLOBAL_UNCERTAINTY_ASSIGNED_CONTEXT((#5145))GLOBAL_UNIT_ASSIGNED_CONTEXT((#5144,#5141,#5143))REPRESENTATION_CONTEXT('','ELP-USBFHD01M-L21'));
#5158=CARTESIAN_POINT('',(0.,0.,0.));
#5159=DIRECTION('',(0.,0.,1.));
#5160=DIRECTION('',(1.,0.,-0.));
#5161=AXIS2_PLACEMENT_3D('',#5158,#5159,#5160);
#5162=ITEM_DEFINED_TRANSFORMATION('','',#5161,#15);
#5163=(REPRESENTATION_RELATIONSHIP('','',#5148,#35)REPRESENTATION_RELATIONSHIP_WITH_TRANSFORMATION(#5162)SHAPE_REPRESENTATION_RELATIONSHIP());
#5164=NEXT_ASSEMBLY_USAGE_OCCURRENCE('ELP-USBFHD01M-L21_5','ELP-USBFHD01M-L21','ELP-USBFHD01M-L21',#44,#5157,$);
#5165=PRODUCT_DEFINITION_SHAPE('','',#5164);
#5166=CONTEXT_DEPENDENT_SHAPE_REPRESENTATION(#5163,#5165);
#5168=CARTESIAN_POINT('',(0.,0.,-0.75));
#5169=DIRECTION('',(0.,0.,1.));
#5170=DIRECTION('',(0.,-1.,0.));
#5171=AXIS2_PLACEMENT_3D('',#5168,#5169,#5170);
#5172=PLANE('',#5171);
#5173=CARTESIAN_POINT('',(-9.5,0.,-0.75));
#5174=VERTEX_POINT('',#5173);
#5175=CARTESIAN_POINT('',(-9.,0.5,-0.75));
#5176=VERTEX_POINT('',#5175);
#5177=CARTESIAN_POINT('',(-9.,0.,-0.75));
#5178=DIRECTION('',(-0.,-0.,1.));
#5179=DIRECTION('',(-1.,0.,0.));
#5180=AXIS2_PLACEMENT_3D('',#5177,#5178,#5179);
#5181=CIRCLE('',#5180,0.5);
#5182=EDGE_CURVE('',#5174,#5176,#5181,.T.);
#5183=ORIENTED_EDGE('',*,*,#5182,.T.);
#5184=CARTESIAN_POINT('',(-9.,0.,-0.75));
#5185=DIRECTION('',(-0.,-0.,1.));
#5186=DIRECTION('',(-1.,0.,0.));
#5187=AXIS2_PLACEMENT_3D('',#5184,#5185,#5186);
#5188=CIRCLE('',#5187,0.5);
#5189=EDGE_CURVE('',#5176,#5174,#5188,.T.);
#5190=ORIENTED_EDGE('',*,*,#5189,.T.);
#5191=EDGE_LOOP('',(#5183,#5190));
#5192=FACE_BOUND('',#5191,.T.);
#5193=CARTESIAN_POINT('',(8.5,0.,-0.75));
#5194=VERTEX_POINT('',#5193);
#5195=CARTESIAN_POINT('',(9.,0.5,-0.75));
#5196=VERTEX_POINT('',#5195);
#5197=CARTESIAN_POINT('',(9.,0.,-0.75));
#5198=DIRECTION('',(-0.,-0.,1.));
#5199=DIRECTION('',(-1.,0.,0.));
#5200=AXIS2_PLACEMENT_3D('',#5197,#5198,#5199);
#5201=CIRCLE('',#5200,0.5);
#5202=EDGE_CURVE('',#5194,#5196,#5201,.T.);
#5203=ORIENTED_EDGE('',*,*,#5202,.T.);
#5204=CARTESIAN_POINT('',(9.,0.,-0.75));
#5205=DIRECTION('',(-0.,-0.,1.));
#5206=DIRECTION('',(-1.,0.,0.));
#5207=AXIS2_PLACEMENT_3D('',#5204,#5205,#5206);
#5208=CIRCLE('',#5207,0.5);
#5209=EDGE_CURVE('',#5196,#5194,#5208,.T.);
#5210=ORIENTED_EDGE('',*,*,#5209,.T.);
#5211=EDGE_LOOP('',(#5203,#5210));
#5212=FACE_BOUND('',#5211,.T.);
#5213=CARTESIAN_POINT('',(10.4,12.5,-0.75));
#5214=VERTEX_POINT('',#5213);
#5215=CARTESIAN_POINT('',(-10.4,12.5,-0.75));
#5216=VERTEX_POINT('',#5215);
#5217=CARTESIAN_POINT('',(10.4,12.5,-0.75));
#5218=DIRECTION('',(-1.,-0.,0.));
#5219=VECTOR('',#5218,20.8);
#5220=LINE('',#5217,#5219);
#5221=EDGE_CURVE('',#5214,#5216,#5220,.T.);
#5222=ORIENTED_EDGE('',*,*,#5221,.F.);
#5223=CARTESIAN_POINT('',(13.6,12.5,-0.75));
#5224=VERTEX_POINT('',#5223);
#5225=CARTESIAN_POINT('',(12.,12.5,-0.75));
#5226=DIRECTION('',(0.,0.,1.));
#5227=DIRECTION('',(1.,0.,-0.));
#5228=AXIS2_PLACEMENT_3D('',#5225,#5226,#5227);
#5229=CIRCLE('',#5228,1.6);
#5230=EDGE_CURVE('',#5214,#5224,#5229,.T.);
#5231=ORIENTED_EDGE('',*,*,#5230,.T.);
#5232=CARTESIAN_POINT('',(15.,12.5,-0.75));
#5233=VERTEX_POINT('',#5232);
#5234=CARTESIAN_POINT('',(15.,12.5,-0.75));
#5235=DIRECTION('',(-1.,-0.,0.));
#5236=VECTOR('',#5235,1.4);
#5237=LINE('',#5234,#5236);
#5238=EDGE_CURVE('',#5233,#5224,#5237,.T.);
#5239=ORIENTED_EDGE('',*,*,#5238,.F.);
#5240=CARTESIAN_POINT('',(15.,-12.5,-0.75));
#5241=VERTEX_POINT('',#5240);
#5242=CARTESIAN_POINT('',(15.,-12.5,-0.75));
#5243=DIRECTION('',(0.,1.,-0.));
#5244=VECTOR('',#5243,25.);
#5245=LINE('',#5242,#5244);
#5246=EDGE_CURVE('',#5241,#5233,#5245,.T.);
#5247=ORIENTED_EDGE('',*,*,#5246,.F.);
#5248=CARTESIAN_POINT('',(13.6,-12.5,-0.75));
#5249=VERTEX_POINT('',#5248);
#5250=CARTESIAN_POINT('',(15.,-12.5,-0.75));
#5251=DIRECTION('',(-1.,-0.,0.));
#5252=VECTOR('',#5251,1.4);
#5253=LINE('',#5250,#5252);
#5254=EDGE_CURVE('',#5241,#5249,#5253,.T.);
#5255=ORIENTED_EDGE('',*,*,#5254,.T.);
#5256=CARTESIAN_POINT('',(10.4,-12.5,-0.75));
#5257=VERTEX_POINT('',#5256);
#5258=CARTESIAN_POINT('',(12.,-12.5,-0.75));
#5259=DIRECTION('',(0.,0.,1.));
#5260=DIRECTION('',(1.,0.,-0.));
#5261=AXIS2_PLACEMENT_3D('',#5258,#5259,#5260);
#5262=CIRCLE('',#5261,1.6);
#5263=EDGE_CURVE('',#5249,#5257,#5262,.T.);
#5264=ORIENTED_EDGE('',*,*,#5263,.T.);
#5265=CARTESIAN_POINT('',(-10.4,-12.5,-0.75));
#5266=VERTEX_POINT('',#5265);
#5267=CARTESIAN_POINT('',(10.4,-12.5,-0.75));
#5268=DIRECTION('',(-1.,-0.,0.));
#5269=VECTOR('',#5268,20.8);
#5270=LINE('',#5267,#5269);
#5271=EDGE_CURVE('',#5257,#5266,#5270,.T.);
#5272=ORIENTED_EDGE('',*,*,#5271,.T.);
#5273=CARTESIAN_POINT('',(-13.6,-12.5,-0.75));
#5274=VERTEX_POINT('',#5273);
#5275=CARTESIAN_POINT('',(-12.,-12.5,-0.75));
#5276=DIRECTION('',(0.,0.,1.));
#5277=DIRECTION('',(1.,0.,-0.));
#5278=AXIS2_PLACEMENT_3D('',#5275,#5276,#5277);
#5279=CIRCLE('',#5278,1.6);
#5280=EDGE_CURVE('',#5266,#5274,#5279,.T.);
#5281=ORIENTED_EDGE('',*,*,#5280,.T.);
#5282=CARTESIAN_POINT('',(-15.,-12.5,-0.75));
#5283=VERTEX_POINT('',#5282);
#5284=CARTESIAN_POINT('',(-13.6,-12.5,-0.75));
#5285=DIRECTION('',(-1.,-0.,0.));
#5286=VECTOR('',#5285,1.4);
#5287=LINE('',#5284,#5286);
#5288=EDGE_CURVE('',#5274,#5283,#5287,.T.);
#5289=ORIENTED_EDGE('',*,*,#5288,.T.);
#5290=CARTESIAN_POINT('',(-15.,12.5,-0.75));
#5291=VERTEX_POINT('',#5290);
#5292=CARTESIAN_POINT('',(-15.,-12.5,-0.75));
#5293=DIRECTION('',(-0.,1.,-0.));
#5294=VECTOR('',#5293,25.);
#5295=LINE('',#5292,#5294);
#5296=EDGE_CURVE('',#5283,#5291,#5295,.T.);
#5297=ORIENTED_EDGE('',*,*,#5296,.T.);
#5298=CARTESIAN_POINT('',(-13.6,12.5,-0.75));
#5299=VERTEX_POINT('',#5298);
#5300=CARTESIAN_POINT('',(-13.6,12.5,-0.75));
#5301=DIRECTION('',(-1.,-0.,0.));
#5302=VECTOR('',#5301,1.4);
#5303=LINE('',#5300,#5302);
#5304=EDGE_CURVE('',#5299,#5291,#5303,.T.);
#5305=ORIENTED_EDGE('',*,*,#5304,.F.);
#5306=CARTESIAN_POINT('',(-12.,12.5,-0.75));
#5307=DIRECTION('',(0.,0.,1.));
#5308=DIRECTION('',(1.,0.,-0.));
#5309=AXIS2_PLACEMENT_3D('',#5306,#5307,#5308);
#5310=CIRCLE('',#5309,1.6);
#5311=EDGE_CURVE('',#5299,#5216,#5310,.T.);
#5312=ORIENTED_EDGE('',*,*,#5311,.T.);
#5313=EDGE_LOOP('',(#5222,#5231,#5239,#5247,#5255,#5264,#5272,#5281,#5289,#5297,#5305,#5312));
#5314=FACE_BOUND('',#5313,.T.);
#5315=ADVANCED_FACE('',(#5192,#5212,#5314),#5172,.F.);
#5316=CARTESIAN_POINT('',(-0.,-12.5,24.25));
#5317=DIRECTION('',(0.,-1.,0.));
#5318=DIRECTION('',(0.,0.,-1.));
#5319=AXIS2_PLACEMENT_3D('',#5316,#5317,#5318);
#5320=PLANE('',#5319);
#5321=CARTESIAN_POINT('',(-10.4,-12.5,0.75));
#5322=VERTEX_POINT('',#5321);
#5323=CARTESIAN_POINT('',(10.4,-12.5,0.75));
#5324=VERTEX_POINT('',#5323);
#5325=CARTESIAN_POINT('',(-10.4,-12.5,0.75));
#5326=DIRECTION('',(1.,0.,-0.));
#5327=VECTOR('',#5326,20.8);
#5328=LINE('',#5325,#5327);
#5329=EDGE_CURVE('',#5322,#5324,#5328,.T.);
#5330=ORIENTED_EDGE('',*,*,#5329,.F.);
#5331=CARTESIAN_POINT('',(-10.4,-12.5,0.75));
#5332=DIRECTION('',(0.,0.,-1.));
#5333=VECTOR('',#5332,1.5);
#5334=LINE('',#5331,#5333);
#5335=EDGE_CURVE('',#5322,#5266,#5334,.T.);
#5336=ORIENTED_EDGE('',*,*,#5335,.T.);
#5337=ORIENTED_EDGE('',*,*,#5271,.F.);
#5338=CARTESIAN_POINT('',(10.4,-12.5,-0.75));
#5339=DIRECTION('',(-0.,-0.,1.));
#5340=VECTOR('',#5339,1.5);
#5341=LINE('',#5338,#5340);
#5342=EDGE_CURVE('',#5257,#5324,#5341,.T.);
#5343=ORIENTED_EDGE('',*,*,#5342,.T.);
#5344=EDGE_LOOP('',(#5330,#5336,#5337,#5343));
#5345=FACE_BOUND('',#5344,.T.);
#5346=ADVANCED_FACE('',(#5345),#5320,.T.);
#5347=COLOUR_RGB('',0.501960814,0.486274511,0.43921569);
#5348=FILL_AREA_STYLE_COLOUR('',#5347);
#5349=FILL_AREA_STYLE('',(#5348));
#5350=SURFACE_STYLE_FILL_AREA(#5349);
#5351=SURFACE_SIDE_STYLE('',(#5350));
#5352=SURFACE_STYLE_USAGE(.BOTH.,#5351);
#5353=PRESENTATION_STYLE_ASSIGNMENT((#5352));
#5354=OVER_RIDING_STYLED_ITEM('',(#5353),#5346,#5167);
#5355=CARTESIAN_POINT('',(-0.,-12.5,24.25));
#5356=DIRECTION('',(0.,-1.,0.));
#5357=DIRECTION('',(0.,0.,-1.));
#5358=AXIS2_PLACEMENT_3D('',#5355,#5356,#5357);
#5359=PLANE('',#5358);
#5360=ORIENTED_EDGE('',*,*,#5288,.F.);
#5361=CARTESIAN_POINT('',(-13.6,-12.5,0.75));
#5362=VERTEX_POINT('',#5361);
#5363=CARTESIAN_POINT('',(-13.6,-12.5,-0.75));
#5364=DIRECTION('',(-0.,-0.,1.));
#5365=VECTOR('',#5364,1.5);
#5366=LINE('',#5363,#5365);
#5367=EDGE_CURVE('',#5274,#5362,#5366,.T.);
#5368=ORIENTED_EDGE('',*,*,#5367,.T.);
#5369=CARTESIAN_POINT('',(-15.,-12.5,0.75));
#5370=VERTEX_POINT('',#5369);
#5371=CARTESIAN_POINT('',(-15.,-12.5,0.75));
#5372=DIRECTION('',(1.,0.,-0.));
#5373=VECTOR('',#5372,1.4);
#5374=LINE('',#5371,#5373);
#5375=EDGE_CURVE('',#5370,#5362,#5374,.T.);
#5376=ORIENTED_EDGE('',*,*,#5375,.F.);
#5377=CARTESIAN_POINT('',(-15.,-12.5,0.75));
#5378=DIRECTION('',(0.,0.,-1.));
#5379=VECTOR('',#5378,1.5);
#5380=LINE('',#5377,#5379);
#5381=EDGE_CURVE('',#5370,#5283,#5380,.T.);
#5382=ORIENTED_EDGE('',*,*,#5381,.T.);
#5383=EDGE_LOOP('',(#5360,#5368,#5376,#5382));
#5384=FACE_BOUND('',#5383,.T.);
#5385=ADVANCED_FACE('',(#5384),#5359,.T.);
#5386=OVER_RIDING_STYLED_ITEM('',(#5353),#5385,#5167);
#5387=CARTESIAN_POINT('',(-0.,-12.5,24.25));
#5388=DIRECTION('',(0.,-1.,0.));
#5389=DIRECTION('',(0.,0.,-1.));
#5390=AXIS2_PLACEMENT_3D('',#5387,#5388,#5389);
#5391=PLANE('',#5390);
#5392=CARTESIAN_POINT('',(13.6,-12.5,0.75));
#5393=VERTEX_POINT('',#5392);
#5394=CARTESIAN_POINT('',(15.,-12.5,0.75));
#5395=VERTEX_POINT('',#5394);
#5396=CARTESIAN_POINT('',(13.6,-12.5,0.75));
#5397=DIRECTION('',(1.,0.,-0.));
#5398=VECTOR('',#5397,1.4);
#5399=LINE('',#5396,#5398);
#5400=EDGE_CURVE('',#5393,#5395,#5399,.T.);
#5401=ORIENTED_EDGE('',*,*,#5400,.F.);
#5402=CARTESIAN_POINT('',(13.6,-12.5,0.75));
#5403=DIRECTION('',(0.,0.,-1.));
#5404=VECTOR('',#5403,1.5);
#5405=LINE('',#5402,#5404);
#5406=EDGE_CURVE('',#5393,#5249,#5405,.T.);
#5407=ORIENTED_EDGE('',*,*,#5406,.T.);
#5408=ORIENTED_EDGE('',*,*,#5254,.F.);
#5409=CARTESIAN_POINT('',(15.,-12.5,0.75));
#5410=DIRECTION('',(-0.,-0.,-1.));
#5411=VECTOR('',#5410,1.5);
#5412=LINE('',#5409,#5411);
#5413=EDGE_CURVE('',#5395,#5241,#5412,.T.);
#5414=ORIENTED_EDGE('',*,*,#5413,.F.);
#5415=EDGE_LOOP('',(#5401,#5407,#5408,#5414));
#5416=FACE_BOUND('',#5415,.T.);
#5417=ADVANCED_FACE('',(#5416),#5391,.T.);
#5418=OVER_RIDING_STYLED_ITEM('',(#5353),#5417,#5167);
#5419=CARTESIAN_POINT('',(0.,12.5,24.25));
#5420=DIRECTION('',(0.,-1.,0.));
#5421=DIRECTION('',(0.,0.,-1.));
#5422=AXIS2_PLACEMENT_3D('',#5419,#5420,#5421);
#5423=PLANE('',#5422);
#5424=CARTESIAN_POINT('',(13.6,12.5,0.75));
#5425=VERTEX_POINT('',#5424);
#5426=CARTESIAN_POINT('',(13.6,12.5,0.75));
#5427=DIRECTION('',(-0.,-0.,-1.));
#5428=VECTOR('',#5427,1.5);
#5429=LINE('',#5426,#5428);
#5430=EDGE_CURVE('',#5425,#5224,#5429,.T.);
#5431=ORIENTED_EDGE('',*,*,#5430,.F.);
#5432=CARTESIAN_POINT('',(15.,12.5,0.75));
#5433=VERTEX_POINT('',#5432);
#5434=CARTESIAN_POINT('',(13.6,12.5,0.75));
#5435=DIRECTION('',(1.,0.,-0.));
#5436=VECTOR('',#5435,1.4);
#5437=LINE('',#5434,#5436);
#5438=EDGE_CURVE('',#5425,#5433,#5437,.T.);
#5439=ORIENTED_EDGE('',*,*,#5438,.T.);
#5440=CARTESIAN_POINT('',(15.,12.5,0.75));
#5441=DIRECTION('',(0.,0.,-1.));
#5442=VECTOR('',#5441,1.5);
#5443=LINE('',#5440,#5442);
#5444=EDGE_CURVE('',#5433,#5233,#5443,.T.);
#5445=ORIENTED_EDGE('',*,*,#5444,.T.);
#5446=ORIENTED_EDGE('',*,*,#5238,.T.);
#5447=EDGE_LOOP('',(#5431,#5439,#5445,#5446));
#5448=FACE_BOUND('',#5447,.T.);
#5449=ADVANCED_FACE('',(#5448),#5423,.F.);
#5450=OVER_RIDING_STYLED_ITEM('',(#5353),#5449,#5167);
#5451=CARTESIAN_POINT('',(0.,12.5,24.25));
#5452=DIRECTION('',(0.,-1.,0.));
#5453=DIRECTION('',(0.,0.,-1.));
#5454=AXIS2_PLACEMENT_3D('',#5451,#5452,#5453);
#5455=PLANE('',#5454);
#5456=CARTESIAN_POINT('',(10.4,12.5,0.75));
#5457=VERTEX_POINT('',#5456);
#5458=CARTESIAN_POINT('',(10.4,12.5,-0.75));
#5459=DIRECTION('',(0.,0.,1.));
#5460=VECTOR('',#5459,1.5);
#5461=LINE('',#5458,#5460);
#5462=EDGE_CURVE('',#5214,#5457,#5461,.T.);
#5463=ORIENTED_EDGE('',*,*,#5462,.F.);
#5464=ORIENTED_EDGE('',*,*,#5221,.T.);
#5465=CARTESIAN_POINT('',(-10.4,12.5,0.75));
#5466=VERTEX_POINT('',#5465);
#5467=CARTESIAN_POINT('',(-10.4,12.5,0.75));
#5468=DIRECTION('',(-0.,-0.,-1.));
#5469=VECTOR('',#5468,1.5);
#5470=LINE('',#5467,#5469);
#5471=EDGE_CURVE('',#5466,#5216,#5470,.T.);
#5472=ORIENTED_EDGE('',*,*,#5471,.F.);
#5473=CARTESIAN_POINT('',(-10.4,12.5,0.75));
#5474=DIRECTION('',(1.,0.,-0.));
#5475=VECTOR('',#5474,20.8);
#5476=LINE('',#5473,#5475);
#5477=EDGE_CURVE('',#5466,#5457,#5476,.T.);
#5478=ORIENTED_EDGE('',*,*,#5477,.T.);
#5479=EDGE_LOOP('',(#5463,#5464,#5472,#5478));
#5480=FACE_BOUND('',#5479,.T.);
#5481=ADVANCED_FACE('',(#5480),#5455,.F.);
#5482=OVER_RIDING_STYLED_ITEM('',(#5353),#5481,#5167);
#5483=CARTESIAN_POINT('',(0.,12.5,24.25));
#5484=DIRECTION('',(0.,-1.,0.));
#5485=DIRECTION('',(0.,0.,-1.));
#5486=AXIS2_PLACEMENT_3D('',#5483,#5484,#5485);
#5487=PLANE('',#5486);
#5488=CARTESIAN_POINT('',(-13.6,12.5,0.75));
#5489=VERTEX_POINT('',#5488);
#5490=CARTESIAN_POINT('',(-13.6,12.5,-0.75));
#5491=DIRECTION('',(0.,0.,1.));
#5492=VECTOR('',#5491,1.5);
#5493=LINE('',#5490,#5492);
#5494=EDGE_CURVE('',#5299,#5489,#5493,.T.);
#5495=ORIENTED_EDGE('',*,*,#5494,.F.);
#5496=ORIENTED_EDGE('',*,*,#5304,.T.);
#5497=CARTESIAN_POINT('',(-15.,12.5,0.75));
#5498=VERTEX_POINT('',#5497);
#5499=CARTESIAN_POINT('',(-15.,12.5,0.75));
#5500=DIRECTION('',(-0.,-0.,-1.));
#5501=VECTOR('',#5500,1.5);
#5502=LINE('',#5499,#5501);
#5503=EDGE_CURVE('',#5498,#5291,#5502,.T.);
#5504=ORIENTED_EDGE('',*,*,#5503,.F.);
#5505=CARTESIAN_POINT('',(-15.,12.5,0.75));
#5506=DIRECTION('',(1.,0.,-0.));
#5507=VECTOR('',#5506,1.4);
#5508=LINE('',#5505,#5507);
#5509=EDGE_CURVE('',#5498,#5489,#5508,.T.);
#5510=ORIENTED_EDGE('',*,*,#5509,.T.);
#5511=EDGE_LOOP('',(#5495,#5496,#5504,#5510));
#5512=FACE_BOUND('',#5511,.T.);
#5513=ADVANCED_FACE('',(#5512),#5487,.F.);
#5514=OVER_RIDING_STYLED_ITEM('',(#5353),#5513,#5167);
#5515=CARTESIAN_POINT('',(0.,0.,0.75));
#5516=DIRECTION('',(0.,0.,1.));
#5517=DIRECTION('',(0.,-1.,0.));
#5518=AXIS2_PLACEMENT_3D('',#5515,#5516,#5517);
#5519=PLANE('',#5518);
#5520=CARTESIAN_POINT('',(-8.2,2.,0.75));
#5521=VERTEX_POINT('',#5520);
#5522=CARTESIAN_POINT('',(-9.,2.,0.75));
#5523=VERTEX_POINT('',#5522);
#5524=CARTESIAN_POINT('',(-8.2,2.,0.75));
#5525=DIRECTION('',(-1.,-0.,0.));
#5526=VECTOR('',#5525,0.8);
#5527=LINE('',#5524,#5526);
#5528=EDGE_CURVE('',#5521,#5523,#5527,.T.);
#5529=ORIENTED_EDGE('',*,*,#5528,.F.);
#5530=CARTESIAN_POINT('',(-8.,2.2,0.75));
#5531=VERTEX_POINT('',#5530);
#5532=CARTESIAN_POINT('',(-8.2,2.2,0.75));
#5533=DIRECTION('',(0.,0.,1.));
#5534=DIRECTION('',(1.,0.,-0.));
#5535=AXIS2_PLACEMENT_3D('',#5532,#5533,#5534);
#5536=CIRCLE('',#5535,0.2);
#5537=EDGE_CURVE('',#5521,#5531,#5536,.T.);
#5538=ORIENTED_EDGE('',*,*,#5537,.T.);
#5539=CARTESIAN_POINT('',(-8.,7.8,0.75));
#5540=VERTEX_POINT('',#5539);
#5541=CARTESIAN_POINT('',(-8.,7.8,0.75));
#5542=DIRECTION('',(0.,-1.,-0.));
#5543=VECTOR('',#5542,5.6);
#5544=LINE('',#5541,#5543);
#5545=EDGE_CURVE('',#5540,#5531,#5544,.T.);
#5546=ORIENTED_EDGE('',*,*,#5545,.F.);
#5547=CARTESIAN_POINT('',(-7.8,8.,0.75));
#5548=VERTEX_POINT('',#5547);
#5549=CARTESIAN_POINT('',(-7.8,7.8,0.75));
#5550=DIRECTION('',(0.,0.,-1.));
#5551=DIRECTION('',(-1.,0.,0.));
#5552=AXIS2_PLACEMENT_3D('',#5549,#5550,#5551);
#5553=CIRCLE('',#5552,0.2);
#5554=EDGE_CURVE('',#5540,#5548,#5553,.T.);
#5555=ORIENTED_EDGE('',*,*,#5554,.T.);
#5556=CARTESIAN_POINT('',(7.8,8.,0.75));
#5557=VERTEX_POINT('',#5556);
#5558=CARTESIAN_POINT('',(7.8,8.,0.75));
#5559=DIRECTION('',(-1.,-0.,-0.));
#5560=VECTOR('',#5559,15.6);
#5561=LINE('',#5558,#5560);
#5562=EDGE_CURVE('',#5557,#5548,#5561,.T.);
#5563=ORIENTED_EDGE('',*,*,#5562,.F.);
#5564=CARTESIAN_POINT('',(8.,7.8,0.75));
#5565=VERTEX_POINT('',#5564);
#5566=CARTESIAN_POINT('',(7.8,7.8,0.75));
#5567=DIRECTION('',(0.,0.,-1.));
#5568=DIRECTION('',(-1.,0.,0.));
#5569=AXIS2_PLACEMENT_3D('',#5566,#5567,#5568);
#5570=CIRCLE('',#5569,0.2);
#5571=EDGE_CURVE('',#5557,#5565,#5570,.T.);
#5572=ORIENTED_EDGE('',*,*,#5571,.T.);
#5573=CARTESIAN_POINT('',(8.,2.2,0.75));
#5574=VERTEX_POINT('',#5573);
#5575=CARTESIAN_POINT('',(8.,2.2,0.75));
#5576=DIRECTION('',(-0.,1.,-0.));
#5577=VECTOR('',#5576,5.6);
#5578=LINE('',#5575,#5577);
#5579=EDGE_CURVE('',#5574,#5565,#5578,.T.);
#5580=ORIENTED_EDGE('',*,*,#5579,.F.);
#5581=CARTESIAN_POINT('',(8.2,2.,0.75));
#5582=VERTEX_POINT('',#5581);
#5583=CARTESIAN_POINT('',(8.2,2.2,0.75));
#5584=DIRECTION('',(-0.,-0.,1.));
#5585=DIRECTION('',(-1.,0.,0.));
#5586=AXIS2_PLACEMENT_3D('',#5583,#5584,#5585);
#5587=CIRCLE('',#5586,0.2);
#5588=EDGE_CURVE('',#5574,#5582,#5587,.T.);
#5589=ORIENTED_EDGE('',*,*,#5588,.T.);
#5590=CARTESIAN_POINT('',(9.,2.,0.75));
#5591=VERTEX_POINT('',#5590);
#5592=CARTESIAN_POINT('',(9.,2.,0.75));
#5593=DIRECTION('',(-1.,-0.,0.));
#5594=VECTOR('',#5593,0.8);
#5595=LINE('',#5592,#5594);
#5596=EDGE_CURVE('',#5591,#5582,#5595,.T.);
#5597=ORIENTED_EDGE('',*,*,#5596,.F.);
#5598=CARTESIAN_POINT('',(9.,-2.,0.75));
#5599=VERTEX_POINT('',#5598);
#5600=CARTESIAN_POINT('',(9.,0.,0.75));
#5601=DIRECTION('',(-0.,-0.,1.));
#5602=DIRECTION('',(-1.,0.,0.));
#5603=AXIS2_PLACEMENT_3D('',#5600,#5601,#5602);
#5604=CIRCLE('',#5603,2.);
#5605=EDGE_CURVE('',#5599,#5591,#5604,.T.);
#5606=ORIENTED_EDGE('',*,*,#5605,.F.);
#5607=CARTESIAN_POINT('',(8.2,-2.,0.75));
#5608=VERTEX_POINT('',#5607);
#5609=CARTESIAN_POINT('',(8.2,-2.,0.75));
#5610=DIRECTION('',(1.,-0.,-0.));
#5611=VECTOR('',#5610,0.8);
#5612=LINE('',#5609,#5611);
#5613=EDGE_CURVE('',#5608,#5599,#5612,.T.);
#5614=ORIENTED_EDGE('',*,*,#5613,.F.);
#5615=CARTESIAN_POINT('',(8.,-2.2,0.75));
#5616=VERTEX_POINT('',#5615);
#5617=CARTESIAN_POINT('',(8.2,-2.2,0.75));
#5618=DIRECTION('',(0.,0.,1.));
#5619=DIRECTION('',(1.,0.,-0.));
#5620=AXIS2_PLACEMENT_3D('',#5617,#5618,#5619);
#5621=CIRCLE('',#5620,0.2);
#5622=EDGE_CURVE('',#5608,#5616,#5621,.T.);
#5623=ORIENTED_EDGE('',*,*,#5622,.T.);
#5624=CARTESIAN_POINT('',(8.,-7.8,0.75));
#5625=VERTEX_POINT('',#5624);
#5626=CARTESIAN_POINT('',(8.,-7.8,0.75));
#5627=DIRECTION('',(-0.,1.,-0.));
#5628=VECTOR('',#5627,5.6);
#5629=LINE('',#5626,#5628);
#5630=EDGE_CURVE('',#5625,#5616,#5629,.T.);
#5631=ORIENTED_EDGE('',*,*,#5630,.F.);
#5632=CARTESIAN_POINT('',(7.8,-8.,0.75));
#5633=VERTEX_POINT('',#5632);
#5634=CARTESIAN_POINT('',(7.8,-7.8,0.75));
#5635=DIRECTION('',(0.,0.,-1.));
#5636=DIRECTION('',(-1.,0.,0.));
#5637=AXIS2_PLACEMENT_3D('',#5634,#5635,#5636);
#5638=CIRCLE('',#5637,0.2);
#5639=EDGE_CURVE('',#5625,#5633,#5638,.T.);
#5640=ORIENTED_EDGE('',*,*,#5639,.T.);
#5641=CARTESIAN_POINT('',(-7.8,-8.,0.75));
#5642=VERTEX_POINT('',#5641);
#5643=CARTESIAN_POINT('',(-7.8,-8.,0.75));
#5644=DIRECTION('',(1.,0.,-0.));
#5645=VECTOR('',#5644,15.6);
#5646=LINE('',#5643,#5645);
#5647=EDGE_CURVE('',#5642,#5633,#5646,.T.);
#5648=ORIENTED_EDGE('',*,*,#5647,.F.);
#5649=CARTESIAN_POINT('',(-8.,-7.8,0.75));
#5650=VERTEX_POINT('',#5649);
#5651=CARTESIAN_POINT('',(-7.8,-7.8,0.75));
#5652=DIRECTION('',(0.,0.,-1.));
#5653=DIRECTION('',(-1.,0.,0.));
#5654=AXIS2_PLACEMENT_3D('',#5651,#5652,#5653);
#5655=CIRCLE('',#5654,0.2);
#5656=EDGE_CURVE('',#5642,#5650,#5655,.T.);
#5657=ORIENTED_EDGE('',*,*,#5656,.T.);
#5658=CARTESIAN_POINT('',(-8.,-2.2,0.75));
#5659=VERTEX_POINT('',#5658);
#5660=CARTESIAN_POINT('',(-8.,-2.2,0.75));
#5661=DIRECTION('',(0.,-1.,-0.));
#5662=VECTOR('',#5661,5.6);
#5663=LINE('',#5660,#5662);
#5664=EDGE_CURVE('',#5659,#5650,#5663,.T.);
#5665=ORIENTED_EDGE('',*,*,#5664,.F.);
#5666=CARTESIAN_POINT('',(-8.2,-2.,0.75));
#5667=VERTEX_POINT('',#5666);
#5668=CARTESIAN_POINT('',(-8.2,-2.2,0.75));
#5669=DIRECTION('',(-0.,-0.,1.));
#5670=DIRECTION('',(-1.,0.,0.));
#5671=AXIS2_PLACEMENT_3D('',#5668,#5669,#5670);
#5672=CIRCLE('',#5671,0.2);
#5673=EDGE_CURVE('',#5659,#5667,#5672,.T.);
#5674=ORIENTED_EDGE('',*,*,#5673,.T.);
#5675=CARTESIAN_POINT('',(-9.,-2.,0.75));
#5676=VERTEX_POINT('',#5675);
#5677=CARTESIAN_POINT('',(-9.,-2.,0.75));
#5678=DIRECTION('',(1.,-0.,-0.));
#5679=VECTOR('',#5678,0.8);
#5680=LINE('',#5677,#5679);
#5681=EDGE_CURVE('',#5676,#5667,#5680,.T.);
#5682=ORIENTED_EDGE('',*,*,#5681,.F.);
#5683=CARTESIAN_POINT('',(-9.,0.,0.75));
#5684=DIRECTION('',(-0.,-0.,1.));
#5685=DIRECTION('',(-1.,0.,0.));
#5686=AXIS2_PLACEMENT_3D('',#5683,#5684,#5685);
#5687=CIRCLE('',#5686,2.);
#5688=EDGE_CURVE('',#5523,#5676,#5687,.T.);
#5689=ORIENTED_EDGE('',*,*,#5688,.F.);
#5690=EDGE_LOOP('',(#5529,#5538,#5546,#5555,#5563,#5572,#5580,#5589,#5597,#5606,#5614,#5623,#5631,#5640,#5648,#5657,#5665,#5674,#5682,#5689));
#5691=FACE_BOUND('',#5690,.T.);
#5692=ORIENTED_EDGE('',*,*,#5438,.F.);
#5693=CARTESIAN_POINT('',(12.,12.5,0.75));
#5694=DIRECTION('',(-0.,-0.,-1.));
#5695=DIRECTION('',(1.,0.,-0.));
#5696=AXIS2_PLACEMENT_3D('',#5693,#5694,#5695);
#5697=CIRCLE('',#5696,1.6);
#5698=EDGE_CURVE('',#5425,#5457,#5697,.T.);
#5699=ORIENTED_EDGE('',*,*,#5698,.T.);
#5700=ORIENTED_EDGE('',*,*,#5477,.F.);
#5701=CARTESIAN_POINT('',(-12.,12.5,0.75));
#5702=DIRECTION('',(-0.,-0.,-1.));
#5703=DIRECTION('',(1.,0.,-0.));
#5704=AXIS2_PLACEMENT_3D('',#5701,#5702,#5703);
#5705=CIRCLE('',#5704,1.6);
#5706=EDGE_CURVE('',#5466,#5489,#5705,.T.);
#5707=ORIENTED_EDGE('',*,*,#5706,.T.);
#5708=ORIENTED_EDGE('',*,*,#5509,.F.);
#5709=CARTESIAN_POINT('',(-15.,12.5,0.75));
#5710=DIRECTION('',(0.,-1.,0.));
#5711=VECTOR('',#5710,25.);
#5712=LINE('',#5709,#5711);
#5713=EDGE_CURVE('',#5498,#5370,#5712,.T.);
#5714=ORIENTED_EDGE('',*,*,#5713,.T.);
#5715=ORIENTED_EDGE('',*,*,#5375,.T.);
#5716=CARTESIAN_POINT('',(-12.,-12.5,0.75));
#5717=DIRECTION('',(-0.,-0.,-1.));
#5718=DIRECTION('',(1.,0.,-0.));
#5719=AXIS2_PLACEMENT_3D('',#5716,#5717,#5718);
#5720=CIRCLE('',#5719,1.6);
#5721=EDGE_CURVE('',#5362,#5322,#5720,.T.);
#5722=ORIENTED_EDGE('',*,*,#5721,.T.);
#5723=ORIENTED_EDGE('',*,*,#5329,.T.);
#5724=CARTESIAN_POINT('',(12.,-12.5,0.75));
#5725=DIRECTION('',(-0.,-0.,-1.));
#5726=DIRECTION('',(1.,0.,-0.));
#5727=AXIS2_PLACEMENT_3D('',#5724,#5725,#5726);
#5728=CIRCLE('',#5727,1.6);
#5729=EDGE_CURVE('',#5324,#5393,#5728,.T.);
#5730=ORIENTED_EDGE('',*,*,#5729,.T.);
#5731=ORIENTED_EDGE('',*,*,#5400,.T.);
#5732=CARTESIAN_POINT('',(15.,12.5,0.75));
#5733=DIRECTION('',(-0.,-1.,0.));
#5734=VECTOR('',#5733,25.);
#5735=LINE('',#5732,#5734);
#5736=EDGE_CURVE('',#5433,#5395,#5735,.T.);
#5737=ORIENTED_EDGE('',*,*,#5736,.F.);
#5738=EDGE_LOOP('',(#5692,#5699,#5700,#5707,#5708,#5714,#5715,#5722,#5723,#5730,#5731,#5737));
#5739=FACE_BOUND('',#5738,.T.);
#5740=ADVANCED_FACE('',(#5691,#5739),#5519,.T.);
#5741=CARTESIAN_POINT('',(0.873322265,7.700642503,6.850000082));
#5742=CARTESIAN_POINT('',(0.873392272,7.701259802,6.802790339));
#5743=CARTESIAN_POINT('',(0.879278174,7.75315957,6.75));
#5744=CARTESIAN_POINT('',(0.884590301,7.8,6.75));
#5745=CARTESIAN_POINT('',(0.29333378,7.766416627,6.849999974));
#5746=CARTESIAN_POINT('',(0.29445015,7.766715813,6.808026419));
#5747=CARTESIAN_POINT('',(0.29586677,7.802383292,6.760404665));
#5748=CARTESIAN_POINT('',(0.297122399,7.844416103,6.75));
#5749=CARTESIAN_POINT('',(-0.292779926,7.766479438,6.849999973));
#5750=CARTESIAN_POINT('',(-0.293895172,7.766778651,6.808038973));
#5751=CARTESIAN_POINT('',(-0.295305113,7.802438393,6.760414682));
#5752=CARTESIAN_POINT('',(-0.296555201,7.844458986,6.75));
#5753=CARTESIAN_POINT('',(-0.873322265,7.700642503,6.850000082));
#5754=CARTESIAN_POINT('',(-0.873392272,7.701259802,6.802790339));
#5755=CARTESIAN_POINT('',(-0.879278174,7.75315957,6.75));
#5756=CARTESIAN_POINT('',(-0.884590301,7.8,6.75));
#5757=B_SPLINE_SURFACE_WITH_KNOTS('',3,3,((#5741,#5742,#5743,#5744),(#5745,#5746,#5747,#5748),(#5749,#5750,#5751,#5752),(#5753,#5754,#5755,#5756)),.UNSPECIFIED.,.F.,.F.,.U.,(4,4),(4,4),(0.,0.00177418),(-0.000005019,1.),.UNSPECIFIED.);
#5758=CARTESIAN_POINT('',(0.87332195,7.700639723,6.850000037));
#5759=VERTEX_POINT('',#5758);
#5760=CARTESIAN_POINT('',(0.884590292,7.79999992,6.75));
#5761=VERTEX_POINT('',#5760);
#5762=CARTESIAN_POINT('',(0.884590301,7.8,6.85));
#5763=DIRECTION('',(0.993630573,-0.112686663,-0.));
#5764=DIRECTION('',(0.112686663,0.993630573,0.));
#5765=AXIS2_PLACEMENT_3D('',#5762,#5763,#5764);
#5766=CIRCLE('',#5765,0.1);
#5767=EDGE_CURVE('',#5759,#5761,#5766,.T.);
#5768=ORIENTED_EDGE('',*,*,#5767,.T.);
#5769=CARTESIAN_POINT('',(-0.884590301,7.8,6.75));
#5770=VERTEX_POINT('',#5769);
#5771=CARTESIAN_POINT('',(-0.884590301,7.8,6.75));
#5772=CARTESIAN_POINT('',(-0.589726867,7.822293447,6.75));
#5773=CARTESIAN_POINT('',(-0.294863434,7.83298232,6.74726167));
#5774=CARTESIAN_POINT('',(-0.,7.83298232,6.74726167));
#5775=CARTESIAN_POINT('',(0.294863434,7.83298232,6.74726167));
#5776=CARTESIAN_POINT('',(0.589726867,7.822293447,6.75));
#5777=CARTESIAN_POINT('',(0.884590301,7.8,6.75));
#5778=B_SPLINE_CURVE_WITH_KNOTS('',3,(#5771,#5772,#5773,#5774,#5775,#5776,#5777),.UNSPECIFIED.,.F.,.F.,(4,3,4),(0.,0.5,1.),.UNSPECIFIED.);
#5779=EDGE_CURVE('',#5770,#5761,#5778,.T.);
#5780=ORIENTED_EDGE('',*,*,#5779,.F.);
#5781=CARTESIAN_POINT('',(-0.87332195,7.700639724,6.849999952));
#5782=VERTEX_POINT('',#5781);
#5783=CARTESIAN_POINT('',(-0.884590301,7.8,6.85));
#5784=DIRECTION('',(-0.993630573,-0.112686663,0.));
#5785=DIRECTION('',(-0.112686663,0.993630573,0.));
#5786=AXIS2_PLACEMENT_3D('',#5783,#5784,#5785);
#5787=CIRCLE('',#5786,0.1);
#5788=EDGE_CURVE('',#5770,#5782,#5787,.T.);
#5789=ORIENTED_EDGE('',*,*,#5788,.T.);
#5790=CARTESIAN_POINT('',(-0.000000001,7.750076845,6.845809234));
#5791=VERTEX_POINT('',#5790);
#5792=CARTESIAN_POINT('',(-0.,7.75,6.845803989));
#5793=CARTESIAN_POINT('',(-0.291726852,7.75,6.847202659));
#5794=CARTESIAN_POINT('',(-0.583452915,7.733510668,6.84860133));
#5795=CARTESIAN_POINT('',(-0.873321634,7.700636943,6.85));
#5796=B_SPLINE_CURVE_WITH_KNOTS('',3,(#5792,#5793,#5794,#5795),.UNSPECIFIED.,.F.,.F.,(4,4),(0.,1.),.UNSPECIFIED.);
#5797=EDGE_CURVE('',#5791,#5782,#5796,.T.);
#5798=ORIENTED_EDGE('',*,*,#5797,.F.);
#5799=CARTESIAN_POINT('',(0.873321634,7.700636943,6.85));
#5800=CARTESIAN_POINT('',(0.583240393,7.73353477,6.85));
#5801=CARTESIAN_POINT('',(0.291326381,7.75,6.845803989));
#5802=CARTESIAN_POINT('',(-0.,7.75,6.845803989));
#5803=B_SPLINE_CURVE_WITH_KNOTS('',3,(#5799,#5800,#5801,#5802),.UNSPECIFIED.,.F.,.F.,(4,4),(0.,0.000875167),.UNSPECIFIED.);
#5804=EDGE_CURVE('',#5759,#5791,#5803,.T.);
#5805=ORIENTED_EDGE('',*,*,#5804,.F.);
#5806=EDGE_LOOP('',(#5768,#5780,#5789,#5798,#5805));
#5807=FACE_BOUND('',#5806,.T.);
#5808=ADVANCED_FACE('',(#5807),#5757,.F.);
#5809=CARTESIAN_POINT('',(0.,0.,6.85));
#5810=DIRECTION('',(0.,0.,-1.));
#5811=DIRECTION('',(0.,1.,0.));
#5812=AXIS2_PLACEMENT_3D('',#5809,#5810,#5811);
#5813=TOROIDAL_SURFACE('',#5812,7.85,0.1);
#5814=CARTESIAN_POINT('',(-0.8845903,-7.799999994,6.75));
#5815=VERTEX_POINT('',#5814);
#5816=CARTESIAN_POINT('',(-0.87332195,-7.700639724,6.849999952));
#5817=VERTEX_POINT('',#5816);
#5818=CARTESIAN_POINT('',(-0.884590301,-7.8,6.85));
#5819=DIRECTION('',(0.993630573,-0.112686663,0.));
#5820=DIRECTION('',(-0.112686663,-0.993630573,0.));
#5821=AXIS2_PLACEMENT_3D('',#5818,#5819,#5820);
#5822=CIRCLE('',#5821,0.1);
#5823=EDGE_CURVE('',#5815,#5817,#5822,.T.);
#5824=ORIENTED_EDGE('',*,*,#5823,.T.);
#5825=CARTESIAN_POINT('',(0.,0.,6.85));
#5826=DIRECTION('',(0.,0.,1.));
#5827=DIRECTION('',(1.,0.,-0.));
#5828=AXIS2_PLACEMENT_3D('',#5825,#5826,#5827);
#5829=CIRCLE('',#5828,7.75);
#5830=EDGE_CURVE('',#5782,#5817,#5829,.T.);
#5831=ORIENTED_EDGE('',*,*,#5830,.F.);
#5832=ORIENTED_EDGE('',*,*,#5788,.F.);
#5833=CARTESIAN_POINT('',(0.,0.,6.75));
#5834=DIRECTION('',(0.,0.,-1.));
#5835=DIRECTION('',(-1.,0.,0.));
#5836=AXIS2_PLACEMENT_3D('',#5833,#5834,#5835);
#5837=CIRCLE('',#5836,7.85);
#5838=EDGE_CURVE('',#5815,#5770,#5837,.T.);
#5839=ORIENTED_EDGE('',*,*,#5838,.F.);
#5840=EDGE_LOOP('',(#5824,#5831,#5832,#5839));
#5841=FACE_BOUND('',#5840,.T.);
#5842=ADVANCED_FACE('',(#5841),#5813,.F.);
#5843=CARTESIAN_POINT('',(0.,0.,6.85));
#5844=DIRECTION('',(0.,0.,-1.));
#5845=DIRECTION('',(0.,1.,0.));
#5846=AXIS2_PLACEMENT_3D('',#5843,#5844,#5845);
#5847=TOROIDAL_SURFACE('',#5846,7.85,0.1);
#5848=CARTESIAN_POINT('',(0.87332195,-7.700639723,6.850000036));
#5849=VERTEX_POINT('',#5848);
#5850=CARTESIAN_POINT('',(0.884590292,-7.799999926,6.75));
#5851=VERTEX_POINT('',#5850);
#5852=CARTESIAN_POINT('',(0.884590301,-7.8,6.85));
#5853=DIRECTION('',(-0.993630573,-0.112686663,-0.));
#5854=DIRECTION('',(0.112686663,-0.993630573,0.));
#5855=AXIS2_PLACEMENT_3D('',#5852,#5853,#5854);
#5856=CIRCLE('',#5855,0.1);
#5857=EDGE_CURVE('',#5849,#5851,#5856,.T.);
#5858=ORIENTED_EDGE('',*,*,#5857,.T.);
#5859=CARTESIAN_POINT('',(0.,0.,6.75));
#5860=DIRECTION('',(0.,0.,-1.));
#5861=DIRECTION('',(-1.,0.,0.));
#5862=AXIS2_PLACEMENT_3D('',#5859,#5860,#5861);
#5863=CIRCLE('',#5862,7.85);
#5864=EDGE_CURVE('',#5761,#5851,#5863,.T.);
#5865=ORIENTED_EDGE('',*,*,#5864,.F.);
#5866=ORIENTED_EDGE('',*,*,#5767,.F.);
#5867=CARTESIAN_POINT('',(0.,0.,6.85));
#5868=DIRECTION('',(0.,0.,1.));
#5869=DIRECTION('',(1.,0.,-0.));
#5870=AXIS2_PLACEMENT_3D('',#5867,#5868,#5869);
#5871=CIRCLE('',#5870,7.75);
#5872=EDGE_CURVE('',#5849,#5759,#5871,.T.);
#5873=ORIENTED_EDGE('',*,*,#5872,.F.);
#5874=EDGE_LOOP('',(#5858,#5865,#5866,#5873));
#5875=FACE_BOUND('',#5874,.T.);
#5876=ADVANCED_FACE('',(#5875),#5847,.F.);
#5877=CARTESIAN_POINT('',(-0.873322265,-7.700642503,6.850000082));
#5878=CARTESIAN_POINT('',(-0.873392272,-7.701259802,6.802790343));
#5879=CARTESIAN_POINT('',(-0.879278173,-7.753159562,6.750000009));
#5880=CARTESIAN_POINT('',(-0.884590299,-7.799999988,6.75));
#5881=CARTESIAN_POINT('',(-0.29333378,-7.766416627,6.849999974));
#5882=CARTESIAN_POINT('',(-0.294450149,-7.766715813,6.808026423));
#5883=CARTESIAN_POINT('',(-0.295866769,-7.802383286,6.760404674));
#5884=CARTESIAN_POINT('',(-0.297122399,-7.844416092,6.750000003));
#5885=CARTESIAN_POINT('',(0.292779926,-7.766479438,6.849999973));
#5886=CARTESIAN_POINT('',(0.293895172,-7.766778651,6.808038977));
#5887=CARTESIAN_POINT('',(0.295305112,-7.802438386,6.76041469));
#5888=CARTESIAN_POINT('',(0.296555201,-7.844458975,6.750000003));
#5889=CARTESIAN_POINT('',(0.873322265,-7.700642503,6.850000082));
#5890=CARTESIAN_POINT('',(0.873392272,-7.701259802,6.802790343));
#5891=CARTESIAN_POINT('',(0.879278173,-7.753159562,6.750000009));
#5892=CARTESIAN_POINT('',(0.884590299,-7.799999988,6.75));
#5893=B_SPLINE_SURFACE_WITH_KNOTS('',3,3,((#5877,#5878,#5879,#5880),(#5881,#5882,#5883,#5884),(#5885,#5886,#5887,#5888),(#5889,#5890,#5891,#5892)),.UNSPECIFIED.,.F.,.F.,.U.,(4,4),(4,4),(0.,0.00177418),(-0.000005019,0.999999914),.UNSPECIFIED.);
#5894=ORIENTED_EDGE('',*,*,#5823,.F.);
#5895=CARTESIAN_POINT('',(0.884590301,-7.8,6.75));
#5896=CARTESIAN_POINT('',(0.589726867,-7.822293447,6.75));
#5897=CARTESIAN_POINT('',(0.294863434,-7.83298232,6.74726167));
#5898=CARTESIAN_POINT('',(0.,-7.83298232,6.74726167));
#5899=CARTESIAN_POINT('',(-0.294863434,-7.83298232,6.74726167));
#5900=CARTESIAN_POINT('',(-0.589726867,-7.822293447,6.75));
#5901=CARTESIAN_POINT('',(-0.884590301,-7.8,6.75));
#5902=B_SPLINE_CURVE_WITH_KNOTS('',3,(#5895,#5896,#5897,#5898,#5899,#5900,#5901),.UNSPECIFIED.,.F.,.F.,(4,3,4),(0.,0.5,1.),.UNSPECIFIED.);
#5903=EDGE_CURVE('',#5851,#5815,#5902,.T.);
#5904=ORIENTED_EDGE('',*,*,#5903,.F.);
#5905=ORIENTED_EDGE('',*,*,#5857,.F.);
#5906=CARTESIAN_POINT('',(0.000000001,-7.750076845,6.845809234));
#5907=VERTEX_POINT('',#5906);
#5908=CARTESIAN_POINT('',(0.,-7.75,6.845809234));
#5909=CARTESIAN_POINT('',(0.291726852,-7.75,6.847206156));
#5910=CARTESIAN_POINT('',(0.583452915,-7.733510668,6.848603078));
#5911=CARTESIAN_POINT('',(0.873321634,-7.700636943,6.85));
#5912=B_SPLINE_CURVE_WITH_KNOTS('',3,(#5908,#5909,#5910,#5911),.UNSPECIFIED.,.F.,.F.,(4,4),(0.,1.),.UNSPECIFIED.);
#5913=EDGE_CURVE('',#5907,#5849,#5912,.T.);
#5914=ORIENTED_EDGE('',*,*,#5913,.F.);
#5915=CARTESIAN_POINT('',(-0.873321634,-7.700636943,6.85));
#5916=CARTESIAN_POINT('',(-0.583240393,-7.73353477,6.85));
#5917=CARTESIAN_POINT('',(-0.291326381,-7.75,6.845788253));
#5918=CARTESIAN_POINT('',(-0.,-7.75,6.845809234));
#5919=B_SPLINE_CURVE_WITH_KNOTS('',3,(#5915,#5916,#5917,#5918),.UNSPECIFIED.,.F.,.F.,(4,4),(0.,0.000875167),.UNSPECIFIED.);
#5920=EDGE_CURVE('',#5817,#5907,#5919,.T.);
#5921=ORIENTED_EDGE('',*,*,#5920,.F.);
#5922=EDGE_LOOP('',(#5894,#5904,#5905,#5914,#5921));
#5923=FACE_BOUND('',#5922,.T.);
#5924=ADVANCED_FACE('',(#5923),#5893,.F.);
#5925=CARTESIAN_POINT('',(-7.8,-0.,6.55));
#5926=DIRECTION('',(0.,-1.,0.));
#5927=DIRECTION('',(1.,0.,0.));
#5928=AXIS2_PLACEMENT_3D('',#5925,#5926,#5927);
#5929=CYLINDRICAL_SURFACE('',#5928,0.2);
#5930=CARTESIAN_POINT('',(-7.8,7.8,6.75));
#5931=VERTEX_POINT('',#5930);
#5932=CARTESIAN_POINT('',(-8.,7.8,6.55));
#5933=VERTEX_POINT('',#5932);
#5934=CARTESIAN_POINT('',(-7.8,7.8,6.55));
#5935=DIRECTION('',(0.,-1.,0.));
#5936=DIRECTION('',(1.,0.,0.));
#5937=AXIS2_PLACEMENT_3D('',#5934,#5935,#5936);
#5938=CIRCLE('',#5937,0.2);
#5939=EDGE_CURVE('',#5931,#5933,#5938,.T.);
#5940=ORIENTED_EDGE('',*,*,#5939,.T.);
#5941=CARTESIAN_POINT('',(-8.,2.2,6.55));
#5942=VERTEX_POINT('',#5941);
#5943=CARTESIAN_POINT('',(-8.,2.2,6.55));
#5944=DIRECTION('',(-0.,1.,0.));
#5945=VECTOR('',#5944,5.6);
#5946=LINE('',#5943,#5945);
#5947=EDGE_CURVE('',#5942,#5933,#5946,.T.);
#5948=ORIENTED_EDGE('',*,*,#5947,.F.);
#5949=CARTESIAN_POINT('',(-7.8,2.2,6.75));
#5950=VERTEX_POINT('',#5949);
#5951=CARTESIAN_POINT('',(-7.8,2.2,6.55));
#5952=DIRECTION('',(-0.,1.,-0.));
#5953=DIRECTION('',(1.,0.,0.));
#5954=AXIS2_PLACEMENT_3D('',#5951,#5952,#5953);
#5955=CIRCLE('',#5954,0.2);
#5956=EDGE_CURVE('',#5942,#5950,#5955,.T.);
#5957=ORIENTED_EDGE('',*,*,#5956,.T.);
#5958=CARTESIAN_POINT('',(-7.8,7.8,6.75));
#5959=DIRECTION('',(-0.,-1.,-0.));
#5960=VECTOR('',#5959,5.6);
#5961=LINE('',#5958,#5960);
#5962=EDGE_CURVE('',#5931,#5950,#5961,.T.);
#5963=ORIENTED_EDGE('',*,*,#5962,.F.);
#5964=EDGE_LOOP('',(#5940,#5948,#5957,#5963));
#5965=FACE_BOUND('',#5964,.T.);
#5966=ADVANCED_FACE('',(#5965),#5929,.T.);
#5967=CARTESIAN_POINT('',(-8.2,2.2,6.55));
#5968=DIRECTION('',(0.,0.,-1.));
#5969=DIRECTION('',(0.,1.,0.));
#5970=AXIS2_PLACEMENT_3D('',#5967,#5968,#5969);
#5971=TOROIDAL_SURFACE('',#5970,0.4,0.2);
#5972=CARTESIAN_POINT('',(-8.2,2.,6.55));
#5973=VERTEX_POINT('',#5972);
#5974=CARTESIAN_POINT('',(-8.2,1.8,6.75));
#5975=VERTEX_POINT('',#5974);
#5976=CARTESIAN_POINT('',(-8.2,1.8,6.55));
#5977=DIRECTION('',(1.,0.,0.));
#5978=DIRECTION('',(-0.,1.,0.));
#5979=AXIS2_PLACEMENT_3D('',#5976,#5977,#5978);
#5980=CIRCLE('',#5979,0.2);
#5981=EDGE_CURVE('',#5973,#5975,#5980,.T.);
#5982=ORIENTED_EDGE('',*,*,#5981,.T.);
#5983=CARTESIAN_POINT('',(-8.2,2.2,6.75));
#5984=DIRECTION('',(-0.,-0.,1.));
#5985=DIRECTION('',(-1.,0.,0.));
#5986=AXIS2_PLACEMENT_3D('',#5983,#5984,#5985);
#5987=CIRCLE('',#5986,0.4);
#5988=EDGE_CURVE('',#5975,#5950,#5987,.T.);
#5989=ORIENTED_EDGE('',*,*,#5988,.T.);
#5990=ORIENTED_EDGE('',*,*,#5956,.F.);
#5991=CARTESIAN_POINT('',(-8.2,2.2,6.55));
#5992=DIRECTION('',(0.,0.,-1.));
#5993=DIRECTION('',(-1.,0.,0.));
#5994=AXIS2_PLACEMENT_3D('',#5991,#5992,#5993);
#5995=CIRCLE('',#5994,0.2);
#5996=EDGE_CURVE('',#5942,#5973,#5995,.T.);
#5997=ORIENTED_EDGE('',*,*,#5996,.T.);
#5998=EDGE_LOOP('',(#5982,#5989,#5990,#5997));
#5999=FACE_BOUND('',#5998,.T.);
#6000=ADVANCED_FACE('',(#5999),#5971,.T.);
#6001=CARTESIAN_POINT('',(-7.8,7.8,6.55));
#6002=DIRECTION('',(0.,0.,1.));
#6003=DIRECTION('',(1.,0.,-0.));
#6004=AXIS2_PLACEMENT_3D('',#6001,#6002,#6003);
#6005=SPHERICAL_SURFACE('',#6004,0.2);
#6006=CARTESIAN_POINT('',(-7.8,8.,6.55));
#6007=VERTEX_POINT('',#6006);
#6008=CARTESIAN_POINT('',(-7.8,7.8,6.55));
#6009=DIRECTION('',(-1.,-0.,-0.));
#6010=DIRECTION('',(-0.,1.,0.));
#6011=AXIS2_PLACEMENT_3D('',#6008,#6009,#6010);
#6012=CIRCLE('',#6011,0.2);
#6013=EDGE_CURVE('',#5931,#6007,#6012,.T.);
#6014=ORIENTED_EDGE('',*,*,#6013,.T.);
#6015=CARTESIAN_POINT('',(-7.8,7.8,6.55));
#6016=DIRECTION('',(0.,0.,1.));
#6017=DIRECTION('',(1.,0.,-0.));
#6018=AXIS2_PLACEMENT_3D('',#6015,#6016,#6017);
#6019=CIRCLE('',#6018,0.2);
#6020=EDGE_CURVE('',#6007,#5933,#6019,.T.);
#6021=ORIENTED_EDGE('',*,*,#6020,.T.);
#6022=ORIENTED_EDGE('',*,*,#5939,.F.);
#6023=EDGE_LOOP('',(#6014,#6021,#6022));
#6024=FACE_BOUND('',#6023,.T.);
#6025=ADVANCED_FACE('',(#6024),#6005,.T.);
#6026=CARTESIAN_POINT('',(-8.2,2.2,6.75));
#6027=DIRECTION('',(0.,0.,1.));
#6028=DIRECTION('',(0.,-1.,0.));
#6029=AXIS2_PLACEMENT_3D('',#6026,#6027,#6028);
#6030=CYLINDRICAL_SURFACE('',#6029,0.2);
#6031=ORIENTED_EDGE('',*,*,#5537,.F.);
#6032=CARTESIAN_POINT('',(-8.2,2.,6.55));
#6033=DIRECTION('',(-0.,-0.,-1.));
#6034=VECTOR('',#6033,5.8);
#6035=LINE('',#6032,#6034);
#6036=EDGE_CURVE('',#5973,#5521,#6035,.T.);
#6037=ORIENTED_EDGE('',*,*,#6036,.F.);
#6038=ORIENTED_EDGE('',*,*,#5996,.F.);
#6039=CARTESIAN_POINT('',(-8.,2.2,0.75));
#6040=DIRECTION('',(0.,0.,1.));
#6041=VECTOR('',#6040,5.8);
#6042=LINE('',#6039,#6041);
#6043=EDGE_CURVE('',#5531,#5942,#6042,.T.);
#6044=ORIENTED_EDGE('',*,*,#6043,.F.);
#6045=EDGE_LOOP('',(#6031,#6037,#6038,#6044));
#6046=FACE_BOUND('',#6045,.T.);
#6047=ADVANCED_FACE('',(#6046),#6030,.F.);
#6048=CARTESIAN_POINT('',(1.,1.8,6.55));
#6049=DIRECTION('',(-1.,0.,0.));
#6050=DIRECTION('',(0.,-1.,0.));
#6051=AXIS2_PLACEMENT_3D('',#6048,#6049,#6050);
#6052=CYLINDRICAL_SURFACE('',#6051,0.2);
#6053=CARTESIAN_POINT('',(-9.,2.,6.55));
#6054=VERTEX_POINT('',#6053);
#6055=CARTESIAN_POINT('',(-9.,1.8,6.75));
#6056=VERTEX_POINT('',#6055);
#6057=CARTESIAN_POINT('',(-9.,1.8,6.55));
#6058=DIRECTION('',(1.,-0.,-0.));
#6059=DIRECTION('',(0.,0.,1.));
#6060=AXIS2_PLACEMENT_3D('',#6057,#6058,#6059);
#6061=CIRCLE('',#6060,0.2);
#6062=EDGE_CURVE('',#6054,#6056,#6061,.T.);
#6063=ORIENTED_EDGE('',*,*,#6062,.T.);
#6064=CARTESIAN_POINT('',(-8.2,1.8,6.75));
#6065=DIRECTION('',(-1.,-0.,0.));
#6066=VECTOR('',#6065,0.8);
#6067=LINE('',#6064,#6066);
#6068=EDGE_CURVE('',#5975,#6056,#6067,.T.);
#6069=ORIENTED_EDGE('',*,*,#6068,.F.);
#6070=ORIENTED_EDGE('',*,*,#5981,.F.);
#6071=CARTESIAN_POINT('',(-9.,2.,6.55));
#6072=DIRECTION('',(1.,0.,-0.));
#6073=VECTOR('',#6072,0.8);
#6074=LINE('',#6071,#6073);
#6075=EDGE_CURVE('',#6054,#5973,#6074,.T.);
#6076=ORIENTED_EDGE('',*,*,#6075,.F.);
#6077=EDGE_LOOP('',(#6063,#6069,#6070,#6076));
#6078=FACE_BOUND('',#6077,.T.);
#6079=ADVANCED_FACE('',(#6078),#6052,.T.);
#6080=CARTESIAN_POINT('',(-0.,7.8,6.55));
#6081=DIRECTION('',(-1.,-0.,0.));
#6082=DIRECTION('',(0.,-1.,0.));
#6083=AXIS2_PLACEMENT_3D('',#6080,#6081,#6082);
#6084=CYLINDRICAL_SURFACE('',#6083,0.2);
#6085=CARTESIAN_POINT('',(-0.884590301,7.8,6.75));
#6086=DIRECTION('',(-1.,-0.,0.));
#6087=VECTOR('',#6086,6.915409699);
#6088=LINE('',#6085,#6087);
#6089=EDGE_CURVE('',#5770,#5931,#6088,.T.);
#6090=ORIENTED_EDGE('',*,*,#6089,.F.);
#6091=ORIENTED_EDGE('',*,*,#5779,.T.);
#6092=CARTESIAN_POINT('',(7.8,7.8,6.75));
#6093=VERTEX_POINT('',#6092);
#6094=CARTESIAN_POINT('',(7.8,7.8,6.75));
#6095=DIRECTION('',(-1.,-0.,0.));
#6096=VECTOR('',#6095,6.915409699);
#6097=LINE('',#6094,#6096);
#6098=EDGE_CURVE('',#6093,#5761,#6097,.T.);
#6099=ORIENTED_EDGE('',*,*,#6098,.F.);
#6100=CARTESIAN_POINT('',(7.8,8.,6.55));
#6101=VERTEX_POINT('',#6100);
#6102=CARTESIAN_POINT('',(7.8,7.8,6.55));
#6103=DIRECTION('',(-1.,-0.,0.));
#6104=DIRECTION('',(0.,-1.,0.));
#6105=AXIS2_PLACEMENT_3D('',#6102,#6103,#6104);
#6106=CIRCLE('',#6105,0.2);
#6107=EDGE_CURVE('',#6093,#6101,#6106,.T.);
#6108=ORIENTED_EDGE('',*,*,#6107,.T.);
#6109=CARTESIAN_POINT('',(-7.8,8.,6.55));
#6110=DIRECTION('',(1.,0.,0.));
#6111=VECTOR('',#6110,15.6);
#6112=LINE('',#6109,#6111);
#6113=EDGE_CURVE('',#6007,#6101,#6112,.T.);
#6114=ORIENTED_EDGE('',*,*,#6113,.F.);
#6115=ORIENTED_EDGE('',*,*,#6013,.F.);
#6116=EDGE_LOOP('',(#6090,#6091,#6099,#6108,#6114,#6115));
#6117=FACE_BOUND('',#6116,.T.);
#6118=ADVANCED_FACE('',(#6117),#6084,.T.);
#6119=CARTESIAN_POINT('',(-7.8,7.8,6.75));
#6120=DIRECTION('',(0.,0.,-1.));
#6121=DIRECTION('',(0.,1.,0.));
#6122=AXIS2_PLACEMENT_3D('',#6119,#6120,#6121);
#6123=CYLINDRICAL_SURFACE('',#6122,0.2);
#6124=ORIENTED_EDGE('',*,*,#5554,.F.);
#6125=CARTESIAN_POINT('',(-8.,7.8,6.55));
#6126=DIRECTION('',(-0.,-0.,-1.));
#6127=VECTOR('',#6126,5.8);
#6128=LINE('',#6125,#6127);
#6129=EDGE_CURVE('',#5933,#5540,#6128,.T.);
#6130=ORIENTED_EDGE('',*,*,#6129,.F.);
#6131=ORIENTED_EDGE('',*,*,#6020,.F.);
#6132=CARTESIAN_POINT('',(-7.8,8.,0.75));
#6133=DIRECTION('',(0.,0.,1.));
#6134=VECTOR('',#6133,5.8);
#6135=LINE('',#6132,#6134);
#6136=EDGE_CURVE('',#5548,#6007,#6135,.T.);
#6137=ORIENTED_EDGE('',*,*,#6136,.F.);
#6138=EDGE_LOOP('',(#6124,#6130,#6131,#6137));
#6139=FACE_BOUND('',#6138,.T.);
#6140=ADVANCED_FACE('',(#6139),#6123,.T.);
#6141=CARTESIAN_POINT('',(-9.,0.,6.55));
#6142=DIRECTION('',(0.,0.,-1.));
#6143=DIRECTION('',(0.,1.,0.));
#6144=AXIS2_PLACEMENT_3D('',#6141,#6142,#6143);
#6145=TOROIDAL_SURFACE('',#6144,1.8,0.2);
#6146=CARTESIAN_POINT('',(-9.,-2.,6.55));
#6147=VERTEX_POINT('',#6146);
#6148=CARTESIAN_POINT('',(-9.,-1.8,6.75));
#6149=VERTEX_POINT('',#6148);
#6150=CARTESIAN_POINT('',(-9.,-1.8,6.55));
#6151=DIRECTION('',(-1.,-0.,-0.));
#6152=DIRECTION('',(-0.,1.,0.));
#6153=AXIS2_PLACEMENT_3D('',#6150,#6151,#6152);
#6154=CIRCLE('',#6153,0.2);
#6155=EDGE_CURVE('',#6147,#6149,#6154,.T.);
#6156=ORIENTED_EDGE('',*,*,#6155,.T.);
#6157=CARTESIAN_POINT('',(-9.,0.,6.75));
#6158=DIRECTION('',(-0.,-0.,1.));
#6159=DIRECTION('',(-1.,0.,0.));
#6160=AXIS2_PLACEMENT_3D('',#6157,#6158,#6159);
#6161=CIRCLE('',#6160,1.8);
#6162=EDGE_CURVE('',#6056,#6149,#6161,.T.);
#6163=ORIENTED_EDGE('',*,*,#6162,.F.);
#6164=ORIENTED_EDGE('',*,*,#6062,.F.);
#6165=CARTESIAN_POINT('',(-9.,0.,6.55));
#6166=DIRECTION('',(0.,0.,-1.));
#6167=DIRECTION('',(-1.,0.,0.));
#6168=AXIS2_PLACEMENT_3D('',#6165,#6166,#6167);
#6169=CIRCLE('',#6168,2.);
#6170=EDGE_CURVE('',#6147,#6054,#6169,.T.);
#6171=ORIENTED_EDGE('',*,*,#6170,.F.);
#6172=EDGE_LOOP('',(#6156,#6163,#6164,#6171));
#6173=FACE_BOUND('',#6172,.T.);
#6174=ADVANCED_FACE('',(#6173),#6145,.T.);
#6175=CARTESIAN_POINT('',(7.8,7.8,6.55));
#6176=DIRECTION('',(0.,0.,1.));
#6177=DIRECTION('',(1.,0.,-0.));
#6178=AXIS2_PLACEMENT_3D('',#6175,#6176,#6177);
#6179=SPHERICAL_SURFACE('',#6178,0.2);
#6180=CARTESIAN_POINT('',(8.,7.8,6.55));
#6181=VERTEX_POINT('',#6180);
#6182=CARTESIAN_POINT('',(7.8,7.8,6.55));
#6183=DIRECTION('',(-0.,1.,-0.));
#6184=DIRECTION('',(0.,0.,-1.));
#6185=AXIS2_PLACEMENT_3D('',#6182,#6183,#6184);
#6186=CIRCLE('',#6185,0.2);
#6187=EDGE_CURVE('',#6093,#6181,#6186,.T.);
#6188=ORIENTED_EDGE('',*,*,#6187,.T.);
#6189=CARTESIAN_POINT('',(7.8,7.8,6.55));
#6190=DIRECTION('',(0.,0.,1.));
#6191=DIRECTION('',(1.,0.,-0.));
#6192=AXIS2_PLACEMENT_3D('',#6189,#6190,#6191);
#6193=CIRCLE('',#6192,0.2);
#6194=EDGE_CURVE('',#6181,#6101,#6193,.T.);
#6195=ORIENTED_EDGE('',*,*,#6194,.T.);
#6196=ORIENTED_EDGE('',*,*,#6107,.F.);
#6197=EDGE_LOOP('',(#6188,#6195,#6196));
#6198=FACE_BOUND('',#6197,.T.);
#6199=ADVANCED_FACE('',(#6198),#6179,.T.);
#6200=CARTESIAN_POINT('',(1.,-1.8,6.55));
#6201=DIRECTION('',(1.,0.,0.));
#6202=DIRECTION('',(-0.,1.,0.));
#6203=AXIS2_PLACEMENT_3D('',#6200,#6201,#6202);
#6204=CYLINDRICAL_SURFACE('',#6203,0.2);
#6205=CARTESIAN_POINT('',(-8.2,-2.,6.55));
#6206=VERTEX_POINT('',#6205);
#6207=CARTESIAN_POINT('',(-8.2,-1.8,6.75));
#6208=VERTEX_POINT('',#6207);
#6209=CARTESIAN_POINT('',(-8.2,-1.8,6.55));
#6210=DIRECTION('',(-1.,-0.,-0.));
#6211=DIRECTION('',(0.,0.,-1.));
#6212=AXIS2_PLACEMENT_3D('',#6209,#6210,#6211);
#6213=CIRCLE('',#6212,0.2);
#6214=EDGE_CURVE('',#6206,#6208,#6213,.T.);
#6215=ORIENTED_EDGE('',*,*,#6214,.T.);
#6216=CARTESIAN_POINT('',(-9.,-1.8,6.75));
#6217=DIRECTION('',(1.,0.,-0.));
#6218=VECTOR('',#6217,0.8);
#6219=LINE('',#6216,#6218);
#6220=EDGE_CURVE('',#6149,#6208,#6219,.T.);
#6221=ORIENTED_EDGE('',*,*,#6220,.F.);
#6222=ORIENTED_EDGE('',*,*,#6155,.F.);
#6223=CARTESIAN_POINT('',(-8.2,-2.,6.55));
#6224=DIRECTION('',(-1.,0.,0.));
#6225=VECTOR('',#6224,0.8);
#6226=LINE('',#6223,#6225);
#6227=EDGE_CURVE('',#6206,#6147,#6226,.T.);
#6228=ORIENTED_EDGE('',*,*,#6227,.F.);
#6229=EDGE_LOOP('',(#6215,#6221,#6222,#6228));
#6230=FACE_BOUND('',#6229,.T.);
#6231=ADVANCED_FACE('',(#6230),#6204,.T.);
#6232=CARTESIAN_POINT('',(7.8,0.,6.55));
#6233=DIRECTION('',(-0.,1.,0.));
#6234=DIRECTION('',(-1.,-0.,0.));
#6235=AXIS2_PLACEMENT_3D('',#6232,#6233,#6234);
#6236=CYLINDRICAL_SURFACE('',#6235,0.2);
#6237=CARTESIAN_POINT('',(7.8,2.2,6.75));
#6238=VERTEX_POINT('',#6237);
#6239=CARTESIAN_POINT('',(8.,2.2,6.55));
#6240=VERTEX_POINT('',#6239);
#6241=CARTESIAN_POINT('',(7.8,2.2,6.55));
#6242=DIRECTION('',(-0.,1.,0.));
#6243=DIRECTION('',(-1.,-0.,0.));
#6244=AXIS2_PLACEMENT_3D('',#6241,#6242,#6243);
#6245=CIRCLE('',#6244,0.2);
#6246=EDGE_CURVE('',#6238,#6240,#6245,.T.);
#6247=ORIENTED_EDGE('',*,*,#6246,.T.);
#6248=CARTESIAN_POINT('',(8.,7.8,6.55));
#6249=DIRECTION('',(0.,-1.,0.));
#6250=VECTOR('',#6249,5.6);
#6251=LINE('',#6248,#6250);
#6252=EDGE_CURVE('',#6181,#6240,#6251,.T.);
#6253=ORIENTED_EDGE('',*,*,#6252,.F.);
#6254=ORIENTED_EDGE('',*,*,#6187,.F.);
#6255=CARTESIAN_POINT('',(7.8,2.2,6.75));
#6256=DIRECTION('',(0.,1.,0.));
#6257=VECTOR('',#6256,5.6);
#6258=LINE('',#6255,#6257);
#6259=EDGE_CURVE('',#6238,#6093,#6258,.T.);
#6260=ORIENTED_EDGE('',*,*,#6259,.F.);
#6261=EDGE_LOOP('',(#6247,#6253,#6254,#6260));
#6262=FACE_BOUND('',#6261,.T.);
#6263=ADVANCED_FACE('',(#6262),#6236,.T.);
#6264=CARTESIAN_POINT('',(7.8,7.8,6.75));
#6265=DIRECTION('',(0.,0.,-1.));
#6266=DIRECTION('',(0.,1.,0.));
#6267=AXIS2_PLACEMENT_3D('',#6264,#6265,#6266);
#6268=CYLINDRICAL_SURFACE('',#6267,0.2);
#6269=ORIENTED_EDGE('',*,*,#5571,.F.);
#6270=CARTESIAN_POINT('',(7.8,8.,6.55));
#6271=DIRECTION('',(-0.,-0.,-1.));
#6272=VECTOR('',#6271,5.8);
#6273=LINE('',#6270,#6272);
#6274=EDGE_CURVE('',#6101,#5557,#6273,.T.);
#6275=ORIENTED_EDGE('',*,*,#6274,.F.);
#6276=ORIENTED_EDGE('',*,*,#6194,.F.);
#6277=CARTESIAN_POINT('',(8.,7.8,0.75));
#6278=DIRECTION('',(0.,0.,1.));
#6279=VECTOR('',#6278,5.8);
#6280=LINE('',#6277,#6279);
#6281=EDGE_CURVE('',#5565,#6181,#6280,.T.);
#6282=ORIENTED_EDGE('',*,*,#6281,.F.);
#6283=EDGE_LOOP('',(#6269,#6275,#6276,#6282));
#6284=FACE_BOUND('',#6283,.T.);
#6285=ADVANCED_FACE('',(#6284),#6268,.T.);
#6286=CARTESIAN_POINT('',(-8.2,-2.2,6.55));
#6287=DIRECTION('',(0.,0.,-1.));
#6288=DIRECTION('',(0.,1.,0.));
#6289=AXIS2_PLACEMENT_3D('',#6286,#6287,#6288);
#6290=TOROIDAL_SURFACE('',#6289,0.4,0.2);
#6291=CARTESIAN_POINT('',(-8.,-2.2,6.55));
#6292=VERTEX_POINT('',#6291);
#6293=CARTESIAN_POINT('',(-7.8,-2.2,6.75));
#6294=VERTEX_POINT('',#6293);
#6295=CARTESIAN_POINT('',(-7.8,-2.2,6.55));
#6296=DIRECTION('',(0.,1.,0.));
#6297=DIRECTION('',(-1.,0.,0.));
#6298=AXIS2_PLACEMENT_3D('',#6295,#6296,#6297);
#6299=CIRCLE('',#6298,0.2);
#6300=EDGE_CURVE('',#6292,#6294,#6299,.T.);
#6301=ORIENTED_EDGE('',*,*,#6300,.T.);
#6302=CARTESIAN_POINT('',(-8.2,-2.2,6.75));
#6303=DIRECTION('',(-0.,-0.,1.));
#6304=DIRECTION('',(-1.,0.,0.));
#6305=AXIS2_PLACEMENT_3D('',#6302,#6303,#6304);
#6306=CIRCLE('',#6305,0.4);
#6307=EDGE_CURVE('',#6294,#6208,#6306,.T.);
#6308=ORIENTED_EDGE('',*,*,#6307,.T.);
#6309=ORIENTED_EDGE('',*,*,#6214,.F.);
#6310=CARTESIAN_POINT('',(-8.2,-2.2,6.55));
#6311=DIRECTION('',(0.,0.,-1.));
#6312=DIRECTION('',(-1.,0.,0.));
#6313=AXIS2_PLACEMENT_3D('',#6310,#6311,#6312);
#6314=CIRCLE('',#6313,0.2);
#6315=EDGE_CURVE('',#6206,#6292,#6314,.T.);
#6316=ORIENTED_EDGE('',*,*,#6315,.T.);
#6317=EDGE_LOOP('',(#6301,#6308,#6309,#6316));
#6318=FACE_BOUND('',#6317,.T.);
#6319=ADVANCED_FACE('',(#6318),#6290,.T.);
#6320=CARTESIAN_POINT('',(8.2,2.2,6.55));
#6321=DIRECTION('',(0.,0.,-1.));
#6322=DIRECTION('',(0.,1.,0.));
#6323=AXIS2_PLACEMENT_3D('',#6320,#6321,#6322);
#6324=TOROIDAL_SURFACE('',#6323,0.4,0.2);
#6325=CARTESIAN_POINT('',(8.2,1.8,6.75));
#6326=VERTEX_POINT('',#6325);
#6327=CARTESIAN_POINT('',(8.2,2.,6.55));
#6328=VERTEX_POINT('',#6327);
#6329=CARTESIAN_POINT('',(8.2,1.8,6.55));
#6330=DIRECTION('',(-1.,0.,-0.));
#6331=DIRECTION('',(0.,1.,0.));
#6332=AXIS2_PLACEMENT_3D('',#6329,#6330,#6331);
#6333=CIRCLE('',#6332,0.2);
#6334=EDGE_CURVE('',#6326,#6328,#6333,.T.);
#6335=ORIENTED_EDGE('',*,*,#6334,.T.);
#6336=CARTESIAN_POINT('',(8.2,2.2,6.55));
#6337=DIRECTION('',(0.,0.,-1.));
#6338=DIRECTION('',(-1.,0.,0.));
#6339=AXIS2_PLACEMENT_3D('',#6336,#6337,#6338);
#6340=CIRCLE('',#6339,0.2);
#6341=EDGE_CURVE('',#6328,#6240,#6340,.T.);
#6342=ORIENTED_EDGE('',*,*,#6341,.T.);
#6343=ORIENTED_EDGE('',*,*,#6246,.F.);
#6344=CARTESIAN_POINT('',(8.2,2.2,6.75));
#6345=DIRECTION('',(-0.,-0.,1.));
#6346=DIRECTION('',(-1.,0.,0.));
#6347=AXIS2_PLACEMENT_3D('',#6344,#6345,#6346);
#6348=CIRCLE('',#6347,0.4);
#6349=EDGE_CURVE('',#6238,#6326,#6348,.T.);
#6350=ORIENTED_EDGE('',*,*,#6349,.T.);
#6351=EDGE_LOOP('',(#6335,#6342,#6343,#6350));
#6352=FACE_BOUND('',#6351,.T.);
#6353=ADVANCED_FACE('',(#6352),#6324,.T.);
#6354=CARTESIAN_POINT('',(-8.2,-2.2,6.75));
#6355=DIRECTION('',(0.,0.,-1.));
#6356=DIRECTION('',(0.,1.,0.));
#6357=AXIS2_PLACEMENT_3D('',#6354,#6355,#6356);
#6358=CYLINDRICAL_SURFACE('',#6357,0.2);
#6359=ORIENTED_EDGE('',*,*,#5673,.F.);
#6360=CARTESIAN_POINT('',(-8.,-2.2,6.55));
#6361=DIRECTION('',(-0.,-0.,-1.));
#6362=VECTOR('',#6361,5.8);
#6363=LINE('',#6360,#6362);
#6364=EDGE_CURVE('',#6292,#5659,#6363,.T.);
#6365=ORIENTED_EDGE('',*,*,#6364,.F.);
#6366=ORIENTED_EDGE('',*,*,#6315,.F.);
#6367=CARTESIAN_POINT('',(-8.2,-2.,0.75));
#6368=DIRECTION('',(0.,0.,1.));
#6369=VECTOR('',#6368,5.8);
#6370=LINE('',#6367,#6369);
#6371=EDGE_CURVE('',#5667,#6206,#6370,.T.);
#6372=ORIENTED_EDGE('',*,*,#6371,.F.);
#6373=EDGE_LOOP('',(#6359,#6365,#6366,#6372));
#6374=FACE_BOUND('',#6373,.T.);
#6375=ADVANCED_FACE('',(#6374),#6358,.F.);
#6376=CARTESIAN_POINT('',(-7.8,-0.,6.55));
#6377=DIRECTION('',(0.,-1.,0.));
#6378=DIRECTION('',(1.,0.,0.));
#6379=AXIS2_PLACEMENT_3D('',#6376,#6377,#6378);
#6380=CYLINDRICAL_SURFACE('',#6379,0.2);
#6381=CARTESIAN_POINT('',(-8.,-7.8,6.55));
#6382=VERTEX_POINT('',#6381);
#6383=CARTESIAN_POINT('',(-7.8,-7.8,6.75));
#6384=VERTEX_POINT('',#6383);
#6385=CARTESIAN_POINT('',(-7.8,-7.8,6.55));
#6386=DIRECTION('',(-0.,1.,-0.));
#6387=DIRECTION('',(1.,0.,0.));
#6388=AXIS2_PLACEMENT_3D('',#6385,#6386,#6387);
#6389=CIRCLE('',#6388,0.2);
#6390=EDGE_CURVE('',#6382,#6384,#6389,.T.);
#6391=ORIENTED_EDGE('',*,*,#6390,.T.);
#6392=CARTESIAN_POINT('',(-7.8,-2.2,6.75));
#6393=DIRECTION('',(-0.,-1.,-0.));
#6394=VECTOR('',#6393,5.6);
#6395=LINE('',#6392,#6394);
#6396=EDGE_CURVE('',#6294,#6384,#6395,.T.);
#6397=ORIENTED_EDGE('',*,*,#6396,.F.);
#6398=ORIENTED_EDGE('',*,*,#6300,.F.);
#6399=CARTESIAN_POINT('',(-8.,-7.8,6.55));
#6400=DIRECTION('',(-0.,1.,0.));
#6401=VECTOR('',#6400,5.6);
#6402=LINE('',#6399,#6401);
#6403=EDGE_CURVE('',#6382,#6292,#6402,.T.);
#6404=ORIENTED_EDGE('',*,*,#6403,.F.);
#6405=EDGE_LOOP('',(#6391,#6397,#6398,#6404));
#6406=FACE_BOUND('',#6405,.T.);
#6407=ADVANCED_FACE('',(#6406),#6380,.T.);
#6408=CARTESIAN_POINT('',(-1.,1.8,6.55));
#6409=DIRECTION('',(-1.,0.,0.));
#6410=DIRECTION('',(0.,-1.,0.));
#6411=AXIS2_PLACEMENT_3D('',#6408,#6409,#6410);
#6412=CYLINDRICAL_SURFACE('',#6411,0.2);
#6413=CARTESIAN_POINT('',(9.,1.8,6.75));
#6414=VERTEX_POINT('',#6413);
#6415=CARTESIAN_POINT('',(9.,2.,6.55));
#6416=VERTEX_POINT('',#6415);
#6417=CARTESIAN_POINT('',(9.,1.8,6.55));
#6418=DIRECTION('',(-1.,0.,0.));
#6419=DIRECTION('',(0.,0.,1.));
#6420=AXIS2_PLACEMENT_3D('',#6417,#6418,#6419);
#6421=CIRCLE('',#6420,0.2);
#6422=EDGE_CURVE('',#6414,#6416,#6421,.T.);
#6423=ORIENTED_EDGE('',*,*,#6422,.T.);
#6424=CARTESIAN_POINT('',(8.2,2.,6.55));
#6425=DIRECTION('',(1.,0.,-0.));
#6426=VECTOR('',#6425,0.8);
#6427=LINE('',#6424,#6426);
#6428=EDGE_CURVE('',#6328,#6416,#6427,.T.);
#6429=ORIENTED_EDGE('',*,*,#6428,.F.);
#6430=ORIENTED_EDGE('',*,*,#6334,.F.);
#6431=CARTESIAN_POINT('',(9.,1.8,6.75));
#6432=DIRECTION('',(-1.,-0.,0.));
#6433=VECTOR('',#6432,0.8);
#6434=LINE('',#6431,#6433);
#6435=EDGE_CURVE('',#6414,#6326,#6434,.T.);
#6436=ORIENTED_EDGE('',*,*,#6435,.F.);
#6437=EDGE_LOOP('',(#6423,#6429,#6430,#6436));
#6438=FACE_BOUND('',#6437,.T.);
#6439=ADVANCED_FACE('',(#6438),#6412,.T.);
#6440=CARTESIAN_POINT('',(8.2,2.2,6.75));
#6441=DIRECTION('',(0.,0.,-1.));
#6442=DIRECTION('',(0.,1.,0.));
#6443=AXIS2_PLACEMENT_3D('',#6440,#6441,#6442);
#6444=CYLINDRICAL_SURFACE('',#6443,0.2);
#6445=ORIENTED_EDGE('',*,*,#5588,.F.);
#6446=CARTESIAN_POINT('',(8.,2.2,6.55));
#6447=DIRECTION('',(-0.,-0.,-1.));
#6448=VECTOR('',#6447,5.8);
#6449=LINE('',#6446,#6448);
#6450=EDGE_CURVE('',#6240,#5574,#6449,.T.);
#6451=ORIENTED_EDGE('',*,*,#6450,.F.);
#6452=ORIENTED_EDGE('',*,*,#6341,.F.);
#6453=CARTESIAN_POINT('',(8.2,2.,0.75));
#6454=DIRECTION('',(0.,0.,1.));
#6455=VECTOR('',#6454,5.8);
#6456=LINE('',#6453,#6455);
#6457=EDGE_CURVE('',#5582,#6328,#6456,.T.);
#6458=ORIENTED_EDGE('',*,*,#6457,.F.);
#6459=EDGE_LOOP('',(#6445,#6451,#6452,#6458));
#6460=FACE_BOUND('',#6459,.T.);
#6461=ADVANCED_FACE('',(#6460),#6444,.F.);
#6462=CARTESIAN_POINT('',(-7.8,-7.8,6.55));
#6463=DIRECTION('',(0.,0.,1.));
#6464=DIRECTION('',(1.,0.,-0.));
#6465=AXIS2_PLACEMENT_3D('',#6462,#6463,#6464);
#6466=SPHERICAL_SURFACE('',#6465,0.2);
#6467=CARTESIAN_POINT('',(-7.8,-8.,6.55));
#6468=VERTEX_POINT('',#6467);
#6469=CARTESIAN_POINT('',(-7.8,-7.8,6.55));
#6470=DIRECTION('',(0.,0.,1.));
#6471=DIRECTION('',(1.,0.,-0.));
#6472=AXIS2_PLACEMENT_3D('',#6469,#6470,#6471);
#6473=CIRCLE('',#6472,0.2);
#6474=EDGE_CURVE('',#6382,#6468,#6473,.T.);
#6475=ORIENTED_EDGE('',*,*,#6474,.T.);
#6476=CARTESIAN_POINT('',(-7.8,-7.8,6.55));
#6477=DIRECTION('',(-1.,0.,0.));
#6478=DIRECTION('',(-0.,-1.,0.));
#6479=AXIS2_PLACEMENT_3D('',#6476,#6477,#6478);
#6480=CIRCLE('',#6479,0.2);
#6481=EDGE_CURVE('',#6468,#6384,#6480,.T.);
#6482=ORIENTED_EDGE('',*,*,#6481,.T.);
#6483=ORIENTED_EDGE('',*,*,#6390,.F.);
#6484=EDGE_LOOP('',(#6475,#6482,#6483));
#6485=FACE_BOUND('',#6484,.T.);
#6486=ADVANCED_FACE('',(#6485),#6466,.T.);
#6487=CARTESIAN_POINT('',(9.,0.,6.55));
#6488=DIRECTION('',(0.,0.,-1.));
#6489=DIRECTION('',(0.,1.,0.));
#6490=AXIS2_PLACEMENT_3D('',#6487,#6488,#6489);
#6491=TOROIDAL_SURFACE('',#6490,1.8,0.2);
#6492=CARTESIAN_POINT('',(9.,-1.8,6.75));
#6493=VERTEX_POINT('',#6492);
#6494=CARTESIAN_POINT('',(9.,-2.,6.55));
#6495=VERTEX_POINT('',#6494);
#6496=CARTESIAN_POINT('',(9.,-1.8,6.55));
#6497=DIRECTION('',(1.,-0.,0.));
#6498=DIRECTION('',(0.,1.,0.));
#6499=AXIS2_PLACEMENT_3D('',#6496,#6497,#6498);
#6500=CIRCLE('',#6499,0.2);
#6501=EDGE_CURVE('',#6493,#6495,#6500,.T.);
#6502=ORIENTED_EDGE('',*,*,#6501,.T.);
#6503=CARTESIAN_POINT('',(9.,0.,6.55));
#6504=DIRECTION('',(0.,0.,-1.));
#6505=DIRECTION('',(-1.,0.,0.));
#6506=AXIS2_PLACEMENT_3D('',#6503,#6504,#6505);
#6507=CIRCLE('',#6506,2.);
#6508=EDGE_CURVE('',#6416,#6495,#6507,.T.);
#6509=ORIENTED_EDGE('',*,*,#6508,.F.);
#6510=ORIENTED_EDGE('',*,*,#6422,.F.);
#6511=CARTESIAN_POINT('',(9.,0.,6.75));
#6512=DIRECTION('',(-0.,-0.,1.));
#6513=DIRECTION('',(-1.,0.,0.));
#6514=AXIS2_PLACEMENT_3D('',#6511,#6512,#6513);
#6515=CIRCLE('',#6514,1.8);
#6516=EDGE_CURVE('',#6493,#6414,#6515,.T.);
#6517=ORIENTED_EDGE('',*,*,#6516,.F.);
#6518=EDGE_LOOP('',(#6502,#6509,#6510,#6517));
#6519=FACE_BOUND('',#6518,.T.);
#6520=ADVANCED_FACE('',(#6519),#6491,.T.);
#6521=CARTESIAN_POINT('',(-7.8,-7.8,6.75));
#6522=DIRECTION('',(0.,0.,-1.));
#6523=DIRECTION('',(0.,1.,0.));
#6524=AXIS2_PLACEMENT_3D('',#6521,#6522,#6523);
#6525=CYLINDRICAL_SURFACE('',#6524,0.2);
#6526=ORIENTED_EDGE('',*,*,#5656,.F.);
#6527=CARTESIAN_POINT('',(-7.8,-8.,6.55));
#6528=DIRECTION('',(-0.,-0.,-1.));
#6529=VECTOR('',#6528,5.8);
#6530=LINE('',#6527,#6529);
#6531=EDGE_CURVE('',#6468,#5642,#6530,.T.);
#6532=ORIENTED_EDGE('',*,*,#6531,.F.);
#6533=ORIENTED_EDGE('',*,*,#6474,.F.);
#6534=CARTESIAN_POINT('',(-8.,-7.8,0.75));
#6535=DIRECTION('',(0.,0.,1.));
#6536=VECTOR('',#6535,5.8);
#6537=LINE('',#6534,#6536);
#6538=EDGE_CURVE('',#5650,#6382,#6537,.T.);
#6539=ORIENTED_EDGE('',*,*,#6538,.F.);
#6540=EDGE_LOOP('',(#6526,#6532,#6533,#6539));
#6541=FACE_BOUND('',#6540,.T.);
#6542=ADVANCED_FACE('',(#6541),#6525,.T.);
#6543=CARTESIAN_POINT('',(0.,-7.8,6.55));
#6544=DIRECTION('',(1.,0.,0.));
#6545=DIRECTION('',(-0.,1.,0.));
#6546=AXIS2_PLACEMENT_3D('',#6543,#6544,#6545);
#6547=CYLINDRICAL_SURFACE('',#6546,0.2);
#6548=CARTESIAN_POINT('',(7.8,-7.8,6.75));
#6549=VERTEX_POINT('',#6548);
#6550=CARTESIAN_POINT('',(0.884590301,-7.8,6.75));
#6551=DIRECTION('',(1.,0.,-0.));
#6552=VECTOR('',#6551,6.915409699);
#6553=LINE('',#6550,#6552);
#6554=EDGE_CURVE('',#5851,#6549,#6553,.T.);
#6555=ORIENTED_EDGE('',*,*,#6554,.F.);
#6556=ORIENTED_EDGE('',*,*,#5903,.T.);
#6557=CARTESIAN_POINT('',(-7.8,-7.8,6.75));
#6558=DIRECTION('',(1.,0.,-0.));
#6559=VECTOR('',#6558,6.915409699);
#6560=LINE('',#6557,#6559);
#6561=EDGE_CURVE('',#6384,#5815,#6560,.T.);
#6562=ORIENTED_EDGE('',*,*,#6561,.F.);
#6563=ORIENTED_EDGE('',*,*,#6481,.F.);
#6564=CARTESIAN_POINT('',(7.8,-8.,6.55));
#6565=VERTEX_POINT('',#6564);
#6566=CARTESIAN_POINT('',(7.8,-8.,6.55));
#6567=DIRECTION('',(-1.,-0.,0.));
#6568=VECTOR('',#6567,15.6);
#6569=LINE('',#6566,#6568);
#6570=EDGE_CURVE('',#6565,#6468,#6569,.T.);
#6571=ORIENTED_EDGE('',*,*,#6570,.F.);
#6572=CARTESIAN_POINT('',(7.8,-7.8,6.55));
#6573=DIRECTION('',(-1.,-0.,-0.));
#6574=DIRECTION('',(-0.,1.,0.));
#6575=AXIS2_PLACEMENT_3D('',#6572,#6573,#6574);
#6576=CIRCLE('',#6575,0.2);
#6577=EDGE_CURVE('',#6565,#6549,#6576,.T.);
#6578=ORIENTED_EDGE('',*,*,#6577,.T.);
#6579=EDGE_LOOP('',(#6555,#6556,#6562,#6563,#6571,#6578));
#6580=FACE_BOUND('',#6579,.T.);
#6581=ADVANCED_FACE('',(#6580),#6547,.T.);
#6582=CARTESIAN_POINT('',(-1.,-1.8,6.55));
#6583=DIRECTION('',(1.,0.,0.));
#6584=DIRECTION('',(-0.,1.,0.));
#6585=AXIS2_PLACEMENT_3D('',#6582,#6583,#6584);
#6586=CYLINDRICAL_SURFACE('',#6585,0.2);
#6587=CARTESIAN_POINT('',(8.2,-1.8,6.75));
#6588=VERTEX_POINT('',#6587);
#6589=CARTESIAN_POINT('',(8.2,-2.,6.55));
#6590=VERTEX_POINT('',#6589);
#6591=CARTESIAN_POINT('',(8.2,-1.8,6.55));
#6592=DIRECTION('',(1.,0.,0.));
#6593=DIRECTION('',(0.,0.,-1.));
#6594=AXIS2_PLACEMENT_3D('',#6591,#6592,#6593);
#6595=CIRCLE('',#6594,0.2);
#6596=EDGE_CURVE('',#6588,#6590,#6595,.T.);
#6597=ORIENTED_EDGE('',*,*,#6596,.T.);
#6598=CARTESIAN_POINT('',(9.,-2.,6.55));
#6599=DIRECTION('',(-1.,0.,0.));
#6600=VECTOR('',#6599,0.8);
#6601=LINE('',#6598,#6600);
#6602=EDGE_CURVE('',#6495,#6590,#6601,.T.);
#6603=ORIENTED_EDGE('',*,*,#6602,.F.);
#6604=ORIENTED_EDGE('',*,*,#6501,.F.);
#6605=CARTESIAN_POINT('',(8.2,-1.8,6.75));
#6606=DIRECTION('',(1.,0.,-0.));
#6607=VECTOR('',#6606,0.8);
#6608=LINE('',#6605,#6607);
#6609=EDGE_CURVE('',#6588,#6493,#6608,.T.);
#6610=ORIENTED_EDGE('',*,*,#6609,.F.);
#6611=EDGE_LOOP('',(#6597,#6603,#6604,#6610));
#6612=FACE_BOUND('',#6611,.T.);
#6613=ADVANCED_FACE('',(#6612),#6586,.T.);
#6614=CARTESIAN_POINT('',(7.8,-7.8,6.55));
#6615=DIRECTION('',(0.,0.,1.));
#6616=DIRECTION('',(1.,0.,-0.));
#6617=AXIS2_PLACEMENT_3D('',#6614,#6615,#6616);
#6618=SPHERICAL_SURFACE('',#6617,0.2);
#6619=CARTESIAN_POINT('',(8.,-7.8,6.55));
#6620=VERTEX_POINT('',#6619);
#6621=CARTESIAN_POINT('',(7.8,-7.8,6.55));
#6622=DIRECTION('',(0.,0.,1.));
#6623=DIRECTION('',(1.,0.,-0.));
#6624=AXIS2_PLACEMENT_3D('',#6621,#6622,#6623);
#6625=CIRCLE('',#6624,0.2);
#6626=EDGE_CURVE('',#6565,#6620,#6625,.T.);
#6627=ORIENTED_EDGE('',*,*,#6626,.T.);
#6628=CARTESIAN_POINT('',(7.8,-7.8,6.55));
#6629=DIRECTION('',(0.,-1.,0.));
#6630=DIRECTION('',(0.,0.,-1.));
#6631=AXIS2_PLACEMENT_3D('',#6628,#6629,#6630);
#6632=CIRCLE('',#6631,0.2);
#6633=EDGE_CURVE('',#6620,#6549,#6632,.T.);
#6634=ORIENTED_EDGE('',*,*,#6633,.T.);
#6635=ORIENTED_EDGE('',*,*,#6577,.F.);
#6636=EDGE_LOOP('',(#6627,#6634,#6635));
#6637=FACE_BOUND('',#6636,.T.);
#6638=ADVANCED_FACE('',(#6637),#6618,.T.);
#6639=CARTESIAN_POINT('',(8.2,-2.2,6.55));
#6640=DIRECTION('',(0.,0.,-1.));
#6641=DIRECTION('',(0.,1.,0.));
#6642=AXIS2_PLACEMENT_3D('',#6639,#6640,#6641);
#6643=TOROIDAL_SURFACE('',#6642,0.4,0.2);
#6644=CARTESIAN_POINT('',(7.8,-2.2,6.75));
#6645=VERTEX_POINT('',#6644);
#6646=CARTESIAN_POINT('',(8.,-2.2,6.55));
#6647=VERTEX_POINT('',#6646);
#6648=CARTESIAN_POINT('',(7.8,-2.2,6.55));
#6649=DIRECTION('',(-0.,1.,-0.));
#6650=DIRECTION('',(1.,0.,0.));
#6651=AXIS2_PLACEMENT_3D('',#6648,#6649,#6650);
#6652=CIRCLE('',#6651,0.2);
#6653=EDGE_CURVE('',#6645,#6647,#6652,.T.);
#6654=ORIENTED_EDGE('',*,*,#6653,.T.);
#6655=CARTESIAN_POINT('',(8.2,-2.2,6.55));
#6656=DIRECTION('',(0.,0.,-1.));
#6657=DIRECTION('',(-1.,0.,0.));
#6658=AXIS2_PLACEMENT_3D('',#6655,#6656,#6657);
#6659=CIRCLE('',#6658,0.2);
#6660=EDGE_CURVE('',#6647,#6590,#6659,.T.);
#6661=ORIENTED_EDGE('',*,*,#6660,.T.);
#6662=ORIENTED_EDGE('',*,*,#6596,.F.);
#6663=CARTESIAN_POINT('',(8.2,-2.2,6.75));
#6664=DIRECTION('',(-0.,-0.,1.));
#6665=DIRECTION('',(-1.,0.,0.));
#6666=AXIS2_PLACEMENT_3D('',#6663,#6664,#6665);
#6667=CIRCLE('',#6666,0.4);
#6668=EDGE_CURVE('',#6588,#6645,#6667,.T.);
#6669=ORIENTED_EDGE('',*,*,#6668,.T.);
#6670=EDGE_LOOP('',(#6654,#6661,#6662,#6669));
#6671=FACE_BOUND('',#6670,.T.);
#6672=ADVANCED_FACE('',(#6671),#6643,.T.);
#6673=CARTESIAN_POINT('',(7.8,-7.8,6.75));
#6674=DIRECTION('',(0.,0.,-1.));
#6675=DIRECTION('',(0.,1.,0.));
#6676=AXIS2_PLACEMENT_3D('',#6673,#6674,#6675);
#6677=CYLINDRICAL_SURFACE('',#6676,0.2);
#6678=ORIENTED_EDGE('',*,*,#5639,.F.);
#6679=CARTESIAN_POINT('',(8.,-7.8,6.55));
#6680=DIRECTION('',(-0.,-0.,-1.));
#6681=VECTOR('',#6680,5.8);
#6682=LINE('',#6679,#6681);
#6683=EDGE_CURVE('',#6620,#5625,#6682,.T.);
#6684=ORIENTED_EDGE('',*,*,#6683,.F.);
#6685=ORIENTED_EDGE('',*,*,#6626,.F.);
#6686=CARTESIAN_POINT('',(7.8,-8.,0.75));
#6687=DIRECTION('',(0.,0.,1.));
#6688=VECTOR('',#6687,5.8);
#6689=LINE('',#6686,#6688);
#6690=EDGE_CURVE('',#5633,#6565,#6689,.T.);
#6691=ORIENTED_EDGE('',*,*,#6690,.F.);
#6692=EDGE_LOOP('',(#6678,#6684,#6685,#6691));
#6693=FACE_BOUND('',#6692,.T.);
#6694=ADVANCED_FACE('',(#6693),#6677,.T.);
#6695=CARTESIAN_POINT('',(7.8,0.,6.55));
#6696=DIRECTION('',(-0.,1.,0.));
#6697=DIRECTION('',(-1.,-0.,0.));
#6698=AXIS2_PLACEMENT_3D('',#6695,#6696,#6697);
#6699=CYLINDRICAL_SURFACE('',#6698,0.2);
#6700=ORIENTED_EDGE('',*,*,#6633,.F.);
#6701=CARTESIAN_POINT('',(8.,-2.2,6.55));
#6702=DIRECTION('',(0.,-1.,0.));
#6703=VECTOR('',#6702,5.6);
#6704=LINE('',#6701,#6703);
#6705=EDGE_CURVE('',#6647,#6620,#6704,.T.);
#6706=ORIENTED_EDGE('',*,*,#6705,.F.);
#6707=ORIENTED_EDGE('',*,*,#6653,.F.);
#6708=CARTESIAN_POINT('',(7.8,-7.8,6.75));
#6709=DIRECTION('',(0.,1.,0.));
#6710=VECTOR('',#6709,5.6);
#6711=LINE('',#6708,#6710);
#6712=EDGE_CURVE('',#6549,#6645,#6711,.T.);
#6713=ORIENTED_EDGE('',*,*,#6712,.F.);
#6714=EDGE_LOOP('',(#6700,#6706,#6707,#6713));
#6715=FACE_BOUND('',#6714,.T.);
#6716=ADVANCED_FACE('',(#6715),#6699,.T.);
#6717=CARTESIAN_POINT('',(8.2,-2.2,6.75));
#6718=DIRECTION('',(0.,0.,1.));
#6719=DIRECTION('',(0.,-1.,0.));
#6720=AXIS2_PLACEMENT_3D('',#6717,#6718,#6719);
#6721=CYLINDRICAL_SURFACE('',#6720,0.2);
#6722=ORIENTED_EDGE('',*,*,#5622,.F.);
#6723=CARTESIAN_POINT('',(8.2,-2.,6.55));
#6724=DIRECTION('',(-0.,-0.,-1.));
#6725=VECTOR('',#6724,5.8);
#6726=LINE('',#6723,#6725);
#6727=EDGE_CURVE('',#6590,#5608,#6726,.T.);
#6728=ORIENTED_EDGE('',*,*,#6727,.F.);
#6729=ORIENTED_EDGE('',*,*,#6660,.F.);
#6730=CARTESIAN_POINT('',(8.,-2.2,0.75));
#6731=DIRECTION('',(0.,0.,1.));
#6732=VECTOR('',#6731,5.8);
#6733=LINE('',#6730,#6732);
#6734=EDGE_CURVE('',#5616,#6647,#6733,.T.);
#6735=ORIENTED_EDGE('',*,*,#6734,.F.);
#6736=EDGE_LOOP('',(#6722,#6728,#6729,#6735));
#6737=FACE_BOUND('',#6736,.T.);
#6738=ADVANCED_FACE('',(#6737),#6721,.F.);
#6739=CARTESIAN_POINT('',(6.,0.,11.25));
#6740=DIRECTION('',(0.,0.,-1.));
#6741=DIRECTION('',(0.,1.,0.));
#6742=AXIS2_PLACEMENT_3D('',#6739,#6740,#6741);
#6743=PLANE('',#6742);
#6744=CARTESIAN_POINT('',(-0.,-6.,11.25));
#6745=VERTEX_POINT('',#6744);
#6746=CARTESIAN_POINT('',(6.,-0.,11.25));
#6747=VERTEX_POINT('',#6746);
#6748=CARTESIAN_POINT('',(0.,0.,11.25));
#6749=DIRECTION('',(0.,0.,1.));
#6750=DIRECTION('',(1.,0.,-0.));
#6751=AXIS2_PLACEMENT_3D('',#6748,#6749,#6750);
#6752=CIRCLE('',#6751,6.);
#6753=EDGE_CURVE('',#6745,#6747,#6752,.T.);
#6754=ORIENTED_EDGE('',*,*,#6753,.F.);
#6755=CARTESIAN_POINT('',(0.,0.,11.25));
#6756=DIRECTION('',(0.,0.,1.));
#6757=DIRECTION('',(1.,0.,-0.));
#6758=AXIS2_PLACEMENT_3D('',#6755,#6756,#6757);
#6759=CIRCLE('',#6758,6.);
#6760=EDGE_CURVE('',#6747,#6745,#6759,.T.);
#6761=ORIENTED_EDGE('',*,*,#6760,.F.);
#6762=EDGE_LOOP('',(#6754,#6761));
#6763=FACE_BOUND('',#6762,.T.);
#6764=CARTESIAN_POINT('',(-7.55,-0.,11.25));
#6765=VERTEX_POINT('',#6764);
#6766=CARTESIAN_POINT('',(0.,7.55,11.25));
#6767=VERTEX_POINT('',#6766);
#6768=CARTESIAN_POINT('',(0.,0.,11.25));
#6769=DIRECTION('',(-0.,-0.,1.));
#6770=DIRECTION('',(-1.,0.,0.));
#6771=AXIS2_PLACEMENT_3D('',#6768,#6769,#6770);
#6772=CIRCLE('',#6771,7.55);
#6773=EDGE_CURVE('',#6765,#6767,#6772,.T.);
#6774=ORIENTED_EDGE('',*,*,#6773,.T.);
#6775=CARTESIAN_POINT('',(0.,0.,11.25));
#6776=DIRECTION('',(-0.,-0.,1.));
#6777=DIRECTION('',(-1.,0.,0.));
#6778=AXIS2_PLACEMENT_3D('',#6775,#6776,#6777);
#6779=CIRCLE('',#6778,7.55);
#6780=EDGE_CURVE('',#6767,#6765,#6779,.T.);
#6781=ORIENTED_EDGE('',*,*,#6780,.T.);
#6782=EDGE_LOOP('',(#6774,#6781));
#6783=FACE_BOUND('',#6782,.T.);
#6784=ADVANCED_FACE('',(#6763,#6783),#6743,.F.);
#6785=CARTESIAN_POINT('',(6.,0.,17.25));
#6786=DIRECTION('',(0.,0.,1.));
#6787=DIRECTION('',(0.,-1.,0.));
#6788=AXIS2_PLACEMENT_3D('',#6785,#6786,#6787);
#6789=PLANE('',#6788);
#6790=CARTESIAN_POINT('',(6.,-0.,17.25));
#6791=VERTEX_POINT('',#6790);
#6792=CARTESIAN_POINT('',(-0.,-6.,17.25));
#6793=VERTEX_POINT('',#6792);
#6794=CARTESIAN_POINT('',(0.,0.,17.25));
#6795=DIRECTION('',(0.,0.,1.));
#6796=DIRECTION('',(1.,0.,-0.));
#6797=AXIS2_PLACEMENT_3D('',#6794,#6795,#6796);
#6798=CIRCLE('',#6797,6.);
#6799=EDGE_CURVE('',#6791,#6793,#6798,.T.);
#6800=ORIENTED_EDGE('',*,*,#6799,.T.);
#6801=CARTESIAN_POINT('',(0.,0.,17.25));
#6802=DIRECTION('',(0.,0.,1.));
#6803=DIRECTION('',(1.,0.,-0.));
#6804=AXIS2_PLACEMENT_3D('',#6801,#6802,#6803);
#6805=CIRCLE('',#6804,6.);
#6806=EDGE_CURVE('',#6793,#6791,#6805,.T.);
#6807=ORIENTED_EDGE('',*,*,#6806,.T.);
#6808=EDGE_LOOP('',(#6800,#6807));
#6809=FACE_BOUND('',#6808,.T.);
#6810=CARTESIAN_POINT('',(6.8,-0.,17.25));
#6811=VERTEX_POINT('',#6810);
#6812=CARTESIAN_POINT('',(-0.,-6.8,17.25));
#6813=VERTEX_POINT('',#6812);
#6814=CARTESIAN_POINT('',(0.,0.,17.25));
#6815=DIRECTION('',(-0.,-0.,-1.));
#6816=DIRECTION('',(1.,0.,-0.));
#6817=AXIS2_PLACEMENT_3D('',#6814,#6815,#6816);
#6818=CIRCLE('',#6817,6.8);
#6819=EDGE_CURVE('',#6811,#6813,#6818,.T.);
#6820=ORIENTED_EDGE('',*,*,#6819,.T.);
#6821=CARTESIAN_POINT('',(0.,0.,17.25));
#6822=DIRECTION('',(-0.,-0.,-1.));
#6823=DIRECTION('',(1.,0.,-0.));
#6824=AXIS2_PLACEMENT_3D('',#6821,#6822,#6823);
#6825=CIRCLE('',#6824,6.8);
#6826=EDGE_CURVE('',#6813,#6811,#6825,.T.);
#6827=ORIENTED_EDGE('',*,*,#6826,.T.);
#6828=EDGE_LOOP('',(#6820,#6827));
#6829=FACE_BOUND('',#6828,.T.);
#6830=ADVANCED_FACE('',(#6809,#6829),#6789,.F.);
#6831=CARTESIAN_POINT('',(7.,0.,20.65));
#6832=DIRECTION('',(0.,0.,-1.));
#6833=DIRECTION('',(0.,1.,0.));
#6834=AXIS2_PLACEMENT_3D('',#6831,#6832,#6833);
#6835=PLANE('',#6834);
#6836=CARTESIAN_POINT('',(0.,-5.25,20.65));
#6837=VERTEX_POINT('',#6836);
#6838=CARTESIAN_POINT('',(0.,-5.25,20.65));
#6839=CARTESIAN_POINT('',(5.25,-5.25,20.65));
#6840=CARTESIAN_POINT('',(5.25,-0.,20.65));
#6841=CARTESIAN_POINT('',(5.25,5.25,20.65));
#6842=CARTESIAN_POINT('',(0.,5.25,20.65));
#6843=CARTESIAN_POINT('',(-5.25,5.25,20.65));
#6844=CARTESIAN_POINT('',(-5.25,0.,20.65));
#6845=CARTESIAN_POINT('',(-5.25,-5.25,20.65));
#6846=CARTESIAN_POINT('',(0.,-5.25,20.65));
#6847=(BOUNDED_CURVE()
B_SPLINE_CURVE(2,(#6838,#6839,#6840,#6841,#6842,#6843,#6844,#6845,#6846),.UNSPECIFIED.,.T.,.F.)
B_SPLINE_CURVE_WITH_KNOTS((3,2,2,2,3),(0.,90.,180.,270.,360.),.UNSPECIFIED.)
CURVE()
GEOMETRIC_REPRESENTATION_ITEM()
RATIONAL_B_SPLINE_CURVE((1.,0.707106781,1.,0.707106781,1.,0.707106781,1.,0.707106781,1.))
REPRESENTATION_ITEM(''));
#6848=EDGE_CURVE('',#6837,#6837,#6847,.T.);
#6849=ORIENTED_EDGE('',*,*,#6848,.F.);
#6850=EDGE_LOOP('',(#6849));
#6851=FACE_BOUND('',#6850,.T.);
#6852=CARTESIAN_POINT('',(-6.8,-0.,20.65));
#6853=VERTEX_POINT('',#6852);
#6854=CARTESIAN_POINT('',(0.,6.8,20.65));
#6855=VERTEX_POINT('',#6854);
#6856=CARTESIAN_POINT('',(0.,0.,20.65));
#6857=DIRECTION('',(-0.,-0.,1.));
#6858=DIRECTION('',(-1.,0.,0.));
#6859=AXIS2_PLACEMENT_3D('',#6856,#6857,#6858);
#6860=CIRCLE('',#6859,6.8);
#6861=EDGE_CURVE('',#6853,#6855,#6860,.T.);
#6862=ORIENTED_EDGE('',*,*,#6861,.T.);
#6863=CARTESIAN_POINT('',(0.,0.,20.65));
#6864=DIRECTION('',(-0.,-0.,1.));
#6865=DIRECTION('',(-1.,0.,0.));
#6866=AXIS2_PLACEMENT_3D('',#6863,#6864,#6865);
#6867=CIRCLE('',#6866,6.8);
#6868=EDGE_CURVE('',#6855,#6853,#6867,.T.);
#6869=ORIENTED_EDGE('',*,*,#6868,.T.);
#6870=EDGE_LOOP('',(#6862,#6869));
#6871=FACE_BOUND('',#6870,.T.);
#6872=ADVANCED_FACE('',(#6851,#6871),#6835,.F.);
#6873=CARTESIAN_POINT('',(-9.,0.,6.75));
#6874=DIRECTION('',(0.,0.,-1.));
#6875=DIRECTION('',(0.,1.,0.));
#6876=AXIS2_PLACEMENT_3D('',#6873,#6874,#6875);
#6877=CYLINDRICAL_SURFACE('',#6876,2.);
#6878=CARTESIAN_POINT('',(-9.,-2.,6.55));
#6879=DIRECTION('',(-0.,-0.,-1.));
#6880=VECTOR('',#6879,5.8);
#6881=LINE('',#6878,#6880);
#6882=EDGE_CURVE('',#6147,#5676,#6881,.T.);
#6883=ORIENTED_EDGE('',*,*,#6882,.F.);
#6884=ORIENTED_EDGE('',*,*,#6170,.T.);
#6885=CARTESIAN_POINT('',(-9.,2.,6.55));
#6886=DIRECTION('',(0.,0.,-1.));
#6887=VECTOR('',#6886,5.8);
#6888=LINE('',#6885,#6887);
#6889=EDGE_CURVE('',#6054,#5523,#6888,.T.);
#6890=ORIENTED_EDGE('',*,*,#6889,.T.);
#6891=ORIENTED_EDGE('',*,*,#5688,.T.);
#6892=EDGE_LOOP('',(#6883,#6884,#6890,#6891));
#6893=FACE_BOUND('',#6892,.T.);
#6894=ADVANCED_FACE('',(#6893),#6877,.T.);
#6895=CARTESIAN_POINT('',(-9.,2.,6.75));
#6896=DIRECTION('',(0.,-1.,0.));
#6897=DIRECTION('',(1.,0.,0.));
#6898=AXIS2_PLACEMENT_3D('',#6895,#6896,#6897);
#6899=PLANE('',#6898);
#6900=ORIENTED_EDGE('',*,*,#6889,.F.);
#6901=ORIENTED_EDGE('',*,*,#6075,.T.);
#6902=ORIENTED_EDGE('',*,*,#6036,.T.);
#6903=ORIENTED_EDGE('',*,*,#5528,.T.);
#6904=EDGE_LOOP('',(#6900,#6901,#6902,#6903));
#6905=FACE_BOUND('',#6904,.T.);
#6906=ADVANCED_FACE('',(#6905),#6899,.F.);
#6907=CARTESIAN_POINT('',(-9.,-2.,6.75));
#6908=DIRECTION('',(0.,1.,0.));
#6909=DIRECTION('',(-1.,0.,0.));
#6910=AXIS2_PLACEMENT_3D('',#6907,#6908,#6909);
#6911=PLANE('',#6910);
#6912=ORIENTED_EDGE('',*,*,#6371,.T.);
#6913=ORIENTED_EDGE('',*,*,#6227,.T.);
#6914=ORIENTED_EDGE('',*,*,#6882,.T.);
#6915=ORIENTED_EDGE('',*,*,#5681,.T.);
#6916=EDGE_LOOP('',(#6912,#6913,#6914,#6915));
#6917=FACE_BOUND('',#6916,.T.);
#6918=ADVANCED_FACE('',(#6917),#6911,.F.);
#6919=CARTESIAN_POINT('',(9.,0.,6.75));
#6920=DIRECTION('',(0.,0.,-1.));
#6921=DIRECTION('',(0.,1.,0.));
#6922=AXIS2_PLACEMENT_3D('',#6919,#6920,#6921);
#6923=CYLINDRICAL_SURFACE('',#6922,2.);
#6924=CARTESIAN_POINT('',(9.,2.,6.55));
#6925=DIRECTION('',(-0.,-0.,-1.));
#6926=VECTOR('',#6925,5.8);
#6927=LINE('',#6924,#6926);
#6928=EDGE_CURVE('',#6416,#5591,#6927,.T.);
#6929=ORIENTED_EDGE('',*,*,#6928,.F.);
#6930=ORIENTED_EDGE('',*,*,#6508,.T.);
#6931=CARTESIAN_POINT('',(9.,-2.,6.55));
#6932=DIRECTION('',(0.,0.,-1.));
#6933=VECTOR('',#6932,5.8);
#6934=LINE('',#6931,#6933);
#6935=EDGE_CURVE('',#6495,#5599,#6934,.T.);
#6936=ORIENTED_EDGE('',*,*,#6935,.T.);
#6937=ORIENTED_EDGE('',*,*,#5605,.T.);
#6938=EDGE_LOOP('',(#6929,#6930,#6936,#6937));
#6939=FACE_BOUND('',#6938,.T.);
#6940=ADVANCED_FACE('',(#6939),#6923,.T.);
#6941=CARTESIAN_POINT('',(-11.,2.,6.75));
#6942=DIRECTION('',(0.,-1.,0.));
#6943=DIRECTION('',(1.,0.,0.));
#6944=AXIS2_PLACEMENT_3D('',#6941,#6942,#6943);
#6945=PLANE('',#6944);
#6946=ORIENTED_EDGE('',*,*,#6457,.T.);
#6947=ORIENTED_EDGE('',*,*,#6428,.T.);
#6948=ORIENTED_EDGE('',*,*,#6928,.T.);
#6949=ORIENTED_EDGE('',*,*,#5596,.T.);
#6950=EDGE_LOOP('',(#6946,#6947,#6948,#6949));
#6951=FACE_BOUND('',#6950,.T.);
#6952=ADVANCED_FACE('',(#6951),#6945,.F.);
#6953=CARTESIAN_POINT('',(-11.,-2.,6.75));
#6954=DIRECTION('',(0.,1.,0.));
#6955=DIRECTION('',(-1.,0.,0.));
#6956=AXIS2_PLACEMENT_3D('',#6953,#6954,#6955);
#6957=PLANE('',#6956);
#6958=ORIENTED_EDGE('',*,*,#6935,.F.);
#6959=ORIENTED_EDGE('',*,*,#6602,.T.);
#6960=ORIENTED_EDGE('',*,*,#6727,.T.);
#6961=ORIENTED_EDGE('',*,*,#5613,.T.);
#6962=EDGE_LOOP('',(#6958,#6959,#6960,#6961));
#6963=FACE_BOUND('',#6962,.T.);
#6964=ADVANCED_FACE('',(#6963),#6957,.F.);
#6965=CARTESIAN_POINT('',(8.,8.,6.75));
#6966=DIRECTION('',(0.,-1.,0.));
#6967=DIRECTION('',(1.,0.,0.));
#6968=AXIS2_PLACEMENT_3D('',#6965,#6966,#6967);
#6969=PLANE('',#6968);
#6970=ORIENTED_EDGE('',*,*,#5562,.T.);
#6971=ORIENTED_EDGE('',*,*,#6136,.T.);
#6972=ORIENTED_EDGE('',*,*,#6113,.T.);
#6973=ORIENTED_EDGE('',*,*,#6274,.T.);
#6974=EDGE_LOOP('',(#6970,#6971,#6972,#6973));
#6975=FACE_BOUND('',#6974,.T.);
#6976=ADVANCED_FACE('',(#6975),#6969,.F.);
#6977=CARTESIAN_POINT('',(8.,-8.,6.75));
#6978=DIRECTION('',(-0.,1.,0.));
#6979=DIRECTION('',(-1.,-0.,0.));
#6980=AXIS2_PLACEMENT_3D('',#6977,#6978,#6979);
#6981=PLANE('',#6980);
#6982=ORIENTED_EDGE('',*,*,#6570,.T.);
#6983=ORIENTED_EDGE('',*,*,#6531,.T.);
#6984=ORIENTED_EDGE('',*,*,#5647,.T.);
#6985=ORIENTED_EDGE('',*,*,#6690,.T.);
#6986=EDGE_LOOP('',(#6982,#6983,#6984,#6985));
#6987=FACE_BOUND('',#6986,.T.);
#6988=ADVANCED_FACE('',(#6987),#6981,.F.);
#6989=CARTESIAN_POINT('',(8.,8.,6.75));
#6990=DIRECTION('',(-1.,-0.,0.));
#6991=DIRECTION('',(0.,-1.,0.));
#6992=AXIS2_PLACEMENT_3D('',#6989,#6990,#6991);
#6993=PLANE('',#6992);
#6994=ORIENTED_EDGE('',*,*,#5579,.T.);
#6995=ORIENTED_EDGE('',*,*,#6281,.T.);
#6996=ORIENTED_EDGE('',*,*,#6252,.T.);
#6997=ORIENTED_EDGE('',*,*,#6450,.T.);
#6998=EDGE_LOOP('',(#6994,#6995,#6996,#6997));
#6999=FACE_BOUND('',#6998,.T.);
#7000=ADVANCED_FACE('',(#6999),#6993,.F.);
#7001=CARTESIAN_POINT('',(8.,8.,6.75));
#7002=DIRECTION('',(-1.,-0.,0.));
#7003=DIRECTION('',(0.,-1.,0.));
#7004=AXIS2_PLACEMENT_3D('',#7001,#7002,#7003);
#7005=PLANE('',#7004);
#7006=ORIENTED_EDGE('',*,*,#5630,.T.);
#7007=ORIENTED_EDGE('',*,*,#6734,.T.);
#7008=ORIENTED_EDGE('',*,*,#6705,.T.);
#7009=ORIENTED_EDGE('',*,*,#6683,.T.);
#7010=EDGE_LOOP('',(#7006,#7007,#7008,#7009));
#7011=FACE_BOUND('',#7010,.T.);
#7012=ADVANCED_FACE('',(#7011),#7005,.F.);
#7013=CARTESIAN_POINT('',(-8.,8.,6.75));
#7014=DIRECTION('',(1.,0.,0.));
#7015=DIRECTION('',(-0.,1.,0.));
#7016=AXIS2_PLACEMENT_3D('',#7013,#7014,#7015);
#7017=PLANE('',#7016);
#7018=ORIENTED_EDGE('',*,*,#5947,.T.);
#7019=ORIENTED_EDGE('',*,*,#6129,.T.);
#7020=ORIENTED_EDGE('',*,*,#5545,.T.);
#7021=ORIENTED_EDGE('',*,*,#6043,.T.);
#7022=EDGE_LOOP('',(#7018,#7019,#7020,#7021));
#7023=FACE_BOUND('',#7022,.T.);
#7024=ADVANCED_FACE('',(#7023),#7017,.F.);
#7025=CARTESIAN_POINT('',(-8.,8.,6.75));
#7026=DIRECTION('',(1.,0.,0.));
#7027=DIRECTION('',(-0.,1.,0.));
#7028=AXIS2_PLACEMENT_3D('',#7025,#7026,#7027);
#7029=PLANE('',#7028);
#7030=ORIENTED_EDGE('',*,*,#6403,.T.);
#7031=ORIENTED_EDGE('',*,*,#6364,.T.);
#7032=ORIENTED_EDGE('',*,*,#5664,.T.);
#7033=ORIENTED_EDGE('',*,*,#6538,.T.);
#7034=EDGE_LOOP('',(#7030,#7031,#7032,#7033));
#7035=FACE_BOUND('',#7034,.T.);
#7036=ADVANCED_FACE('',(#7035),#7029,.F.);
#7037=CARTESIAN_POINT('',(0.,0.,6.75));
#7038=DIRECTION('',(0.,0.,-1.));
#7039=DIRECTION('',(0.,1.,0.));
#7040=AXIS2_PLACEMENT_3D('',#7037,#7038,#7039);
#7041=PLANE('',#7040);
#7042=ORIENTED_EDGE('',*,*,#6561,.T.);
#7043=ORIENTED_EDGE('',*,*,#5838,.T.);
#7044=ORIENTED_EDGE('',*,*,#6089,.T.);
#7045=ORIENTED_EDGE('',*,*,#5962,.T.);
#7046=ORIENTED_EDGE('',*,*,#5988,.F.);
#7047=ORIENTED_EDGE('',*,*,#6068,.T.);
#7048=ORIENTED_EDGE('',*,*,#6162,.T.);
#7049=ORIENTED_EDGE('',*,*,#6220,.T.);
#7050=ORIENTED_EDGE('',*,*,#6307,.F.);
#7051=ORIENTED_EDGE('',*,*,#6396,.T.);
#7052=EDGE_LOOP('',(#7042,#7043,#7044,#7045,#7046,#7047,#7048,#7049,#7050,#7051));
#7053=FACE_BOUND('',#7052,.T.);
#7054=CARTESIAN_POINT('',(-9.,0.5,6.75));
#7055=VERTEX_POINT('',#7054);
#7056=CARTESIAN_POINT('',(-9.5,0.,6.75));
#7057=VERTEX_POINT('',#7056);
#7058=CARTESIAN_POINT('',(-9.,0.,6.75));
#7059=DIRECTION('',(-0.,-0.,1.));
#7060=DIRECTION('',(-1.,0.,0.));
#7061=AXIS2_PLACEMENT_3D('',#7058,#7059,#7060);
#7062=CIRCLE('',#7061,0.5);
#7063=EDGE_CURVE('',#7055,#7057,#7062,.T.);
#7064=ORIENTED_EDGE('',*,*,#7063,.F.);
#7065=CARTESIAN_POINT('',(-9.,0.,6.75));
#7066=DIRECTION('',(-0.,-0.,1.));
#7067=DIRECTION('',(-1.,0.,0.));
#7068=AXIS2_PLACEMENT_3D('',#7065,#7066,#7067);
#7069=CIRCLE('',#7068,0.5);
#7070=EDGE_CURVE('',#7057,#7055,#7069,.T.);
#7071=ORIENTED_EDGE('',*,*,#7070,.F.);
#7072=EDGE_LOOP('',(#7064,#7071));
#7073=FACE_BOUND('',#7072,.T.);
#7074=ADVANCED_FACE('',(#7053,#7073),#7041,.F.);
#7075=CARTESIAN_POINT('',(0.,0.,6.75));
#7076=DIRECTION('',(0.,0.,-1.));
#7077=DIRECTION('',(0.,1.,0.));
#7078=AXIS2_PLACEMENT_3D('',#7075,#7076,#7077);
#7079=PLANE('',#7078);
#7080=ORIENTED_EDGE('',*,*,#6098,.T.);
#7081=ORIENTED_EDGE('',*,*,#5864,.T.);
#7082=ORIENTED_EDGE('',*,*,#6554,.T.);
#7083=ORIENTED_EDGE('',*,*,#6712,.T.);
#7084=ORIENTED_EDGE('',*,*,#6668,.F.);
#7085=ORIENTED_EDGE('',*,*,#6609,.T.);
#7086=ORIENTED_EDGE('',*,*,#6516,.T.);
#7087=ORIENTED_EDGE('',*,*,#6435,.T.);
#7088=ORIENTED_EDGE('',*,*,#6349,.F.);
#7089=ORIENTED_EDGE('',*,*,#6259,.T.);
#7090=EDGE_LOOP('',(#7080,#7081,#7082,#7083,#7084,#7085,#7086,#7087,#7088,#7089));
#7091=FACE_BOUND('',#7090,.T.);
#7092=CARTESIAN_POINT('',(9.,0.5,6.75));
#7093=VERTEX_POINT('',#7092);
#7094=CARTESIAN_POINT('',(8.5,0.,6.75));
#7095=VERTEX_POINT('',#7094);
#7096=CARTESIAN_POINT('',(9.,0.,6.75));
#7097=DIRECTION('',(-0.,-0.,1.));
#7098=DIRECTION('',(-1.,0.,0.));
#7099=AXIS2_PLACEMENT_3D('',#7096,#7097,#7098);
#7100=CIRCLE('',#7099,0.5);
#7101=EDGE_CURVE('',#7093,#7095,#7100,.T.);
#7102=ORIENTED_EDGE('',*,*,#7101,.F.);
#7103=CARTESIAN_POINT('',(9.,0.,6.75));
#7104=DIRECTION('',(-0.,-0.,1.));
#7105=DIRECTION('',(-1.,0.,0.));
#7106=AXIS2_PLACEMENT_3D('',#7103,#7104,#7105);
#7107=CIRCLE('',#7106,0.5);
#7108=EDGE_CURVE('',#7095,#7093,#7107,.T.);
#7109=ORIENTED_EDGE('',*,*,#7108,.F.);
#7110=EDGE_LOOP('',(#7102,#7109));
#7111=FACE_BOUND('',#7110,.T.);
#7112=ADVANCED_FACE('',(#7091,#7111),#7079,.F.);
#7113=CARTESIAN_POINT('',(-9.,0.,0.75));
#7114=DIRECTION('',(0.,0.,-1.));
#7115=DIRECTION('',(0.,1.,0.));
#7116=AXIS2_PLACEMENT_3D('',#7113,#7114,#7115);
#7117=CYLINDRICAL_SURFACE('',#7116,0.5);
#7118=CARTESIAN_POINT('',(-9.,0.5,-0.75));
#7119=DIRECTION('',(-0.,-0.,1.));
#7120=VECTOR('',#7119,7.5);
#7121=LINE('',#7118,#7120);
#7122=EDGE_CURVE('',#5176,#7055,#7121,.T.);
#7123=ORIENTED_EDGE('',*,*,#7122,.F.);
#7124=ORIENTED_EDGE('',*,*,#5182,.F.);
#7125=ORIENTED_EDGE('',*,*,#5189,.F.);
#7126=ORIENTED_EDGE('',*,*,#7122,.T.);
#7127=ORIENTED_EDGE('',*,*,#7063,.T.);
#7128=ORIENTED_EDGE('',*,*,#7070,.T.);
#7129=EDGE_LOOP('',(#7123,#7124,#7125,#7126,#7127,#7128));
#7130=FACE_BOUND('',#7129,.T.);
#7131=ADVANCED_FACE('',(#7130),#7117,.F.);
#7132=COLOUR_RGB('',0.250980407,0.250980407,0.250980407);
#7133=FILL_AREA_STYLE_COLOUR('',#7132);
#7134=FILL_AREA_STYLE('',(#7133));
#7135=SURFACE_STYLE_FILL_AREA(#7134);
#7136=SURFACE_SIDE_STYLE('',(#7135));
#7137=SURFACE_STYLE_USAGE(.BOTH.,#7136);
#7138=PRESENTATION_STYLE_ASSIGNMENT((#7137));
#7139=OVER_RIDING_STYLED_ITEM('',(#7138),#7131,#5167);
#7140=CARTESIAN_POINT('',(9.,0.,0.75));
#7141=DIRECTION('',(0.,0.,-1.));
#7142=DIRECTION('',(0.,1.,0.));
#7143=AXIS2_PLACEMENT_3D('',#7140,#7141,#7142);
#7144=CYLINDRICAL_SURFACE('',#7143,0.5);
#7145=CARTESIAN_POINT('',(9.,0.5,-0.75));
#7146=DIRECTION('',(-0.,-0.,1.));
#7147=VECTOR('',#7146,7.5);
#7148=LINE('',#7145,#7147);
#7149=EDGE_CURVE('',#5196,#7093,#7148,.T.);
#7150=ORIENTED_EDGE('',*,*,#7149,.F.);
#7151=ORIENTED_EDGE('',*,*,#5202,.F.);
#7152=ORIENTED_EDGE('',*,*,#5209,.F.);
#7153=ORIENTED_EDGE('',*,*,#7149,.T.);
#7154=ORIENTED_EDGE('',*,*,#7101,.T.);
#7155=ORIENTED_EDGE('',*,*,#7108,.T.);
#7156=EDGE_LOOP('',(#7150,#7151,#7152,#7153,#7154,#7155));
#7157=FACE_BOUND('',#7156,.T.);
#7158=ADVANCED_FACE('',(#7157),#7144,.F.);
#7159=OVER_RIDING_STYLED_ITEM('',(#7138),#7158,#5167);
#7160=CARTESIAN_POINT('',(0.,0.,21.25));
#7161=DIRECTION('',(0.,0.,1.));
#7162=DIRECTION('',(0.,-1.,0.));
#7163=AXIS2_PLACEMENT_3D('',#7160,#7161,#7162);
#7164=CYLINDRICAL_SURFACE('',#7163,7.75);
#7165=CARTESIAN_POINT('',(-0.,-7.75,11.05));
#7166=VERTEX_POINT('',#7165);
#7167=CARTESIAN_POINT('',(0.,-7.75,11.05));
#7168=DIRECTION('',(-0.,0.,-1.));
#7169=VECTOR('',#7168,4.204190766);
#7170=LINE('',#7167,#7169);
#7171=EDGE_CURVE('',#7166,#5907,#7170,.T.);
#7172=ORIENTED_EDGE('',*,*,#7171,.T.);
#7173=ORIENTED_EDGE('',*,*,#5913,.T.);
#7174=ORIENTED_EDGE('',*,*,#5872,.T.);
#7175=ORIENTED_EDGE('',*,*,#5804,.T.);
#7176=ORIENTED_EDGE('',*,*,#5797,.T.);
#7177=ORIENTED_EDGE('',*,*,#5830,.T.);
#7178=ORIENTED_EDGE('',*,*,#5920,.T.);
#7179=ORIENTED_EDGE('',*,*,#7171,.F.);
#7180=CARTESIAN_POINT('',(0.,7.75,11.05));
#7181=VERTEX_POINT('',#7180);
#7182=CARTESIAN_POINT('',(0.,0.,11.05));
#7183=DIRECTION('',(-0.,-0.,-1.));
#7184=DIRECTION('',(1.,0.,-0.));
#7185=AXIS2_PLACEMENT_3D('',#7182,#7183,#7184);
#7186=CIRCLE('',#7185,7.75);
#7187=EDGE_CURVE('',#7166,#7181,#7186,.T.);
#7188=ORIENTED_EDGE('',*,*,#7187,.T.);
#7189=CARTESIAN_POINT('',(7.75,-0.,11.05));
#7190=VERTEX_POINT('',#7189);
#7191=CARTESIAN_POINT('',(0.,0.,11.05));
#7192=DIRECTION('',(-0.,-0.,-1.));
#7193=DIRECTION('',(1.,0.,-0.));
#7194=AXIS2_PLACEMENT_3D('',#7191,#7192,#7193);
#7195=CIRCLE('',#7194,7.75);
#7196=EDGE_CURVE('',#7181,#7190,#7195,.T.);
#7197=ORIENTED_EDGE('',*,*,#7196,.T.);
#7198=CARTESIAN_POINT('',(0.,0.,11.05));
#7199=DIRECTION('',(-0.,-0.,-1.));
#7200=DIRECTION('',(1.,0.,-0.));
#7201=AXIS2_PLACEMENT_3D('',#7198,#7199,#7200);
#7202=CIRCLE('',#7201,7.75);
#7203=EDGE_CURVE('',#7190,#7166,#7202,.T.);
#7204=ORIENTED_EDGE('',*,*,#7203,.T.);
#7205=EDGE_LOOP('',(#7172,#7173,#7174,#7175,#7176,#7177,#7178,#7179,#7188,#7197,#7204));
#7206=FACE_BOUND('',#7205,.T.);
#7207=ADVANCED_FACE('',(#7206),#7164,.T.);
#7208=CARTESIAN_POINT('',(0.,0.,-2.01875));
#7209=DIRECTION('',(-0.,1.,0.));
#7210=DIRECTION('',(1.,0.,0.));
#7211=AXIS2_PLACEMENT_3D('',#7208,#7209,#7210);
#7212=SPHERICAL_SURFACE('',#7211,23.26875);
#7213=ORIENTED_EDGE('',*,*,#6848,.T.);
#7214=EDGE_LOOP('',(#7213));
#7215=FACE_BOUND('',#7214,.T.);
#7216=ADVANCED_FACE('',(#7215),#7212,.T.);
#7217=OVER_RIDING_STYLED_ITEM('',(#1338),#7216,#5167);
#7218=CARTESIAN_POINT('',(0.,0.,21.25));
#7219=DIRECTION('',(0.,0.,1.));
#7220=DIRECTION('',(0.,-1.,0.));
#7221=AXIS2_PLACEMENT_3D('',#7218,#7219,#7220);
#7222=CYLINDRICAL_SURFACE('',#7221,7.);
#7223=CARTESIAN_POINT('',(-0.,-7.,20.45));
#7224=VERTEX_POINT('',#7223);
#7225=CARTESIAN_POINT('',(-0.,-7.,17.45));
#7226=VERTEX_POINT('',#7225);
#7227=CARTESIAN_POINT('',(0.,-7.,20.45));
#7228=DIRECTION('',(-0.,0.,-1.));
#7229=VECTOR('',#7228,3.);
#7230=LINE('',#7227,#7229);
#7231=EDGE_CURVE('',#7224,#7226,#7230,.T.);
#7232=ORIENTED_EDGE('',*,*,#7231,.T.);
#7233=CARTESIAN_POINT('',(7.,-0.,17.45));
#7234=VERTEX_POINT('',#7233);
#7235=CARTESIAN_POINT('',(0.,0.,17.45));
#7236=DIRECTION('',(0.,0.,1.));
#7237=DIRECTION('',(1.,0.,-0.));
#7238=AXIS2_PLACEMENT_3D('',#7235,#7236,#7237);
#7239=CIRCLE('',#7238,7.);
#7240=EDGE_CURVE('',#7226,#7234,#7239,.T.);
#7241=ORIENTED_EDGE('',*,*,#7240,.T.);
#7242=CARTESIAN_POINT('',(0.,0.,17.45));
#7243=DIRECTION('',(0.,0.,1.));
#7244=DIRECTION('',(1.,0.,-0.));
#7245=AXIS2_PLACEMENT_3D('',#7242,#7243,#7244);
#7246=CIRCLE('',#7245,7.);
#7247=EDGE_CURVE('',#7234,#7226,#7246,.T.);
#7248=ORIENTED_EDGE('',*,*,#7247,.T.);
#7249=ORIENTED_EDGE('',*,*,#7231,.F.);
#7250=CARTESIAN_POINT('',(0.,7.,20.45));
#7251=VERTEX_POINT('',#7250);
#7252=CARTESIAN_POINT('',(0.,0.,20.45));
#7253=DIRECTION('',(-0.,-0.,-1.));
#7254=DIRECTION('',(1.,0.,-0.));
#7255=AXIS2_PLACEMENT_3D('',#7252,#7253,#7254);
#7256=CIRCLE('',#7255,7.);
#7257=EDGE_CURVE('',#7224,#7251,#7256,.T.);
#7258=ORIENTED_EDGE('',*,*,#7257,.T.);
#7259=CARTESIAN_POINT('',(7.,-0.,20.45));
#7260=VERTEX_POINT('',#7259);
#7261=CARTESIAN_POINT('',(0.,0.,20.45));
#7262=DIRECTION('',(-0.,-0.,-1.));
#7263=DIRECTION('',(1.,0.,-0.));
#7264=AXIS2_PLACEMENT_3D('',#7261,#7262,#7263);
#7265=CIRCLE('',#7264,7.);
#7266=EDGE_CURVE('',#7251,#7260,#7265,.T.);
#7267=ORIENTED_EDGE('',*,*,#7266,.T.);
#7268=CARTESIAN_POINT('',(0.,0.,20.45));
#7269=DIRECTION('',(-0.,-0.,-1.));
#7270=DIRECTION('',(1.,0.,-0.));
#7271=AXIS2_PLACEMENT_3D('',#7268,#7269,#7270);
#7272=CIRCLE('',#7271,7.);
#7273=EDGE_CURVE('',#7260,#7224,#7272,.T.);
#7274=ORIENTED_EDGE('',*,*,#7273,.T.);
#7275=EDGE_LOOP('',(#7232,#7241,#7248,#7249,#7258,#7267,#7274));
#7276=FACE_BOUND('',#7275,.T.);
#7277=ADVANCED_FACE('',(#7276),#7222,.T.);
#7278=CARTESIAN_POINT('',(0.,0.,21.25));
#7279=DIRECTION('',(0.,0.,1.));
#7280=DIRECTION('',(0.,-1.,0.));
#7281=AXIS2_PLACEMENT_3D('',#7278,#7279,#7280);
#7282=CYLINDRICAL_SURFACE('',#7281,6.);
#7283=CARTESIAN_POINT('',(0.,-6.,17.25));
#7284=DIRECTION('',(-0.,0.,-1.));
#7285=VECTOR('',#7284,6.);
#7286=LINE('',#7283,#7285);
#7287=EDGE_CURVE('',#6793,#6745,#7286,.T.);
#7288=ORIENTED_EDGE('',*,*,#7287,.T.);
#7289=ORIENTED_EDGE('',*,*,#6753,.T.);
#7290=ORIENTED_EDGE('',*,*,#6760,.T.);
#7291=ORIENTED_EDGE('',*,*,#7287,.F.);
#7292=ORIENTED_EDGE('',*,*,#6799,.F.);
#7293=ORIENTED_EDGE('',*,*,#6806,.F.);
#7294=EDGE_LOOP('',(#7288,#7289,#7290,#7291,#7292,#7293));
#7295=FACE_BOUND('',#7294,.T.);
#7296=ADVANCED_FACE('',(#7295),#7282,.T.);
#7297=CARTESIAN_POINT('',(0.,0.,20.45));
#7298=DIRECTION('',(0.,0.,-1.));
#7299=DIRECTION('',(0.,1.,0.));
#7300=AXIS2_PLACEMENT_3D('',#7297,#7298,#7299);
#7301=TOROIDAL_SURFACE('',#7300,6.8,0.2);
#7302=CARTESIAN_POINT('',(0.,6.8,20.45));
#7303=DIRECTION('',(1.,-0.,-0.));
#7304=DIRECTION('',(0.,1.,0.));
#7305=AXIS2_PLACEMENT_3D('',#7302,#7303,#7304);
#7306=CIRCLE('',#7305,0.2);
#7307=EDGE_CURVE('',#7251,#6855,#7306,.T.);
#7308=ORIENTED_EDGE('',*,*,#7307,.T.);
#7309=ORIENTED_EDGE('',*,*,#6861,.F.);
#7310=ORIENTED_EDGE('',*,*,#6868,.F.);
#7311=ORIENTED_EDGE('',*,*,#7307,.F.);
#7312=ORIENTED_EDGE('',*,*,#7257,.F.);
#7313=ORIENTED_EDGE('',*,*,#7273,.F.);
#7314=ORIENTED_EDGE('',*,*,#7266,.F.);
#7315=EDGE_LOOP('',(#7308,#7309,#7310,#7311,#7312,#7313,#7314));
#7316=FACE_BOUND('',#7315,.T.);
#7317=ADVANCED_FACE('',(#7316),#7301,.T.);
#7318=CARTESIAN_POINT('',(0.,0.,17.45));
#7319=DIRECTION('',(0.,0.,1.));
#7320=DIRECTION('',(0.,-1.,0.));
#7321=AXIS2_PLACEMENT_3D('',#7318,#7319,#7320);
#7322=TOROIDAL_SURFACE('',#7321,6.8,0.2);
#7323=CARTESIAN_POINT('',(0.,-6.8,17.45));
#7324=DIRECTION('',(1.,-0.,-0.));
#7325=DIRECTION('',(0.,-1.,0.));
#7326=AXIS2_PLACEMENT_3D('',#7323,#7324,#7325);
#7327=CIRCLE('',#7326,0.2);
#7328=EDGE_CURVE('',#7226,#6813,#7327,.T.);
#7329=ORIENTED_EDGE('',*,*,#7328,.T.);
#7330=ORIENTED_EDGE('',*,*,#6819,.F.);
#7331=ORIENTED_EDGE('',*,*,#6826,.F.);
#7332=ORIENTED_EDGE('',*,*,#7328,.F.);
#7333=ORIENTED_EDGE('',*,*,#7247,.F.);
#7334=ORIENTED_EDGE('',*,*,#7240,.F.);
#7335=EDGE_LOOP('',(#7329,#7330,#7331,#7332,#7333,#7334));
#7336=FACE_BOUND('',#7335,.T.);
#7337=ADVANCED_FACE('',(#7336),#7322,.T.);
#7338=CARTESIAN_POINT('',(0.,0.,11.05));
#7339=DIRECTION('',(0.,0.,-1.));
#7340=DIRECTION('',(0.,1.,0.));
#7341=AXIS2_PLACEMENT_3D('',#7338,#7339,#7340);
#7342=TOROIDAL_SURFACE('',#7341,7.55,0.2);
#7343=CARTESIAN_POINT('',(0.,7.55,11.05));
#7344=DIRECTION('',(1.,-0.,-0.));
#7345=DIRECTION('',(0.,1.,0.));
#7346=AXIS2_PLACEMENT_3D('',#7343,#7344,#7345);
#7347=CIRCLE('',#7346,0.2);
#7348=EDGE_CURVE('',#7181,#6767,#7347,.T.);
#7349=ORIENTED_EDGE('',*,*,#7348,.T.);
#7350=ORIENTED_EDGE('',*,*,#6773,.F.);
#7351=ORIENTED_EDGE('',*,*,#6780,.F.);
#7352=ORIENTED_EDGE('',*,*,#7348,.F.);
#7353=ORIENTED_EDGE('',*,*,#7187,.F.);
#7354=ORIENTED_EDGE('',*,*,#7203,.F.);
#7355=ORIENTED_EDGE('',*,*,#7196,.F.);
#7356=EDGE_LOOP('',(#7349,#7350,#7351,#7352,#7353,#7354,#7355));
#7357=FACE_BOUND('',#7356,.T.);
#7358=ADVANCED_FACE('',(#7357),#7342,.T.);
#7359=CARTESIAN_POINT('',(15.,-0.,24.25));
#7360=DIRECTION('',(-1.,0.,0.));
#7361=DIRECTION('',(-0.,-1.,0.));
#7362=AXIS2_PLACEMENT_3D('',#7359,#7360,#7361);
#7363=PLANE('',#7362);
#7364=ORIENTED_EDGE('',*,*,#5736,.T.);
#7365=ORIENTED_EDGE('',*,*,#5413,.T.);
#7366=ORIENTED_EDGE('',*,*,#5246,.T.);
#7367=ORIENTED_EDGE('',*,*,#5444,.F.);
#7368=EDGE_LOOP('',(#7364,#7365,#7366,#7367));
#7369=FACE_BOUND('',#7368,.T.);
#7370=ADVANCED_FACE('',(#7369),#7363,.F.);
#7371=OVER_RIDING_STYLED_ITEM('',(#5353),#7370,#5167);
#7372=CARTESIAN_POINT('',(-15.,-0.,24.25));
#7373=DIRECTION('',(-1.,0.,0.));
#7374=DIRECTION('',(-0.,-1.,0.));
#7375=AXIS2_PLACEMENT_3D('',#7372,#7373,#7374);
#7376=PLANE('',#7375);
#7377=ORIENTED_EDGE('',*,*,#5503,.T.);
#7378=ORIENTED_EDGE('',*,*,#5296,.F.);
#7379=ORIENTED_EDGE('',*,*,#5381,.F.);
#7380=ORIENTED_EDGE('',*,*,#5713,.F.);
#7381=EDGE_LOOP('',(#7377,#7378,#7379,#7380));
#7382=FACE_BOUND('',#7381,.T.);
#7383=ADVANCED_FACE('',(#7382),#7376,.T.);
#7384=OVER_RIDING_STYLED_ITEM('',(#5353),#7383,#5167);
#7385=CARTESIAN_POINT('',(-12.,12.5,-0.75));
#7386=DIRECTION('',(0.,0.,1.));
#7387=DIRECTION('',(1.,0.,-0.));
#7388=AXIS2_PLACEMENT_3D('',#7385,#7386,#7387);
#7389=CYLINDRICAL_SURFACE('',#7388,1.6);
#7390=ORIENTED_EDGE('',*,*,#5471,.T.);
#7391=ORIENTED_EDGE('',*,*,#5311,.F.);
#7392=ORIENTED_EDGE('',*,*,#5494,.T.);
#7393=ORIENTED_EDGE('',*,*,#5706,.F.);
#7394=EDGE_LOOP('',(#7390,#7391,#7392,#7393));
#7395=FACE_BOUND('',#7394,.T.);
#7396=ADVANCED_FACE('',(#7395),#7389,.F.);
#7397=OVER_RIDING_STYLED_ITEM('',(#5353),#7396,#5167);
#7398=CARTESIAN_POINT('',(12.,12.5,-0.75));
#7399=DIRECTION('',(0.,0.,1.));
#7400=DIRECTION('',(1.,0.,-0.));
#7401=AXIS2_PLACEMENT_3D('',#7398,#7399,#7400);
#7402=CYLINDRICAL_SURFACE('',#7401,1.6);
#7403=ORIENTED_EDGE('',*,*,#5430,.T.);
#7404=ORIENTED_EDGE('',*,*,#5230,.F.);
#7405=ORIENTED_EDGE('',*,*,#5462,.T.);
#7406=ORIENTED_EDGE('',*,*,#5698,.F.);
#7407=EDGE_LOOP('',(#7403,#7404,#7405,#7406));
#7408=FACE_BOUND('',#7407,.T.);
#7409=ADVANCED_FACE('',(#7408),#7402,.F.);
#7410=OVER_RIDING_STYLED_ITEM('',(#5353),#7409,#5167);
#7411=CARTESIAN_POINT('',(12.,-12.5,-0.75));
#7412=DIRECTION('',(0.,0.,1.));
#7413=DIRECTION('',(1.,0.,-0.));
#7414=AXIS2_PLACEMENT_3D('',#7411,#7412,#7413);
#7415=CYLINDRICAL_SURFACE('',#7414,1.6);
#7416=ORIENTED_EDGE('',*,*,#5729,.F.);
#7417=ORIENTED_EDGE('',*,*,#5342,.F.);
#7418=ORIENTED_EDGE('',*,*,#5263,.F.);
#7419=ORIENTED_EDGE('',*,*,#5406,.F.);
#7420=EDGE_LOOP('',(#7416,#7417,#7418,#7419));
#7421=FACE_BOUND('',#7420,.T.);
#7422=ADVANCED_FACE('',(#7421),#7415,.F.);
#7423=OVER_RIDING_STYLED_ITEM('',(#5353),#7422,#5167);
#7424=CARTESIAN_POINT('',(-12.,-12.5,-0.75));
#7425=DIRECTION('',(0.,0.,1.));
#7426=DIRECTION('',(1.,0.,-0.));
#7427=AXIS2_PLACEMENT_3D('',#7424,#7425,#7426);
#7428=CYLINDRICAL_SURFACE('',#7427,1.6);
#7429=ORIENTED_EDGE('',*,*,#5721,.F.);
#7430=ORIENTED_EDGE('',*,*,#5367,.F.);
#7431=ORIENTED_EDGE('',*,*,#5280,.F.);
#7432=ORIENTED_EDGE('',*,*,#5335,.F.);
#7433=EDGE_LOOP('',(#7429,#7430,#7431,#7432));
#7434=FACE_BOUND('',#7433,.T.);
#7435=ADVANCED_FACE('',(#7434),#7428,.F.);
#7436=OVER_RIDING_STYLED_ITEM('',(#5353),#7435,#5167);
#7437=CLOSED_SHELL('',(#5315,#5346,#5385,#5417,#5449,#5481,#5513,#5740,#5808,#5842,#5876,#5924,#5966,#6000,#6025,#6047,#6079,#6118,#6140,#6174,#6199,#6231,#6263,#6285,#6319,#6353,
#6375,#6407,#6439,#6461,#6486,#6520,#6542,#6581,#6613,#6638,#6672,#6694,#6716,#6738,#6784,#6830,#6872,#6894,#6906,#6918,#6940,#6952,#6964,#6976,#6988,
#7000,#7012,#7024,#7036,#7074,#7112,#7131,#7158,#7207,#7216,#7277,#7296,#7317,#7337,#7358,#7370,#7383,#7396,#7409,#7422,#7435));
#7438=MANIFOLD_SOLID_BREP('ELP-USBFHD01M-L21',#7437);
#5167=STYLED_ITEM('',(#561),#7438);
#5148=SHAPE_REPRESENTATION('ELP-USBFHD01M-L21',(#15),#5146);
#5149=ADVANCED_BREP_SHAPE_REPRESENTATION('ELP-USBFHD01M-L21',(#7438),#5146);
#7446=SHAPE_REPRESENTATION_RELATIONSHIP('','',#5148,#5149);
#5156=PRODUCT('ELP-USBFHD01M-L21','ELP-USBFHD01M-L21','',(#661));
#7447=PRODUCT_RELATED_PRODUCT_CATEGORY('part','',(#5156));
#7448=PRODUCT_DEFINITION_FORMATION_WITH_SPECIFIED_SOURCE('','',#5156,.NOT_KNOWN.);
#5157=PRODUCT_DEFINITION('design','',#7448,#662);
#5155=PRODUCT_DEFINITION_SHAPE('','',#5157);
#7449=SHAPE_DEFINITION_REPRESENTATION(#5155,#5148);
#5147=DRAUGHTING_MODEL('',(),#5146);
#35=SHAPE_REPRESENTATION('DFRobot - 0.3MP USB Camera - DFRobot - 0.3MP USB Camera.step',(#15,#76,#688,#1285,#5161),#33);
#43=PRODUCT('DFRobot - 0.3MP USB Camera - DFRobot - 0.3MP USB Camera.step','DFRobot - 0.3MP USB Camera - DFRobot - 0.3MP USB Camera.step','',(#661));
#7450=PRODUCT_RELATED_PRODUCT_CATEGORY('part','',(#43));
#7451=PRODUCT_DEFINITION_FORMATION_WITH_SPECIFIED_SOURCE('','',#43,.NOT_KNOWN.);
#44=PRODUCT_DEFINITION('design','',#7451,#662);
#42=PRODUCT_DEFINITION_SHAPE('','',#44);
#7452=SHAPE_DEFINITION_REPRESENTATION(#42,#35);
#34=DRAUGHTING_MODEL('',(),#33);
#16=SHAPE_REPRESENTATION('root',(#15,#48),#10);
#24=PRODUCT('root','root','',(#661));
#7453=PRODUCT_RELATED_PRODUCT_CATEGORY('part','',(#24));
#7454=PRODUCT_DEFINITION_FORMATION_WITH_SPECIFIED_SOURCE('','',#24,.NOT_KNOWN.);
#25=PRODUCT_DEFINITION('design','',#7454,#662);
#23=PRODUCT_DEFINITION_SHAPE('','',#25);
#7455=SHAPE_DEFINITION_REPRESENTATION(#23,#16);
#11=DRAUGHTING_MODEL('',(),#10);
#1=MECHANICAL_DESIGN_GEOMETRIC_PRESENTATION_REPRESENTATION('',(#562,#641,#82,#855,#1054,#1097,#1170,#1249,#694,#1339,#1380,#1428,#1485,#1549,#1757,#1791,#1848,#1905,#1985,#2018,#2051,#2138,#2202,#2323,#2340,#2364,
#2444,#2461,#2485,#2565,#2582,#2599,#2642,#2699,#2722,#2749,#3732,#3750,#3768,#3781,#3798,#3822,#3842,#3868,#4089,#4106,#4126,#4146,#4367,#4384,#4404,
#4424,#4652,#4669,#4689,#4715,#4943,#4962,#4980,#4994,#5018,#5037,#5056,#5069,#5087,#5105,#5118,#1291,#5354,#5386,#5418,#5450,#5482,#5514,#7139,#7159,
#7217,#7371,#7384,#7397,#7410,#7423,#7436,#5167),#10);
ENDSEC;
END-ISO-10303-21;
